全国地方公共団体コード,ID,地方公共団体名,施設名称,施設名称_カナ,施設名称_英字,スペース名称,スペース名称_カナ,スペース名称_英字,所在地_全国地方公共団体コード,町字ID,所在地_連結表記,所在地_都道府県,所在地_市区町村,所在地_町字,所在地_番地以下,建物名等(方書),緯度,経度,高度の種別,高度の値,電話番号,内線番号,連絡先メールアドレス,連絡先FormURL,連絡先備考（その他、SNSなど）,郵便番号,法人番号,団体名,利用可能曜日,開始時間,終了時間,利用可能時間特記事項,説明,車椅子可,車椅子貸出,ツエ貸出,バリアフリートイレ,スロープ、エレベータ、エスカレータ,点字ブロック等の移動支援,点字や読上による支援,盲導犬・介助犬、聴導犬同伴,筆談対応,優先駐車場,オストメイト対応トイレ,授乳室,おむつ替えコーナー,ベビーカー貸出,ベビーカー利用,最大収容人数,面積,机の数,椅子の数,電源口数,音響設備の有無,Wi-Fiの有無,基本料金(円/時間),半日料金,1日料金,料金特記事項,最小利用時間,最大利用時間,予約方法,予約URL,予約電話番号,予約メールアドレス,予約可能最短日,予約可能最長日,即時予約可,駐車場情報,飲食可否,飲食の可否の特記事項,URL,画像,画像_ライセンス,図面,利用規約,キャンセル規定,備考
131237,AA0010000001,東京都江戸川区,松江コミュニティ会館,マツエコミュニティカイカン,,ホール,ホール,,,,江戸川区松江７－５－１２,,,,,,,,,,,,,,,,,,,09:00,21:30,,,,,,,,,,,,,,,,,,,,,,,,,,,,,,,インターネット,https://www.shisetsuyoyaku.city.edogawa.tokyo.jp/user/Home,,,,,,,,,,,,,,,
131237,AA0010000002,東京都江戸川区,松江コミュニティ会館,マツエコミュニティカイカン,,集会室第1,シュウカイシツダイ１,,,,江戸川区松江７－５－１２,,,,,,,,,,,,,,,,,,,09:00,21:30,,,,,,,,,,,,,,,,,,,,,,,,,,,,,,,インターネット,https://www.shisetsuyoyaku.city.edogawa.tokyo.jp/user/Home,,,,,,,,,,,,,,,
131237,AA0010000003,東京都江戸川区,松江コミュニティ会館,マツエコミュニティカイカン,,集会室第2,シュウカイシツダイ２,,,,江戸川区松江７－５－１２,,,,,,,,,,,,,,,,,,,09:00,21:30,,,,,,,,,,,,,,,,,,,,,,,,,,,,,,,インターネット,https://www.shisetsuyoyaku.city.edogawa.tokyo.jp/user/Home,,,,,,,,,,,,,,,
131237,AA0010000004,東京都江戸川区,松江コミュニティ会館,マツエコミュニティカイカン,,集会室第3,シュウカイシツダイ３,,,,江戸川区松江７－５－１２,,,,,,,,,,,,,,,,,,,09:00,21:30,,,,,,,,,,,,,,,,,,,,,,,,,,,,,,,インターネット,https://www.shisetsuyoyaku.city.edogawa.tokyo.jp/user/Home,,,,,,,,,,,,,,,
131237,AA0010000005,東京都江戸川区,松江コミュニティ会館,マツエコミュニティカイカン,,集会室第4,シュウカイシツダイ４,,,,江戸川区松江７－５－１２,,,,,,,,,,,,,,,,,,,09:00,21:30,,,,,,,,,,,,,,,,,,,,,,,,,,,,,,,インターネット,https://www.shisetsuyoyaku.city.edogawa.tokyo.jp/user/Home,,,,,,,,,,,,,,,
131237,AA0010000006,東京都江戸川区,松江コミュニティ会館,マツエコミュニティカイカン,,和室,ワシツ,,,,江戸川区松江７－５－１２,,,,,,,,,,,,,,,,,,,09:00,21:30,,,,,,,,,,,,,,,,,,,,,,,,,,,,,,,インターネット,https://www.shisetsuyoyaku.city.edogawa.tokyo.jp/user/Home,,,,,,,,,,,,,,,
131237,AA0010000007,東京都江戸川区,松江コミュニティ会館,マツエコミュニティカイカン,,音楽室,オンガクシツ,,,,江戸川区松江７－５－１２,,,,,,,,,,,,,,,,,,,09:00,21:30,,,,,,,,,,,,,,,,,,,,,,,,,,,,,,,インターネット,https://www.shisetsuyoyaku.city.edogawa.tokyo.jp/user/Home,,,,,,,,,,,,,,,
131237,AA0010000008,東京都江戸川区,一之江コミュニティ会館,イチノエコミュニティカイカン,,スポーツルーム,スポーツルーム,,,,江戸川区一之江２－６－１５,,,,,,,,,,,,,,,,,,,09:00,21:30,,,,,,,,,,,,,,,,,,,,,,,,,,,,,,,インターネット,https://www.shisetsuyoyaku.city.edogawa.tokyo.jp/user/Home,,,,,,,,,,,,,,,
131237,AA0010000009,東京都江戸川区,一之江コミュニティ会館,イチノエコミュニティカイカン,,集会室第1,シュウカイシツダイ１,,,,江戸川区一之江２－６－１５,,,,,,,,,,,,,,,,,,,09:00,21:30,,,,,,,,,,,,,,,,,,,,,,,,,,,,,,,インターネット,https://www.shisetsuyoyaku.city.edogawa.tokyo.jp/user/Home,,,,,,,,,,,,,,,
131237,AA0010000010,東京都江戸川区,一之江コミュニティ会館,イチノエコミュニティカイカン,,集会室第2,シュウカイシツダイ２,,,,江戸川区一之江２－６－１５,,,,,,,,,,,,,,,,,,,09:00,21:30,,,,,,,,,,,,,,,,,,,,,,,,,,,,,,,インターネット,https://www.shisetsuyoyaku.city.edogawa.tokyo.jp/user/Home,,,,,,,,,,,,,,,
131237,AA0010000011,東京都江戸川区,一之江コミュニティ会館,イチノエコミュニティカイカン,,集会室第3,シュウカイシツダイ３,,,,江戸川区一之江２－６－１５,,,,,,,,,,,,,,,,,,,09:00,21:30,,,,,,,,,,,,,,,,,,,,,,,,,,,,,,,インターネット,https://www.shisetsuyoyaku.city.edogawa.tokyo.jp/user/Home,,,,,,,,,,,,,,,
131237,AA0010000012,東京都江戸川区,一之江コミュニティ会館,イチノエコミュニティカイカン,,和室,ワシツ,,,,江戸川区一之江２－６－１５,,,,,,,,,,,,,,,,,,,09:00,21:30,,,,,,,,,,,,,,,,,,,,,,,,,,,,,,,インターネット,https://www.shisetsuyoyaku.city.edogawa.tokyo.jp/user/Home,,,,,,,,,,,,,,,
131237,AA0010000013,東京都江戸川区,コミュニティプラザ一之江,コミュニティプラザイチノエ,,集会室第1,シュウカイシツダイ１,,,,江戸川区一之江７－３５－２２,,,,,,,,,,,,,,,,,,,09:00,21:30,,,,,,,,,,,,,,,,,,,,,,,,,,,,,,,インターネット,https://www.shisetsuyoyaku.city.edogawa.tokyo.jp/user/Home,,,,,,,,,,,,,,,
131237,AA0010000014,東京都江戸川区,コミュニティプラザ一之江,コミュニティプラザイチノエ,,集会室第2,シュウカイシツダイ2,,,,江戸川区一之江７－３５－２２,,,,,,,,,,,,,,,,,,,09:00,21:30,,,,,,,,,,,,,,,,,,,,,,,,,,,,,,,インターネット,https://www.shisetsuyoyaku.city.edogawa.tokyo.jp/user/Home,,,,,,,,,,,,,,,
131237,AA0010000015,東京都江戸川区,コミュニティプラザ一之江,コミュニティプラザイチノエ,,集会室第3,シュウカイシツダイ3,,,,江戸川区一之江７－３５－２２,,,,,,,,,,,,,,,,,,,09:00,21:30,,,,,,,,,,,,,,,,,,,,,,,,,,,,,,,インターネット,https://www.shisetsuyoyaku.city.edogawa.tokyo.jp/user/Home,,,,,,,,,,,,,,,
131237,AA0010000016,東京都江戸川区,コミュニティプラザ一之江,コミュニティプラザイチノエ,,集会室第4,シュウカイシツダイ４,,,,江戸川区一之江７－３５－２２,,,,,,,,,,,,,,,,,,,09:00,21:30,,,,,,,,,,,,,,,,,,,,,,,,,,,,,,,インターネット,https://www.shisetsuyoyaku.city.edogawa.tokyo.jp/user/Home,,,,,,,,,,,,,,,
131237,AA0010000017,東京都江戸川区,コミュニティプラザ一之江,コミュニティプラザイチノエ,,スポーツルーム,スポーツルーム,,,,江戸川区一之江７－３５－２２,,,,,,,,,,,,,,,,,,,09:00,21:30,,,,,,,,,,,,,,,,,,,,,,,,,,,,,,,インターネット,https://www.shisetsuyoyaku.city.edogawa.tokyo.jp/user/Home,,,,,,,,,,,,,,,
131237,AA0010000018,東京都江戸川区,コミュニティプラザ一之江,コミュニティプラザイチノエ,,和室,ワシツ,,,,江戸川区一之江７－３５－２２,,,,,,,,,,,,,,,,,,,09:00,21:30,,,,,,,,,,,,,,,,,,,,,,,,,,,,,,,インターネット,https://www.shisetsuyoyaku.city.edogawa.tokyo.jp/user/Home,,,,,,,,,,,,,,,
131237,AA0010000019,東京都江戸川区,松江区民プラザ,マツエクミンプラザ,,スポーツルーム,スポーツルーム,,,,江戸川区松江２－１－１０,,,,,,,,,,,,,,,,,,,09:00,21:30,,,,,,,,,,,,,,,,,,,,,,,,,,,,,,,インターネット,https://www.shisetsuyoyaku.city.edogawa.tokyo.jp/user/Home,,,,,,,,,,,,,,,
131237,AA0010000020,東京都江戸川区,松江区民プラザ,マツエクミンプラザ,,集会室第1,シュウカイシツダイ１,,,,江戸川区松江２－１－１０,,,,,,,,,,,,,,,,,,,09:00,21:30,,,,,,,,,,,,,,,,,,,,,,,,,,,,,,,インターネット,https://www.shisetsuyoyaku.city.edogawa.tokyo.jp/user/Home,,,,,,,,,,,,,,,
131237,AA0010000021,東京都江戸川区,松江区民プラザ,マツエクミンプラザ,,集会室第2,シュウカイシツダイ２,,,,江戸川区松江２－１－１０,,,,,,,,,,,,,,,,,,,09:00,21:30,,,,,,,,,,,,,,,,,,,,,,,,,,,,,,,インターネット,https://www.shisetsuyoyaku.city.edogawa.tokyo.jp/user/Home,,,,,,,,,,,,,,,
131237,AA0010000022,東京都江戸川区,松江区民プラザ,マツエクミンプラザ,,集会室第3,シュウカイシツダイ３,,,,江戸川区松江２－１－１０,,,,,,,,,,,,,,,,,,,09:00,21:30,,,,,,,,,,,,,,,,,,,,,,,,,,,,,,,インターネット,https://www.shisetsuyoyaku.city.edogawa.tokyo.jp/user/Home,,,,,,,,,,,,,,,
131237,AA0010000023,東京都江戸川区,松江区民プラザ,マツエクミンプラザ,,集会室第4,シュウカイシツダイ４,,,,江戸川区松江２－１－１０,,,,,,,,,,,,,,,,,,,09:00,21:30,,,,,,,,,,,,,,,,,,,,,,,,,,,,,,,インターネット,https://www.shisetsuyoyaku.city.edogawa.tokyo.jp/user/Home,,,,,,,,,,,,,,,
131237,AA0010000024,東京都江戸川区,松江区民プラザ,マツエクミンプラザ,,音楽室,オンガクシツ,,,,江戸川区松江２－１－１０,,,,,,,,,,,,,,,,,,,09:00,21:30,,,,,,,,,,,,,,,,,,,,,,,,,,,,,,,インターネット,https://www.shisetsuyoyaku.city.edogawa.tokyo.jp/user/Home,,,,,,,,,,,,,,,
131237,AA0010000025,東京都江戸川区,松江区民プラザ,マツエクミンプラザ,,和室,ワシツ,,,,江戸川区松江２－１－１０,,,,,,,,,,,,,,,,,,,09:00,21:30,,,,,,,,,,,,,,,,,,,,,,,,,,,,,,,インターネット,https://www.shisetsuyoyaku.city.edogawa.tokyo.jp/user/Home,,,,,,,,,,,,,,,
131237,AA0010000026,東京都江戸川区,松島コミュニティ会館,マツシマコミュニティカイカン,,集会室第1,シュウカイシツダイ１,,,,江戸川区松島４－２５－６,,,,,,,,,,,,,,,,,,,09:00,21:30,,,,,,,,,,,,,,,,,,,,,,,,,,,,,,,インターネット,https://www.shisetsuyoyaku.city.edogawa.tokyo.jp/user/Home,,,,,,,,,,,,,,,
131237,AA0010000027,東京都江戸川区,松島コミュニティ会館,マツシマコミュニティカイカン,,集会室第2,シュウカイシツダイ２,,,,江戸川区松島４－２５－６,,,,,,,,,,,,,,,,,,,09:00,21:30,,,,,,,,,,,,,,,,,,,,,,,,,,,,,,,インターネット,https://www.shisetsuyoyaku.city.edogawa.tokyo.jp/user/Home,,,,,,,,,,,,,,,
131237,AA0010000028,東京都江戸川区,松島コミュニティ会館,マツシマコミュニティカイカン,,集会室第3,シュウカイシツダイ３,,,,江戸川区松島４－２５－６,,,,,,,,,,,,,,,,,,,09:00,21:30,,,,,,,,,,,,,,,,,,,,,,,,,,,,,,,インターネット,https://www.shisetsuyoyaku.city.edogawa.tokyo.jp/user/Home,,,,,,,,,,,,,,,
131237,AA0010000029,東京都江戸川区,松島コミュニティ会館,マツシマコミュニティカイカン,,音楽室第1,オンガクシツダイ１,,,,江戸川区松島４－２５－６,,,,,,,,,,,,,,,,,,,09:00,21:30,,,,,,,,,,,,,,,,,,,,,,,,,,,,,,,インターネット,https://www.shisetsuyoyaku.city.edogawa.tokyo.jp/user/Home,,,,,,,,,,,,,,,
131237,AA0010000030,東京都江戸川区,松島コミュニティ会館,マツシマコミュニティカイカン,,音楽室第2,オンガクシツダイ2,,,,江戸川区松島４－２５－６,,,,,,,,,,,,,,,,,,,09:00,21:30,,,,,,,,,,,,,,,,,,,,,,,,,,,,,,,インターネット,https://www.shisetsuyoyaku.city.edogawa.tokyo.jp/user/Home,,,,,,,,,,,,,,,
131237,AA0010000031,東京都江戸川区,松島コミュニティ会館,マツシマコミュニティカイカン,,和室,ワシツ,,,,江戸川区松島４－２５－６,,,,,,,,,,,,,,,,,,,09:00,21:30,,,,,,,,,,,,,,,,,,,,,,,,,,,,,,,インターネット,https://www.shisetsuyoyaku.city.edogawa.tokyo.jp/user/Home,,,,,,,,,,,,,,,
131237,AA0010000032,東京都江戸川区,松島コミュニティ会館,マツシマコミュニティカイカン,,健康スタジオ,ケンコウスタジオ,,,,江戸川区松島４－２５－６,,,,,,,,,,,,,,,,,,,09:00,21:30,,,,,,,,,,,,,,,,,,,,,,,,,,,,,,,インターネット,https://www.shisetsuyoyaku.city.edogawa.tokyo.jp/user/Home,,,,,,,,,,,,,,,
131237,AA0010000033,東京都江戸川区,松島コミュニティ会館,マツシマコミュニティカイカン,,スポーツルーム,スポーツルーム,,,,江戸川区松島４－２５－６,,,,,,,,,,,,,,,,,,,09:00,21:30,,,,,,,,,,,,,,,,,,,,,,,,,,,,,,,インターネット,https://www.shisetsuyoyaku.city.edogawa.tokyo.jp/user/Home,,,,,,,,,,,,,,,
131237,AA0010000034,東京都江戸川区,松島コミュニティ会館,マツシマコミュニティカイカン,,健康ルーム,ケンコウルーム,,,,江戸川区松島４－２５－６,,,,,,,,,,,,,,,,,,,09:00,21:30,,,,,,,,,,,,,,,,,,,,,,,,,,,,,,,インターネット,https://www.shisetsuyoyaku.city.edogawa.tokyo.jp/user/Home,,,,,,,,,,,,,,,
131237,AA0010000035,東京都江戸川区,松島コミュニティ会館,マツシマコミュニティカイカン,,キッズルーム,キッズルーム,,,,江戸川区松島４－２５－６,,,,,,,,,,,,,,,,,,,09:00,21:30,,,,,,,,,,,,,,,,,,,,,,,,,,,,,,,インターネット,https://www.shisetsuyoyaku.city.edogawa.tokyo.jp/user/Home,,,,,,,,,,,,,,,
131237,AA0010000036,東京都江戸川区,小松川区民館,コマツガワクミンカン,,ホール,ホール,,,,江戸川区平井４－１－１,,,,,,,,,,,,,,,,,,,09:00,21:30,,,,,,,,,,,,,,,,,,,,,,,,,,,,,,,インターネット,https://www.shisetsuyoyaku.city.edogawa.tokyo.jp/user/Home,,,,,,,,,,,,,,,
131237,AA0010000037,東京都江戸川区,小松川区民館,コマツガワクミンカン,,集会室第1,シュウカイシツダイ1,,,,江戸川区平井４－１－１,,,,,,,,,,,,,,,,,,,09:00,21:30,,,,,,,,,,,,,,,,,,,,,,,,,,,,,,,インターネット,https://www.shisetsuyoyaku.city.edogawa.tokyo.jp/user/Home,,,,,,,,,,,,,,,
131237,AA0010000038,東京都江戸川区,小松川区民館,コマツガワクミンカン,,集会室第2,シュウカイシツダイ2,,,,江戸川区平井４－１－１,,,,,,,,,,,,,,,,,,,09:00,21:30,,,,,,,,,,,,,,,,,,,,,,,,,,,,,,,インターネット,https://www.shisetsuyoyaku.city.edogawa.tokyo.jp/user/Home,,,,,,,,,,,,,,,
131237,AA0010000039,東京都江戸川区,小松川区民館,コマツガワクミンカン,,集会室第3,シュウカイシツダイ3,,,,江戸川区平井４－１－１,,,,,,,,,,,,,,,,,,,09:00,21:30,,,,,,,,,,,,,,,,,,,,,,,,,,,,,,,インターネット,https://www.shisetsuyoyaku.city.edogawa.tokyo.jp/user/Home,,,,,,,,,,,,,,,
131237,AA0010000040,東京都江戸川区,小松川区民館,コマツガワクミンカン,,和室,ワシツ,,,,江戸川区平井４－１－１,,,,,,,,,,,,,,,,,,,09:00,21:30,,,,,,,,,,,,,,,,,,,,,,,,,,,,,,,インターネット,https://www.shisetsuyoyaku.city.edogawa.tokyo.jp/user/Home,,,,,,,,,,,,,,,
131237,AA0010000041,東京都江戸川区,小松川区民館,コマツガワクミンカン,,くつろぎの間,クツロギノマ,,,,江戸川区平井４－１－１,,,,,,,,,,,,,,,,,,,09:00,21:30,,,,,,,,,,,,,,,,,,,,,,,,,,,,,,,インターネット,https://www.shisetsuyoyaku.city.edogawa.tokyo.jp/user/Home,,,,,,,,,,,,,,,
131237,AA0010000042,東京都江戸川区,小松川区民館,コマツガワクミンカン,,レクリエーションホール,レクリエーションホール,,,,江戸川区平井４－１－１,,,,,,,,,,,,,,,,,,,09:00,21:30,,,,,,,,,,,,,,,,,,,,,,,,,,,,,,,インターネット,https://www.shisetsuyoyaku.city.edogawa.tokyo.jp/user/Home,,,,,,,,,,,,,,,
131237,AA0010000043,東京都江戸川区,小松川さくらホール,コマツガワサクラホール,,プール,プール,,,,江戸川区小松川３－６－３,,,,,,,,,,,,,,,,,,,09:00,21:30,,,,,,,,,,,,,,,,,,,,,,,,,,,,,,,インターネット,https://www.shisetsuyoyaku.city.edogawa.tokyo.jp/user/Home,,,,,,,,,,,,,,,
131237,AA0010000044,東京都江戸川区,小松川さくらホール,コマツガワサクラホール,,多目的ホール,タモクテキホール,,,,江戸川区小松川３－６－３,,,,,,,,,,,,,,,,,,,09:00,21:30,,,,,,,,,,,,,,,,,,,,,,,,,,,,,,,インターネット,https://www.shisetsuyoyaku.city.edogawa.tokyo.jp/user/Home,,,,,,,,,,,,,,,
131237,AA0010000045,東京都江戸川区,小松川さくらホール,コマツガワサクラホール,,主催者控室,シュサイシャヒカエシツ,,,,江戸川区小松川３－６－３,,,,,,,,,,,,,,,,,,,09:00,21:30,,,,,,,,,,,,,,,,,,,,,,,,,,,,,,,インターネット,https://www.shisetsuyoyaku.city.edogawa.tokyo.jp/user/Home,,,,,,,,,,,,,,,
131237,AA0010000046,東京都江戸川区,小松川さくらホール,コマツガワサクラホール,,控室第1,ヒカエシツダイ1,,,,江戸川区小松川３－６－３,,,,,,,,,,,,,,,,,,,09:00,21:30,,,,,,,,,,,,,,,,,,,,,,,,,,,,,,,インターネット,https://www.shisetsuyoyaku.city.edogawa.tokyo.jp/user/Home,,,,,,,,,,,,,,,
131237,AA0010000047,東京都江戸川区,小松川さくらホール,コマツガワサクラホール,,控室第2,ヒカエシツダイ2,,,,江戸川区小松川３－６－３,,,,,,,,,,,,,,,,,,,09:00,21:30,,,,,,,,,,,,,,,,,,,,,,,,,,,,,,,インターネット,https://www.shisetsuyoyaku.city.edogawa.tokyo.jp/user/Home,,,,,,,,,,,,,,,
131237,AA0010000048,東京都江戸川区,小松川さくらホール,コマツガワサクラホール,,集会室第1,シュウカイシツダイ1,,,,江戸川区小松川３－６－３,,,,,,,,,,,,,,,,,,,09:00,21:30,,,,,,,,,,,,,,,,,,,,,,,,,,,,,,,インターネット,https://www.shisetsuyoyaku.city.edogawa.tokyo.jp/user/Home,,,,,,,,,,,,,,,
131237,AA0010000049,東京都江戸川区,小松川さくらホール,コマツガワサクラホール,,集会室第2,シュウカイシツダイ2,,,,江戸川区小松川３－６－３,,,,,,,,,,,,,,,,,,,09:00,21:30,,,,,,,,,,,,,,,,,,,,,,,,,,,,,,,インターネット,https://www.shisetsuyoyaku.city.edogawa.tokyo.jp/user/Home,,,,,,,,,,,,,,,
131237,AA0010000050,東京都江戸川区,小松川さくらホール,コマツガワサクラホール,,集会室第3,シュウカイシツダイ3,,,,江戸川区小松川３－６－３,,,,,,,,,,,,,,,,,,,09:00,21:30,,,,,,,,,,,,,,,,,,,,,,,,,,,,,,,インターネット,https://www.shisetsuyoyaku.city.edogawa.tokyo.jp/user/Home,,,,,,,,,,,,,,,
131237,AA0010000051,東京都江戸川区,小松川さくらホール,コマツガワサクラホール,,集会室第4,シュウカイシツダイ4,,,,江戸川区小松川３－６－３,,,,,,,,,,,,,,,,,,,09:00,21:30,,,,,,,,,,,,,,,,,,,,,,,,,,,,,,,インターネット,https://www.shisetsuyoyaku.city.edogawa.tokyo.jp/user/Home,,,,,,,,,,,,,,,
131237,AA0010000052,東京都江戸川区,小松川さくらホール,コマツガワサクラホール,,集会室第5,シュウカイシツダイ5,,,,江戸川区小松川３－６－３,,,,,,,,,,,,,,,,,,,09:00,21:30,,,,,,,,,,,,,,,,,,,,,,,,,,,,,,,インターネット,https://www.shisetsuyoyaku.city.edogawa.tokyo.jp/user/Home,,,,,,,,,,,,,,,
131237,AA0010000053,東京都江戸川区,小松川さくらホール,コマツガワサクラホール,,和室第1,ワシツダイ1,,,,江戸川区小松川３－６－３,,,,,,,,,,,,,,,,,,,09:00,21:30,,,,,,,,,,,,,,,,,,,,,,,,,,,,,,,インターネット,https://www.shisetsuyoyaku.city.edogawa.tokyo.jp/user/Home,,,,,,,,,,,,,,,
131237,AA0010000054,東京都江戸川区,小松川さくらホール,コマツガワサクラホール,,和室第2,ワシツダイ2,,,,江戸川区小松川３－６－３,,,,,,,,,,,,,,,,,,,09:00,21:30,,,,,,,,,,,,,,,,,,,,,,,,,,,,,,,インターネット,https://www.shisetsuyoyaku.city.edogawa.tokyo.jp/user/Home,,,,,,,,,,,,,,,
131237,AA0010000055,東京都江戸川区,小松川さくらホール,コマツガワサクラホール,,音楽室,オンガクシツ,,,,江戸川区小松川３－６－３,,,,,,,,,,,,,,,,,,,09:00,21:30,,,,,,,,,,,,,,,,,,,,,,,,,,,,,,,インターネット,https://www.shisetsuyoyaku.city.edogawa.tokyo.jp/user/Home,,,,,,,,,,,,,,,
131237,AA0010000056,東京都江戸川区,小松川さくらホール,コマツガワサクラホール,,講座講習室,コウザコウシュウシツ,,,,江戸川区小松川３－６－３,,,,,,,,,,,,,,,,,,,09:00,21:30,,,,,,,,,,,,,,,,,,,,,,,,,,,,,,,インターネット,https://www.shisetsuyoyaku.city.edogawa.tokyo.jp/user/Home,,,,,,,,,,,,,,,
131237,AA0010000057,東京都江戸川区,小松川さくらホール,コマツガワサクラホール,,健康スタジオ,ケンコウスタジオ,,,,江戸川区小松川３－６－３,,,,,,,,,,,,,,,,,,,09:00,21:30,,,,,,,,,,,,,,,,,,,,,,,,,,,,,,,インターネット,https://www.shisetsuyoyaku.city.edogawa.tokyo.jp/user/Home,,,,,,,,,,,,,,,
131237,AA0010000058,東京都江戸川区,小松川さくらホール,コマツガワサクラホール,,談話室,ダンワシツ,,,,江戸川区小松川３－６－３,,,,,,,,,,,,,,,,,,,09:00,21:30,,,,,,,,,,,,,,,,,,,,,,,,,,,,,,,インターネット,https://www.shisetsuyoyaku.city.edogawa.tokyo.jp/user/Home,,,,,,,,,,,,,,,
131237,AA0010000059,東京都江戸川区,平井コミュニティ会館,ヒライコミュニティカイカン,,スポーツルーム,スポーツルーム,,,,江戸川区平井４－１８－１０,,,,,,,,,,,,,,,,,,,09:00,21:30,,,,,,,,,,,,,,,,,,,,,,,,,,,,,,,インターネット,https://www.shisetsuyoyaku.city.edogawa.tokyo.jp/user/Home,,,,,,,,,,,,,,,
131237,AA0010000060,東京都江戸川区,平井コミュニティ会館,ヒライコミュニティカイカン,,集会室第1,シュウカイシツダイ1,,,,江戸川区平井４－１８－１０,,,,,,,,,,,,,,,,,,,09:00,21:30,,,,,,,,,,,,,,,,,,,,,,,,,,,,,,,インターネット,https://www.shisetsuyoyaku.city.edogawa.tokyo.jp/user/Home,,,,,,,,,,,,,,,
131237,AA0010000061,東京都江戸川区,平井コミュニティ会館,ヒライコミュニティカイカン,,集会室第2,シュウカイシツダイ2,,,,江戸川区平井４－１８－１０,,,,,,,,,,,,,,,,,,,09:00,21:30,,,,,,,,,,,,,,,,,,,,,,,,,,,,,,,インターネット,https://www.shisetsuyoyaku.city.edogawa.tokyo.jp/user/Home,,,,,,,,,,,,,,,
131237,AA0010000062,東京都江戸川区,平井コミュニティ会館,ヒライコミュニティカイカン,,集会室第3,シュウカイシツダイ3,,,,江戸川区平井４－１８－１０,,,,,,,,,,,,,,,,,,,09:00,21:30,,,,,,,,,,,,,,,,,,,,,,,,,,,,,,,インターネット,https://www.shisetsuyoyaku.city.edogawa.tokyo.jp/user/Home,,,,,,,,,,,,,,,
131237,AA0010000063,東京都江戸川区,平井コミュニティ会館,ヒライコミュニティカイカン,,和室第1,ワシツダイ1,,,,江戸川区平井４－１８－１０,,,,,,,,,,,,,,,,,,,09:00,21:30,,,,,,,,,,,,,,,,,,,,,,,,,,,,,,,インターネット,https://www.shisetsuyoyaku.city.edogawa.tokyo.jp/user/Home,,,,,,,,,,,,,,,
131237,AA0010000064,東京都江戸川区,平井コミュニティ会館,ヒライコミュニティカイカン,,和室第2,ワシツダイ2,,,,江戸川区平井４－１８－１０,,,,,,,,,,,,,,,,,,,09:00,21:30,,,,,,,,,,,,,,,,,,,,,,,,,,,,,,,インターネット,https://www.shisetsuyoyaku.city.edogawa.tokyo.jp/user/Home,,,,,,,,,,,,,,,
131237,AA0010000065,東京都江戸川区,中平井コミュニティ会館,ナカヒライコミュニティカイカン,,スポーツルーム,スポーツルーム,,,,江戸川区平井７－１－６,,,,,,,,,,,,,,,,,,,09:00,21:30,,,,,,,,,,,,,,,,,,,,,,,,,,,,,,,インターネット,https://www.shisetsuyoyaku.city.edogawa.tokyo.jp/user/Home,,,,,,,,,,,,,,,
131237,AA0010000066,東京都江戸川区,中平井コミュニティ会館,ナカヒライコミュニティカイカン,,集会室第1,シュウカイシツダイ1,,,,江戸川区平井７－１－６,,,,,,,,,,,,,,,,,,,09:00,21:30,,,,,,,,,,,,,,,,,,,,,,,,,,,,,,,インターネット,https://www.shisetsuyoyaku.city.edogawa.tokyo.jp/user/Home,,,,,,,,,,,,,,,
131237,AA0010000067,東京都江戸川区,中平井コミュニティ会館,ナカヒライコミュニティカイカン,,集会室第2,シュウカイシツダイ2,,,,江戸川区平井７－１－６,,,,,,,,,,,,,,,,,,,09:00,21:30,,,,,,,,,,,,,,,,,,,,,,,,,,,,,,,インターネット,https://www.shisetsuyoyaku.city.edogawa.tokyo.jp/user/Home,,,,,,,,,,,,,,,
131237,AA0010000068,東京都江戸川区,中平井コミュニティ会館,ナカヒライコミュニティカイカン,,集会室第3,シュウカイシツダイ3,,,,江戸川区平井７－１－６,,,,,,,,,,,,,,,,,,,09:00,21:30,,,,,,,,,,,,,,,,,,,,,,,,,,,,,,,インターネット,https://www.shisetsuyoyaku.city.edogawa.tokyo.jp/user/Home,,,,,,,,,,,,,,,
131237,AA0010000069,東京都江戸川区,中平井コミュニティ会館,ナカヒライコミュニティカイカン,,集会室第4,シュウカイシツダイ4,,,,江戸川区平井７－１－６,,,,,,,,,,,,,,,,,,,09:00,21:30,,,,,,,,,,,,,,,,,,,,,,,,,,,,,,,インターネット,https://www.shisetsuyoyaku.city.edogawa.tokyo.jp/user/Home,,,,,,,,,,,,,,,
131237,AA0010000070,東京都江戸川区,中平井コミュニティ会館,ナカヒライコミュニティカイカン,,音楽室,オンガクシツ,,,,江戸川区平井７－１－６,,,,,,,,,,,,,,,,,,,09:00,21:30,,,,,,,,,,,,,,,,,,,,,,,,,,,,,,,インターネット,https://www.shisetsuyoyaku.city.edogawa.tokyo.jp/user/Home,,,,,,,,,,,,,,,
131237,AA0010000071,東京都江戸川区,中平井コミュニティ会館,ナカヒライコミュニティカイカン,,和室,ワシツ,,,,江戸川区平井７－１－６,,,,,,,,,,,,,,,,,,,09:00,21:30,,,,,,,,,,,,,,,,,,,,,,,,,,,,,,,インターネット,https://www.shisetsuyoyaku.city.edogawa.tokyo.jp/user/Home,,,,,,,,,,,,,,,
131237,AA0010000072,東京都江戸川区,中平井コミュニティ会館,ナカヒライコミュニティカイカン,,多目的室,タモクテキシツ,,,,江戸川区平井７－１－６,,,,,,,,,,,,,,,,,,,09:00,21:30,,,,,,,,,,,,,,,,,,,,,,,,,,,,,,,インターネット,https://www.shisetsuyoyaku.city.edogawa.tokyo.jp/user/Home,,,,,,,,,,,,,,,
131237,AA0010000073,東京都江戸川区,葛西区民館,カサイクミンカン,,ホール,ホール,,,,江戸川区中葛西３－１０－１,,,,,,,,,,,,,,,,,,,09:00,21:30,,,,,,,,,,,,,,,,,,,,,,,,,,,,,,,インターネット,https://www.shisetsuyoyaku.city.edogawa.tokyo.jp/user/Home,,,,,,,,,,,,,,,
131237,AA0010000074,東京都江戸川区,葛西区民館,カサイクミンカン,,集会室第1,シュウカイシツダイ1,,,,江戸川区中葛西３－１０－１,,,,,,,,,,,,,,,,,,,09:00,21:30,,,,,,,,,,,,,,,,,,,,,,,,,,,,,,,インターネット,https://www.shisetsuyoyaku.city.edogawa.tokyo.jp/user/Home,,,,,,,,,,,,,,,
131237,AA0010000075,東京都江戸川区,葛西区民館,カサイクミンカン,,集会室第2,シュウカイシツダイ2,,,,江戸川区中葛西３－１０－１,,,,,,,,,,,,,,,,,,,09:00,21:30,,,,,,,,,,,,,,,,,,,,,,,,,,,,,,,インターネット,https://www.shisetsuyoyaku.city.edogawa.tokyo.jp/user/Home,,,,,,,,,,,,,,,
131237,AA0010000076,東京都江戸川区,葛西区民館,カサイクミンカン,,集会室第3,シュウカイシツダイ3,,,,江戸川区中葛西３－１０－１,,,,,,,,,,,,,,,,,,,09:00,21:30,,,,,,,,,,,,,,,,,,,,,,,,,,,,,,,インターネット,https://www.shisetsuyoyaku.city.edogawa.tokyo.jp/user/Home,,,,,,,,,,,,,,,
131237,AA0010000077,東京都江戸川区,葛西区民館,カサイクミンカン,,集会室第4,シュウカイシツダイ4,,,,江戸川区中葛西３－１０－１,,,,,,,,,,,,,,,,,,,09:00,21:30,,,,,,,,,,,,,,,,,,,,,,,,,,,,,,,インターネット,https://www.shisetsuyoyaku.city.edogawa.tokyo.jp/user/Home,,,,,,,,,,,,,,,
131237,AA0010000078,東京都江戸川区,葛西区民館,カサイクミンカン,,集会室第5,シュウカイシツダイ5,,,,江戸川区中葛西３－１０－１,,,,,,,,,,,,,,,,,,,09:00,21:30,,,,,,,,,,,,,,,,,,,,,,,,,,,,,,,インターネット,https://www.shisetsuyoyaku.city.edogawa.tokyo.jp/user/Home,,,,,,,,,,,,,,,
131237,AA0010000079,東京都江戸川区,葛西区民館,カサイクミンカン,,集会室第6,シュウカイシツダイ6,,,,江戸川区中葛西３－１０－１,,,,,,,,,,,,,,,,,,,09:00,21:30,,,,,,,,,,,,,,,,,,,,,,,,,,,,,,,インターネット,https://www.shisetsuyoyaku.city.edogawa.tokyo.jp/user/Home,,,,,,,,,,,,,,,
131237,AA0010000080,東京都江戸川区,葛西区民館,カサイクミンカン,,講座講習室,コウザコウシュウシツ,,,,江戸川区中葛西３－１０－１,,,,,,,,,,,,,,,,,,,09:00,21:30,,,,,,,,,,,,,,,,,,,,,,,,,,,,,,,インターネット,https://www.shisetsuyoyaku.city.edogawa.tokyo.jp/user/Home,,,,,,,,,,,,,,,
131237,AA0010000081,東京都江戸川区,葛西区民館,カサイクミンカン,,和室,ワシツ,,,,江戸川区中葛西３－１０－１,,,,,,,,,,,,,,,,,,,09:00,21:30,,,,,,,,,,,,,,,,,,,,,,,,,,,,,,,インターネット,https://www.shisetsuyoyaku.city.edogawa.tokyo.jp/user/Home,,,,,,,,,,,,,,,
131237,AA0010000082,東京都江戸川区,葛西区民館,カサイクミンカン,,くつろぎの間,クツロギノマ,,,,江戸川区中葛西３－１０－１,,,,,,,,,,,,,,,,,,,09:00,21:30,,,,,,,,,,,,,,,,,,,,,,,,,,,,,,,インターネット,https://www.shisetsuyoyaku.city.edogawa.tokyo.jp/user/Home,,,,,,,,,,,,,,,
131237,AA0010000083,東京都江戸川区,葛西区民館,カサイクミンカン,,レクリエーションホール,レクリエーションホール,,,,江戸川区中葛西３－１０－１,,,,,,,,,,,,,,,,,,,09:00,21:30,,,,,,,,,,,,,,,,,,,,,,,,,,,,,,,インターネット,https://www.shisetsuyoyaku.city.edogawa.tokyo.jp/user/Home,,,,,,,,,,,,,,,
131237,AA0010000084,東京都江戸川区,葛西区民館,カサイクミンカン,,健康スタジオ,ケンコウスタジオ,,,,江戸川区中葛西３－１０－１,,,,,,,,,,,,,,,,,,,09:00,21:30,,,,,,,,,,,,,,,,,,,,,,,,,,,,,,,インターネット,https://www.shisetsuyoyaku.city.edogawa.tokyo.jp/user/Home,,,,,,,,,,,,,,,
131237,AA0010000085,東京都江戸川区,北葛西コミュニティ会館,キタカサイコミュニティカイカン,,ホール,ホール,,,,江戸川区北葛西２－１１－３９,,,,,,,,,,,,,,,,,,,09:00,21:30,,,,,,,,,,,,,,,,,,,,,,,,,,,,,,,インターネット,https://www.shisetsuyoyaku.city.edogawa.tokyo.jp/user/Home,,,,,,,,,,,,,,,
131237,AA0010000086,東京都江戸川区,北葛西コミュニティ会館,キタカサイコミュニティカイカン,,集会室第1,シュウカイシツダイ1,,,,江戸川区北葛西２－１１－３９,,,,,,,,,,,,,,,,,,,09:00,21:30,,,,,,,,,,,,,,,,,,,,,,,,,,,,,,,インターネット,https://www.shisetsuyoyaku.city.edogawa.tokyo.jp/user/Home,,,,,,,,,,,,,,,
131237,AA0010000087,東京都江戸川区,北葛西コミュニティ会館,キタカサイコミュニティカイカン,,集会室第2,シュウカイシツダイ2,,,,江戸川区北葛西２－１１－３９,,,,,,,,,,,,,,,,,,,09:00,21:30,,,,,,,,,,,,,,,,,,,,,,,,,,,,,,,インターネット,https://www.shisetsuyoyaku.city.edogawa.tokyo.jp/user/Home,,,,,,,,,,,,,,,
131237,AA0010000088,東京都江戸川区,北葛西コミュニティ会館,キタカサイコミュニティカイカン,,集会室第3,シュウカイシツダイ3,,,,江戸川区北葛西２－１１－３９,,,,,,,,,,,,,,,,,,,09:00,21:30,,,,,,,,,,,,,,,,,,,,,,,,,,,,,,,インターネット,https://www.shisetsuyoyaku.city.edogawa.tokyo.jp/user/Home,,,,,,,,,,,,,,,
131237,AA0010000089,東京都江戸川区,北葛西コミュニティ会館,キタカサイコミュニティカイカン,,和室,ワシツ,,,,江戸川区北葛西２－１１－３９,,,,,,,,,,,,,,,,,,,09:00,21:30,,,,,,,,,,,,,,,,,,,,,,,,,,,,,,,インターネット,https://www.shisetsuyoyaku.city.edogawa.tokyo.jp/user/Home,,,,,,,,,,,,,,,
131237,AA0010000090,東京都江戸川区,北葛西コミュニティ会館,キタカサイコミュニティカイカン,,音楽室,オンガクシツ,,,,江戸川区北葛西２－１１－３９,,,,,,,,,,,,,,,,,,,09:00,21:30,,,,,,,,,,,,,,,,,,,,,,,,,,,,,,,インターネット,https://www.shisetsuyoyaku.city.edogawa.tokyo.jp/user/Home,,,,,,,,,,,,,,,
131237,AA0010000091,東京都江戸川区,二之江コミュニティ会館,ニノエコミュニティカイカン,,スポーツルーム,スポーツルーム,,,,江戸川区江戸川６－４６,,,,,,,,,,,,,,,,,,,09:00,21:30,,,,,,,,,,,,,,,,,,,,,,,,,,,,,,,インターネット,https://www.shisetsuyoyaku.city.edogawa.tokyo.jp/user/Home,,,,,,,,,,,,,,,
131237,AA0010000092,東京都江戸川区,二之江コミュニティ会館,ニノエコミュニティカイカン,,集会室第1,シュウカイシツダイ1,,,,江戸川区江戸川６－４６,,,,,,,,,,,,,,,,,,,09:00,21:30,,,,,,,,,,,,,,,,,,,,,,,,,,,,,,,インターネット,https://www.shisetsuyoyaku.city.edogawa.tokyo.jp/user/Home,,,,,,,,,,,,,,,
131237,AA0010000093,東京都江戸川区,二之江コミュニティ会館,ニノエコミュニティカイカン,,集会室第2,シュウカイシツダイ2,,,,江戸川区江戸川６－４６,,,,,,,,,,,,,,,,,,,09:00,21:30,,,,,,,,,,,,,,,,,,,,,,,,,,,,,,,インターネット,https://www.shisetsuyoyaku.city.edogawa.tokyo.jp/user/Home,,,,,,,,,,,,,,,
131237,AA0010000094,東京都江戸川区,二之江コミュニティ会館,ニノエコミュニティカイカン,,集会室第3,シュウカイシツダイ3,,,,江戸川区江戸川６－４６,,,,,,,,,,,,,,,,,,,09:00,21:30,,,,,,,,,,,,,,,,,,,,,,,,,,,,,,,インターネット,https://www.shisetsuyoyaku.city.edogawa.tokyo.jp/user/Home,,,,,,,,,,,,,,,
131237,AA0010000095,東京都江戸川区,二之江コミュニティ会館,ニノエコミュニティカイカン,,和室第1,ワシツダイ1,,,,江戸川区江戸川６－４６,,,,,,,,,,,,,,,,,,,09:00,21:30,,,,,,,,,,,,,,,,,,,,,,,,,,,,,,,インターネット,https://www.shisetsuyoyaku.city.edogawa.tokyo.jp/user/Home,,,,,,,,,,,,,,,
131237,AA0010000096,東京都江戸川区,二之江コミュニティ会館,ニノエコミュニティカイカン,,和室第2,ワシツダイ2,,,,江戸川区江戸川６－４６,,,,,,,,,,,,,,,,,,,09:00,21:30,,,,,,,,,,,,,,,,,,,,,,,,,,,,,,,インターネット,https://www.shisetsuyoyaku.city.edogawa.tokyo.jp/user/Home,,,,,,,,,,,,,,,
131237,AA0010000097,東京都江戸川区,南葛西会館,ミナミカサイカイカン,,集会室第1,シュウカイシツダイ1,,,,江戸川区南葛西６－８－９,,,,,,,,,,,,,,,,,,,09:00,21:30,,,,,,,,,,,,,,,,,,,,,,,,,,,,,,,インターネット,https://www.shisetsuyoyaku.city.edogawa.tokyo.jp/user/Home,,,,,,,,,,,,,,,
131237,AA0010000098,東京都江戸川区,南葛西会館,ミナミカサイカイカン,,集会室第2,シュウカイシツダイ2,,,,江戸川区南葛西６－８－９,,,,,,,,,,,,,,,,,,,09:00,21:30,,,,,,,,,,,,,,,,,,,,,,,,,,,,,,,インターネット,https://www.shisetsuyoyaku.city.edogawa.tokyo.jp/user/Home,,,,,,,,,,,,,,,
131237,AA0010000099,東京都江戸川区,南葛西会館,ミナミカサイカイカン,,集会室第3,シュウカイシツダイ3,,,,江戸川区南葛西６－８－９,,,,,,,,,,,,,,,,,,,09:00,21:30,,,,,,,,,,,,,,,,,,,,,,,,,,,,,,,インターネット,https://www.shisetsuyoyaku.city.edogawa.tokyo.jp/user/Home,,,,,,,,,,,,,,,
131237,AA0010000100,東京都江戸川区,南葛西会館,ミナミカサイカイカン,,和室,ワシツ,,,,江戸川区南葛西６－８－９,,,,,,,,,,,,,,,,,,,09:00,21:30,,,,,,,,,,,,,,,,,,,,,,,,,,,,,,,インターネット,https://www.shisetsuyoyaku.city.edogawa.tokyo.jp/user/Home,,,,,,,,,,,,,,,
131237,AA0010000101,東京都江戸川区,南葛西会館,ミナミカサイカイカン,,大広間第1,オオヒロマダイ1,,,,江戸川区南葛西６－８－９,,,,,,,,,,,,,,,,,,,09:00,21:30,,,,,,,,,,,,,,,,,,,,,,,,,,,,,,,インターネット,https://www.shisetsuyoyaku.city.edogawa.tokyo.jp/user/Home,,,,,,,,,,,,,,,
131237,AA0010000102,東京都江戸川区,南葛西会館,ミナミカサイカイカン,,大広間第2,オオヒロマダイ2,,,,江戸川区南葛西６－８－９,,,,,,,,,,,,,,,,,,,09:00,21:30,,,,,,,,,,,,,,,,,,,,,,,,,,,,,,,インターネット,https://www.shisetsuyoyaku.city.edogawa.tokyo.jp/user/Home,,,,,,,,,,,,,,,
131237,AA0010000103,東京都江戸川区,南葛西会館,ミナミカサイカイカン,,レクリエーションホール第1,レクリエーションホールダイ1,,,,江戸川区南葛西６－８－９,,,,,,,,,,,,,,,,,,,09:00,21:30,,,,,,,,,,,,,,,,,,,,,,,,,,,,,,,インターネット,https://www.shisetsuyoyaku.city.edogawa.tokyo.jp/user/Home,,,,,,,,,,,,,,,
131237,AA0010000104,東京都江戸川区,南葛西会館,ミナミカサイカイカン,,レクリエーションホール第2,レクリエーションホールダイ2,,,,江戸川区南葛西６－８－９,,,,,,,,,,,,,,,,,,,09:00,21:30,,,,,,,,,,,,,,,,,,,,,,,,,,,,,,,インターネット,https://www.shisetsuyoyaku.city.edogawa.tokyo.jp/user/Home,,,,,,,,,,,,,,,
131237,AA0010000105,東京都江戸川区,新田コミュニティ会館,シンデンコミュニティカイカン,,健康スタジオ,ケンコウスタジオ,,,,江戸川区中葛西７－１７－１,,,,,,,,,,,,,,,,,,,09:00,21:30,,,,,,,,,,,,,,,,,,,,,,,,,,,,,,,インターネット,https://www.shisetsuyoyaku.city.edogawa.tokyo.jp/user/Home,,,,,,,,,,,,,,,
131237,AA0010000106,東京都江戸川区,新田コミュニティ会館,シンデンコミュニティカイカン,,集会室第1,シュウカイシツダイ1,,,,江戸川区中葛西７－１７－１,,,,,,,,,,,,,,,,,,,09:00,21:30,,,,,,,,,,,,,,,,,,,,,,,,,,,,,,,インターネット,https://www.shisetsuyoyaku.city.edogawa.tokyo.jp/user/Home,,,,,,,,,,,,,,,
131237,AA0010000107,東京都江戸川区,新田コミュニティ会館,シンデンコミュニティカイカン,,集会室第2,シュウカイシツダイ2,,,,江戸川区中葛西７－１７－１,,,,,,,,,,,,,,,,,,,09:00,21:30,,,,,,,,,,,,,,,,,,,,,,,,,,,,,,,インターネット,https://www.shisetsuyoyaku.city.edogawa.tokyo.jp/user/Home,,,,,,,,,,,,,,,
131237,AA0010000108,東京都江戸川区,新田コミュニティ会館,シンデンコミュニティカイカン,,集会室第3,シュウカイシツダイ3,,,,江戸川区中葛西７－１７－１,,,,,,,,,,,,,,,,,,,09:00,21:30,,,,,,,,,,,,,,,,,,,,,,,,,,,,,,,インターネット,https://www.shisetsuyoyaku.city.edogawa.tokyo.jp/user/Home,,,,,,,,,,,,,,,
131237,AA0010000109,東京都江戸川区,新田コミュニティ会館,シンデンコミュニティカイカン,,和室,ワシツ,,,,江戸川区中葛西７－１７－１,,,,,,,,,,,,,,,,,,,09:00,21:30,,,,,,,,,,,,,,,,,,,,,,,,,,,,,,,インターネット,https://www.shisetsuyoyaku.city.edogawa.tokyo.jp/user/Home,,,,,,,,,,,,,,,
131237,AA0010000110,東京都江戸川区,清新町コミュニティ会館,セイシンチョウコミュニティカイカン,,ホール,ホール,,,,江戸川区清新町１－２－２,,,,,,,,,,,,,,,,,,,09:00,21:30,,,,,,,,,,,,,,,,,,,,,,,,,,,,,,,インターネット,https://www.shisetsuyoyaku.city.edogawa.tokyo.jp/user/Home,,,,,,,,,,,,,,,
131237,AA0010000111,東京都江戸川区,清新町コミュニティ会館,セイシンチョウコミュニティカイカン,,集会室第1,シュウカイシツダイ1,,,,江戸川区清新町１－２－２,,,,,,,,,,,,,,,,,,,09:00,21:30,,,,,,,,,,,,,,,,,,,,,,,,,,,,,,,インターネット,https://www.shisetsuyoyaku.city.edogawa.tokyo.jp/user/Home,,,,,,,,,,,,,,,
131237,AA0010000112,東京都江戸川区,清新町コミュニティ会館,セイシンチョウコミュニティカイカン,,集会室第2,シュウカイシツダイ2,,,,江戸川区清新町１－２－２,,,,,,,,,,,,,,,,,,,09:00,21:30,,,,,,,,,,,,,,,,,,,,,,,,,,,,,,,インターネット,https://www.shisetsuyoyaku.city.edogawa.tokyo.jp/user/Home,,,,,,,,,,,,,,,
131237,AA0010000113,東京都江戸川区,清新町コミュニティ会館,セイシンチョウコミュニティカイカン,,集会室第3,シュウカイシツダイ3,,,,江戸川区清新町１－２－２,,,,,,,,,,,,,,,,,,,09:00,21:30,,,,,,,,,,,,,,,,,,,,,,,,,,,,,,,インターネット,https://www.shisetsuyoyaku.city.edogawa.tokyo.jp/user/Home,,,,,,,,,,,,,,,
131237,AA0010000114,東京都江戸川区,清新町コミュニティ会館,セイシンチョウコミュニティカイカン,,集会室第4,シュウカイシツダイ4,,,,江戸川区清新町１－２－２,,,,,,,,,,,,,,,,,,,09:00,21:30,,,,,,,,,,,,,,,,,,,,,,,,,,,,,,,インターネット,https://www.shisetsuyoyaku.city.edogawa.tokyo.jp/user/Home,,,,,,,,,,,,,,,
131237,AA0010000115,東京都江戸川区,清新町コミュニティ会館,セイシンチョウコミュニティカイカン,,集会室第5,シュウカイシツダイ5,,,,江戸川区清新町１－２－２,,,,,,,,,,,,,,,,,,,09:00,21:30,,,,,,,,,,,,,,,,,,,,,,,,,,,,,,,インターネット,https://www.shisetsuyoyaku.city.edogawa.tokyo.jp/user/Home,,,,,,,,,,,,,,,
131237,AA0010000116,東京都江戸川区,清新町コミュニティ会館,セイシンチョウコミュニティカイカン,,和室,ワシツ,,,,江戸川区清新町１－２－２,,,,,,,,,,,,,,,,,,,09:00,21:30,,,,,,,,,,,,,,,,,,,,,,,,,,,,,,,インターネット,https://www.shisetsuyoyaku.city.edogawa.tokyo.jp/user/Home,,,,,,,,,,,,,,,
131237,AA0010000117,東京都江戸川区,清新町コミュニティ会館,セイシンチョウコミュニティカイカン,,料理講習室,リョウリコウシュウシツ,,,,江戸川区清新町１－２－２,,,,,,,,,,,,,,,,,,,09:00,21:30,,,,,,,,,,,,,,,,,,,,,,,,,,,,,,,インターネット,https://www.shisetsuyoyaku.city.edogawa.tokyo.jp/user/Home,,,,,,,,,,,,,,,
131237,AA0010000118,東京都江戸川区,清新町コミュニティ会館,セイシンチョウコミュニティカイカン,,音楽室第1,オンガクシツダイ1,,,,江戸川区清新町１－２－２,,,,,,,,,,,,,,,,,,,09:00,21:30,,,,,,,,,,,,,,,,,,,,,,,,,,,,,,,インターネット,https://www.shisetsuyoyaku.city.edogawa.tokyo.jp/user/Home,,,,,,,,,,,,,,,
131237,AA0010000119,東京都江戸川区,清新町コミュニティ会館,セイシンチョウコミュニティカイカン,,音楽室第2,オンガクシツダイ2,,,,江戸川区清新町１－２－２,,,,,,,,,,,,,,,,,,,09:00,21:30,,,,,,,,,,,,,,,,,,,,,,,,,,,,,,,インターネット,https://www.shisetsuyoyaku.city.edogawa.tokyo.jp/user/Home,,,,,,,,,,,,,,,
131237,AA0010000120,東京都江戸川区,清新町コミュニティ会館,セイシンチョウコミュニティカイカン,,レクリエーションホール第1,レクリエーションホールダイ1,,,,江戸川区清新町１－２－２,,,,,,,,,,,,,,,,,,,09:00,21:30,,,,,,,,,,,,,,,,,,,,,,,,,,,,,,,インターネット,https://www.shisetsuyoyaku.city.edogawa.tokyo.jp/user/Home,,,,,,,,,,,,,,,
131237,AA0010000121,東京都江戸川区,清新町コミュニティ会館,セイシンチョウコミュニティカイカン,,レクリエーションホール第2,レクリエーションホールダイ2,,,,江戸川区清新町１－２－２,,,,,,,,,,,,,,,,,,,09:00,21:30,,,,,,,,,,,,,,,,,,,,,,,,,,,,,,,インターネット,https://www.shisetsuyoyaku.city.edogawa.tokyo.jp/user/Home,,,,,,,,,,,,,,,
131237,AA0010000122,東京都江戸川区,清新町コミュニティ会館,セイシンチョウコミュニティカイカン,,くつろぎの間,クツロギノマ,,,,江戸川区清新町１－２－２,,,,,,,,,,,,,,,,,,,09:00,21:30,,,,,,,,,,,,,,,,,,,,,,,,,,,,,,,インターネット,https://www.shisetsuyoyaku.city.edogawa.tokyo.jp/user/Home,,,,,,,,,,,,,,,
131237,AA0010000123,東京都江戸川区,清新町コミュニティ会館,セイシンチョウコミュニティカイカン,,多目的ルーム,タモクテキルーム,,,,江戸川区清新町１－２－２,,,,,,,,,,,,,,,,,,,09:00,21:30,,,,,,,,,,,,,,,,,,,,,,,,,,,,,,,インターネット,https://www.shisetsuyoyaku.city.edogawa.tokyo.jp/user/Home,,,,,,,,,,,,,,,
131237,AA0010000124,東京都江戸川区,臨海町コミュニティ会館,リンカイチョウコミュニティカイカン,,スポーツルーム,スポーツルーム,,,,江戸川区臨海町２－２－９,,,,,,,,,,,,,,,,,,,09:00,21:30,,,,,,,,,,,,,,,,,,,,,,,,,,,,,,,インターネット,https://www.shisetsuyoyaku.city.edogawa.tokyo.jp/user/Home,,,,,,,,,,,,,,,
131237,AA0010000125,東京都江戸川区,臨海町コミュニティ会館,リンカイチョウコミュニティカイカン,,集会室第1,シュウカイシツダイ1,,,,江戸川区臨海町２－２－９,,,,,,,,,,,,,,,,,,,09:00,21:30,,,,,,,,,,,,,,,,,,,,,,,,,,,,,,,インターネット,https://www.shisetsuyoyaku.city.edogawa.tokyo.jp/user/Home,,,,,,,,,,,,,,,
131237,AA0010000126,東京都江戸川区,臨海町コミュニティ会館,リンカイチョウコミュニティカイカン,,集会室第2,シュウカイシツダイ2,,,,江戸川区臨海町２－２－９,,,,,,,,,,,,,,,,,,,09:00,21:30,,,,,,,,,,,,,,,,,,,,,,,,,,,,,,,インターネット,https://www.shisetsuyoyaku.city.edogawa.tokyo.jp/user/Home,,,,,,,,,,,,,,,
131237,AA0010000127,東京都江戸川区,臨海町コミュニティ会館,リンカイチョウコミュニティカイカン,,集会室第3,シュウカイシツダイ3,,,,江戸川区臨海町２－２－９,,,,,,,,,,,,,,,,,,,09:00,21:30,,,,,,,,,,,,,,,,,,,,,,,,,,,,,,,インターネット,https://www.shisetsuyoyaku.city.edogawa.tokyo.jp/user/Home,,,,,,,,,,,,,,,
131237,AA0010000128,東京都江戸川区,臨海町コミュニティ会館,リンカイチョウコミュニティカイカン,,集会室第4,シュウカイシツダイ4,,,,江戸川区臨海町２－２－９,,,,,,,,,,,,,,,,,,,09:00,21:30,,,,,,,,,,,,,,,,,,,,,,,,,,,,,,,インターネット,https://www.shisetsuyoyaku.city.edogawa.tokyo.jp/user/Home,,,,,,,,,,,,,,,
131237,AA0010000129,東京都江戸川区,臨海町コミュニティ会館,リンカイチョウコミュニティカイカン,,集会室第5,シュウカイシツダイ5,,,,江戸川区臨海町２－２－９,,,,,,,,,,,,,,,,,,,09:00,21:30,,,,,,,,,,,,,,,,,,,,,,,,,,,,,,,インターネット,https://www.shisetsuyoyaku.city.edogawa.tokyo.jp/user/Home,,,,,,,,,,,,,,,
131237,AA0010000130,東京都江戸川区,臨海町コミュニティ会館,リンカイチョウコミュニティカイカン,,集会室第6,シュウカイシツダイ6,,,,江戸川区臨海町２－２－９,,,,,,,,,,,,,,,,,,,09:00,21:30,,,,,,,,,,,,,,,,,,,,,,,,,,,,,,,インターネット,https://www.shisetsuyoyaku.city.edogawa.tokyo.jp/user/Home,,,,,,,,,,,,,,,
131237,AA0010000131,東京都江戸川区,臨海町コミュニティ会館,リンカイチョウコミュニティカイカン,,音楽室,オンガクシツ,,,,江戸川区臨海町２－２－９,,,,,,,,,,,,,,,,,,,09:00,21:30,,,,,,,,,,,,,,,,,,,,,,,,,,,,,,,インターネット,https://www.shisetsuyoyaku.city.edogawa.tokyo.jp/user/Home,,,,,,,,,,,,,,,
131237,AA0010000132,東京都江戸川区,臨海町コミュニティ会館,リンカイチョウコミュニティカイカン,,和室,ワシツ,,,,江戸川区臨海町２－２－９,,,,,,,,,,,,,,,,,,,09:00,21:30,,,,,,,,,,,,,,,,,,,,,,,,,,,,,,,インターネット,https://www.shisetsuyoyaku.city.edogawa.tokyo.jp/user/Home,,,,,,,,,,,,,,,
131237,AA0010000133,東京都江戸川区,東葛西コミュニティ会館,ヒガシカサイコミュニティカイカン,,スポーツルーム,スポーツルーム,,,,江戸川区東葛西８－２２－１,,,,,,,,,,,,,,,,,,,09:00,21:30,,,,,,,,,,,,,,,,,,,,,,,,,,,,,,,インターネット,https://www.shisetsuyoyaku.city.edogawa.tokyo.jp/user/Home,,,,,,,,,,,,,,,
131237,AA0010000134,東京都江戸川区,東葛西コミュニティ会館,ヒガシカサイコミュニティカイカン,,集会室第1,シュウカイシツダイ1,,,,江戸川区東葛西８－２２－１,,,,,,,,,,,,,,,,,,,09:00,21:30,,,,,,,,,,,,,,,,,,,,,,,,,,,,,,,インターネット,https://www.shisetsuyoyaku.city.edogawa.tokyo.jp/user/Home,,,,,,,,,,,,,,,
131237,AA0010000135,東京都江戸川区,東葛西コミュニティ会館,ヒガシカサイコミュニティカイカン,,集会室第2,シュウカイシツダイ2,,,,江戸川区東葛西８－２２－１,,,,,,,,,,,,,,,,,,,09:00,21:30,,,,,,,,,,,,,,,,,,,,,,,,,,,,,,,インターネット,https://www.shisetsuyoyaku.city.edogawa.tokyo.jp/user/Home,,,,,,,,,,,,,,,
131237,AA0010000136,東京都江戸川区,東葛西コミュニティ会館,ヒガシカサイコミュニティカイカン,,集会室第3,シュウカイシツダイ3,,,,江戸川区東葛西８－２２－１,,,,,,,,,,,,,,,,,,,09:00,21:30,,,,,,,,,,,,,,,,,,,,,,,,,,,,,,,インターネット,https://www.shisetsuyoyaku.city.edogawa.tokyo.jp/user/Home,,,,,,,,,,,,,,,
131237,AA0010000137,東京都江戸川区,東葛西コミュニティ会館,ヒガシカサイコミュニティカイカン,,集会室第4,シュウカイシツダイ4,,,,江戸川区東葛西８－２２－１,,,,,,,,,,,,,,,,,,,09:00,21:30,,,,,,,,,,,,,,,,,,,,,,,,,,,,,,,インターネット,https://www.shisetsuyoyaku.city.edogawa.tokyo.jp/user/Home,,,,,,,,,,,,,,,
131237,AA0010000138,東京都江戸川区,東葛西コミュニティ会館,ヒガシカサイコミュニティカイカン,,集会室第5,シュウカイシツダイ5,,,,江戸川区東葛西８－２２－１,,,,,,,,,,,,,,,,,,,09:00,21:30,,,,,,,,,,,,,,,,,,,,,,,,,,,,,,,インターネット,https://www.shisetsuyoyaku.city.edogawa.tokyo.jp/user/Home,,,,,,,,,,,,,,,
131237,AA0010000139,東京都江戸川区,東葛西コミュニティ会館,ヒガシカサイコミュニティカイカン,,集会室第6,シュウカイシツダイ6,,,,江戸川区東葛西８－２２－１,,,,,,,,,,,,,,,,,,,09:00,21:30,,,,,,,,,,,,,,,,,,,,,,,,,,,,,,,インターネット,https://www.shisetsuyoyaku.city.edogawa.tokyo.jp/user/Home,,,,,,,,,,,,,,,
131237,AA0010000140,東京都江戸川区,東葛西コミュニティ会館,ヒガシカサイコミュニティカイカン,,和室,ワシツ,,,,江戸川区東葛西８－２２－１,,,,,,,,,,,,,,,,,,,09:00,21:30,,,,,,,,,,,,,,,,,,,,,,,,,,,,,,,インターネット,https://www.shisetsuyoyaku.city.edogawa.tokyo.jp/user/Home,,,,,,,,,,,,,,,
131237,AA0010000141,東京都江戸川区,東葛西コミュニティ会館,ヒガシカサイコミュニティカイカン,,音楽室,オンガクシツ,,,,江戸川区東葛西８－２２－１,,,,,,,,,,,,,,,,,,,09:00,21:30,,,,,,,,,,,,,,,,,,,,,,,,,,,,,,,インターネット,https://www.shisetsuyoyaku.city.edogawa.tokyo.jp/user/Home,,,,,,,,,,,,,,,
131237,AA0010000142,東京都江戸川区,長島桑川コミュニティ会館,ナガシマクワガワコミュニティカイカン,,スポーツルーム,スポーツルーム,,,,江戸川区東葛西５－３１－１８,,,,,,,,,,,,,,,,,,,09:00,21:30,,,,,,,,,,,,,,,,,,,,,,,,,,,,,,,インターネット,https://www.shisetsuyoyaku.city.edogawa.tokyo.jp/user/Home,,,,,,,,,,,,,,,
131237,AA0010000143,東京都江戸川区,長島桑川コミュニティ会館,ナガシマクワガワコミュニティカイカン,,レクリエーションホール,レクリエーションホール,,,,江戸川区東葛西５－３１－１８,,,,,,,,,,,,,,,,,,,09:00,21:30,,,,,,,,,,,,,,,,,,,,,,,,,,,,,,,インターネット,https://www.shisetsuyoyaku.city.edogawa.tokyo.jp/user/Home,,,,,,,,,,,,,,,
131237,AA0010000144,東京都江戸川区,長島桑川コミュニティ会館,ナガシマクワガワコミュニティカイカン,,健康スタジオ,ケンコウスタジオ,,,,江戸川区東葛西５－３１－１８,,,,,,,,,,,,,,,,,,,09:00,21:30,,,,,,,,,,,,,,,,,,,,,,,,,,,,,,,インターネット,https://www.shisetsuyoyaku.city.edogawa.tokyo.jp/user/Home,,,,,,,,,,,,,,,
131237,AA0010000145,東京都江戸川区,長島桑川コミュニティ会館,ナガシマクワガワコミュニティカイカン,,集会室第1,シュウカイシツダイ1,,,,江戸川区東葛西５－３１－１８,,,,,,,,,,,,,,,,,,,09:00,21:30,,,,,,,,,,,,,,,,,,,,,,,,,,,,,,,インターネット,https://www.shisetsuyoyaku.city.edogawa.tokyo.jp/user/Home,,,,,,,,,,,,,,,
131237,AA0010000146,東京都江戸川区,長島桑川コミュニティ会館,ナガシマクワガワコミュニティカイカン,,集会室第2,シュウカイシツダイ2,,,,江戸川区東葛西５－３１－１８,,,,,,,,,,,,,,,,,,,09:00,21:30,,,,,,,,,,,,,,,,,,,,,,,,,,,,,,,インターネット,https://www.shisetsuyoyaku.city.edogawa.tokyo.jp/user/Home,,,,,,,,,,,,,,,
131237,AA0010000147,東京都江戸川区,長島桑川コミュニティ会館,ナガシマクワガワコミュニティカイカン,,集会室第3,シュウカイシツダイ3,,,,江戸川区東葛西５－３１－１８,,,,,,,,,,,,,,,,,,,09:00,21:30,,,,,,,,,,,,,,,,,,,,,,,,,,,,,,,インターネット,https://www.shisetsuyoyaku.city.edogawa.tokyo.jp/user/Home,,,,,,,,,,,,,,,
131237,AA0010000148,東京都江戸川区,長島桑川コミュニティ会館,ナガシマクワガワコミュニティカイカン,,集会室第4,シュウカイシツダイ4,,,,江戸川区東葛西５－３１－１８,,,,,,,,,,,,,,,,,,,09:00,21:30,,,,,,,,,,,,,,,,,,,,,,,,,,,,,,,インターネット,https://www.shisetsuyoyaku.city.edogawa.tokyo.jp/user/Home,,,,,,,,,,,,,,,
131237,AA0010000149,東京都江戸川区,長島桑川コミュニティ会館,ナガシマクワガワコミュニティカイカン,,和室,ワシツ,,,,江戸川区東葛西５－３１－１８,,,,,,,,,,,,,,,,,,,09:00,21:30,,,,,,,,,,,,,,,,,,,,,,,,,,,,,,,インターネット,https://www.shisetsuyoyaku.city.edogawa.tokyo.jp/user/Home,,,,,,,,,,,,,,,
131237,AA0010000150,東京都江戸川区,長島桑川コミュニティ会館,ナガシマクワガワコミュニティカイカン,,音楽室,オンガクシツ,,,,江戸川区東葛西５－３１－１８,,,,,,,,,,,,,,,,,,,09:00,21:30,,,,,,,,,,,,,,,,,,,,,,,,,,,,,,,インターネット,https://www.shisetsuyoyaku.city.edogawa.tokyo.jp/user/Home,,,,,,,,,,,,,,,
131237,AA0010000151,東京都江戸川区,船堀コミュニティ会館,フナボリコミュニティカイカン,,集会室第1,シュウカイシツダイ1,,,,江戸川区船堀１－３－１,,,,,,,,,,,,,,,,,,,09:00,21:30,,,,,,,,,,,,,,,,,,,,,,,,,,,,,,,インターネット,https://www.shisetsuyoyaku.city.edogawa.tokyo.jp/user/Home,,,,,,,,,,,,,,,
131237,AA0010000152,東京都江戸川区,船堀コミュニティ会館,フナボリコミュニティカイカン,,集会室第2,シュウカイシツダイ2,,,,江戸川区船堀１－３－１,,,,,,,,,,,,,,,,,,,09:00,21:30,,,,,,,,,,,,,,,,,,,,,,,,,,,,,,,インターネット,https://www.shisetsuyoyaku.city.edogawa.tokyo.jp/user/Home,,,,,,,,,,,,,,,
131237,AA0010000153,東京都江戸川区,船堀コミュニティ会館,フナボリコミュニティカイカン,,集会室第3,シュウカイシツダイ3,,,,江戸川区船堀１－３－１,,,,,,,,,,,,,,,,,,,09:00,21:30,,,,,,,,,,,,,,,,,,,,,,,,,,,,,,,インターネット,https://www.shisetsuyoyaku.city.edogawa.tokyo.jp/user/Home,,,,,,,,,,,,,,,
131237,AA0010000154,東京都江戸川区,船堀コミュニティ会館,フナボリコミュニティカイカン,,集会室第4,シュウカイシツダイ4,,,,江戸川区船堀１－３－１,,,,,,,,,,,,,,,,,,,09:00,21:30,,,,,,,,,,,,,,,,,,,,,,,,,,,,,,,インターネット,https://www.shisetsuyoyaku.city.edogawa.tokyo.jp/user/Home,,,,,,,,,,,,,,,
131237,AA0010000155,東京都江戸川区,船堀コミュニティ会館,フナボリコミュニティカイカン,,集会室第5,シュウカイシツダイ5,,,,江戸川区船堀１－３－１,,,,,,,,,,,,,,,,,,,09:00,21:30,,,,,,,,,,,,,,,,,,,,,,,,,,,,,,,インターネット,https://www.shisetsuyoyaku.city.edogawa.tokyo.jp/user/Home,,,,,,,,,,,,,,,
131237,AA0010000156,東京都江戸川区,船堀コミュニティ会館,フナボリコミュニティカイカン,,集会室第6,シュウカイシツダイ6,,,,江戸川区船堀１－３－１,,,,,,,,,,,,,,,,,,,09:00,21:30,,,,,,,,,,,,,,,,,,,,,,,,,,,,,,,インターネット,https://www.shisetsuyoyaku.city.edogawa.tokyo.jp/user/Home,,,,,,,,,,,,,,,
131237,AA0010000157,東京都江戸川区,船堀コミュニティ会館,フナボリコミュニティカイカン,,和室第1,ワシツダイ1,,,,江戸川区船堀１－３－１,,,,,,,,,,,,,,,,,,,09:00,21:30,,,,,,,,,,,,,,,,,,,,,,,,,,,,,,,インターネット,https://www.shisetsuyoyaku.city.edogawa.tokyo.jp/user/Home,,,,,,,,,,,,,,,
131237,AA0010000158,東京都江戸川区,船堀コミュニティ会館,フナボリコミュニティカイカン,,和室第2,ワシツダイ2,,,,江戸川区船堀１－３－１,,,,,,,,,,,,,,,,,,,09:00,21:30,,,,,,,,,,,,,,,,,,,,,,,,,,,,,,,インターネット,https://www.shisetsuyoyaku.city.edogawa.tokyo.jp/user/Home,,,,,,,,,,,,,,,
131237,AA0010000159,東京都江戸川区,船堀コミュニティ会館,フナボリコミュニティカイカン,,レクリエーションホール（卓球室）,レクリエーションホール（タッキュウシツ）,,,,江戸川区船堀１－３－１,,,,,,,,,,,,,,,,,,,09:00,21:30,,,,,,,,,,,,,,,,,,,,,,,,,,,,,,,インターネット,https://www.shisetsuyoyaku.city.edogawa.tokyo.jp/user/Home,,,,,,,,,,,,,,,
131237,AA0010000160,東京都江戸川区,小岩区民館,コイワクミンカン,,集会室第1,シュウカイシツダイ1,,,,江戸川区東小岩６－９－１４,,,,,,,,,,,,,,,,,,,09:00,21:30,,,,,,,,,,,,,,,,,,,,,,,,,,,,,,,インターネット,https://www.shisetsuyoyaku.city.edogawa.tokyo.jp/user/Home,,,,,,,,,,,,,,,
131237,AA0010000161,東京都江戸川区,小岩区民館,コイワクミンカン,,集会室第2,シュウカイシツダイ2,,,,江戸川区東小岩６－９－１４,,,,,,,,,,,,,,,,,,,09:00,21:30,,,,,,,,,,,,,,,,,,,,,,,,,,,,,,,インターネット,https://www.shisetsuyoyaku.city.edogawa.tokyo.jp/user/Home,,,,,,,,,,,,,,,
131237,AA0010000162,東京都江戸川区,小岩区民館,コイワクミンカン,,和室,ワシツ,,,,江戸川区東小岩６－９－１４,,,,,,,,,,,,,,,,,,,09:00,21:30,,,,,,,,,,,,,,,,,,,,,,,,,,,,,,,インターネット,https://www.shisetsuyoyaku.city.edogawa.tokyo.jp/user/Home,,,,,,,,,,,,,,,
131237,AA0010000163,東京都江戸川区,小岩区民館,コイワクミンカン,,講座講習室,コウザコウシュウシツ,,,,江戸川区東小岩６－９－１４,,,,,,,,,,,,,,,,,,,09:00,21:30,,,,,,,,,,,,,,,,,,,,,,,,,,,,,,,インターネット,https://www.shisetsuyoyaku.city.edogawa.tokyo.jp/user/Home,,,,,,,,,,,,,,,
131237,AA0010000164,東京都江戸川区,小岩区民館,コイワクミンカン,,くつろぎの間,クツロギノマ,,,,江戸川区東小岩６－９－１４,,,,,,,,,,,,,,,,,,,09:00,21:30,,,,,,,,,,,,,,,,,,,,,,,,,,,,,,,インターネット,https://www.shisetsuyoyaku.city.edogawa.tokyo.jp/user/Home,,,,,,,,,,,,,,,
131237,AA0010000165,東京都江戸川区,小岩区民館,コイワクミンカン,,レクリエーションホール,レクリエーションホール,,,,江戸川区東小岩６－９－１４,,,,,,,,,,,,,,,,,,,09:00,21:30,,,,,,,,,,,,,,,,,,,,,,,,,,,,,,,インターネット,https://www.shisetsuyoyaku.city.edogawa.tokyo.jp/user/Home,,,,,,,,,,,,,,,
131237,AA0010000166,東京都江戸川区,小岩アーバンプラザ,コイワアーバンプラザ,,ホール,ホール,,,,江戸川区北小岩１－１７－１,,,,,,,,,,,,,,,,,,,09:00,21:30,,,,,,,,,,,,,,,,,,,,,,,,,,,,,,,インターネット,https://www.shisetsuyoyaku.city.edogawa.tokyo.jp/user/Home,,,,,,,,,,,,,,,
131237,AA0010000167,東京都江戸川区,小岩アーバンプラザ,コイワアーバンプラザ,,第1楽屋,ダイ1ガクヤ,,,,江戸川区北小岩１－１７－１,,,,,,,,,,,,,,,,,,,09:00,21:30,,,,,,,,,,,,,,,,,,,,,,,,,,,,,,,インターネット,https://www.shisetsuyoyaku.city.edogawa.tokyo.jp/user/Home,,,,,,,,,,,,,,,
131237,AA0010000168,東京都江戸川区,小岩アーバンプラザ,コイワアーバンプラザ,,第2楽屋,ダイ2ガクヤ,,,,江戸川区北小岩１－１７－１,,,,,,,,,,,,,,,,,,,09:00,21:30,,,,,,,,,,,,,,,,,,,,,,,,,,,,,,,インターネット,https://www.shisetsuyoyaku.city.edogawa.tokyo.jp/user/Home,,,,,,,,,,,,,,,
131237,AA0010000169,東京都江戸川区,小岩アーバンプラザ,コイワアーバンプラザ,,第3楽屋,ダイ3ガクヤ,,,,江戸川区北小岩１－１７－１,,,,,,,,,,,,,,,,,,,09:00,21:30,,,,,,,,,,,,,,,,,,,,,,,,,,,,,,,インターネット,https://www.shisetsuyoyaku.city.edogawa.tokyo.jp/user/Home,,,,,,,,,,,,,,,
131237,AA0010000170,東京都江戸川区,小岩アーバンプラザ,コイワアーバンプラザ,,集会室第1,シュウカイシツダイ1,,,,江戸川区北小岩１－１７－１,,,,,,,,,,,,,,,,,,,09:00,21:30,,,,,,,,,,,,,,,,,,,,,,,,,,,,,,,インターネット,https://www.shisetsuyoyaku.city.edogawa.tokyo.jp/user/Home,,,,,,,,,,,,,,,
131237,AA0010000171,東京都江戸川区,小岩アーバンプラザ,コイワアーバンプラザ,,集会室第2,シュウカイシツダイ2,,,,江戸川区北小岩１－１７－１,,,,,,,,,,,,,,,,,,,09:00,21:30,,,,,,,,,,,,,,,,,,,,,,,,,,,,,,,インターネット,https://www.shisetsuyoyaku.city.edogawa.tokyo.jp/user/Home,,,,,,,,,,,,,,,
131237,AA0010000172,東京都江戸川区,小岩アーバンプラザ,コイワアーバンプラザ,,講習室,コウシュウシツ,,,,江戸川区北小岩１－１７－１,,,,,,,,,,,,,,,,,,,09:00,21:30,,,,,,,,,,,,,,,,,,,,,,,,,,,,,,,インターネット,https://www.shisetsuyoyaku.city.edogawa.tokyo.jp/user/Home,,,,,,,,,,,,,,,
131237,AA0010000173,東京都江戸川区,小岩アーバンプラザ,コイワアーバンプラザ,,和室,ワシツ,,,,江戸川区北小岩１－１７－１,,,,,,,,,,,,,,,,,,,09:00,21:30,,,,,,,,,,,,,,,,,,,,,,,,,,,,,,,インターネット,https://www.shisetsuyoyaku.city.edogawa.tokyo.jp/user/Home,,,,,,,,,,,,,,,
131237,AA0010000174,東京都江戸川区,小岩アーバンプラザ,コイワアーバンプラザ,,健康スタジオ,ケンコウスタジオ,,,,江戸川区北小岩１－１７－１,,,,,,,,,,,,,,,,,,,09:00,21:30,,,,,,,,,,,,,,,,,,,,,,,,,,,,,,,インターネット,https://www.shisetsuyoyaku.city.edogawa.tokyo.jp/user/Home,,,,,,,,,,,,,,,
131237,AA0010000175,東京都江戸川区,小岩アーバンプラザ,コイワアーバンプラザ,,展示ギャラリー,テンジギャラリー,,,,江戸川区北小岩１－１７－１,,,,,,,,,,,,,,,,,,,09:00,21:30,,,,,,,,,,,,,,,,,,,,,,,,,,,,,,,インターネット,https://www.shisetsuyoyaku.city.edogawa.tokyo.jp/user/Home,,,,,,,,,,,,,,,
131237,AA0010000176,東京都江戸川区,小岩アーバンプラザ,コイワアーバンプラザ,,健康ルーム,ケンコウルーム,,,,江戸川区北小岩１－１７－１,,,,,,,,,,,,,,,,,,,09:00,21:30,,,,,,,,,,,,,,,,,,,,,,,,,,,,,,,インターネット,https://www.shisetsuyoyaku.city.edogawa.tokyo.jp/user/Home,,,,,,,,,,,,,,,
131237,AA0010000177,東京都江戸川区,小岩アーバンプラザ,コイワアーバンプラザ,,スカイプール,スカイプール,,,,江戸川区北小岩１－１７－１,,,,,,,,,,,,,,,,,,,09:00,21:30,,,,,,,,,,,,,,,,,,,,,,,,,,,,,,,インターネット,https://www.shisetsuyoyaku.city.edogawa.tokyo.jp/user/Home,,,,,,,,,,,,,,,
131237,AA0010000178,東京都江戸川区,西小岩コミュニティ会館,ニシコイワコミュニティカイカン,,スポーツルーム,スポーツルーム,,,,江戸川区西小岩４－３－２２,,,,,,,,,,,,,,,,,,,09:00,21:30,,,,,,,,,,,,,,,,,,,,,,,,,,,,,,,インターネット,https://www.shisetsuyoyaku.city.edogawa.tokyo.jp/user/Home,,,,,,,,,,,,,,,
131237,AA0010000179,東京都江戸川区,西小岩コミュニティ会館,ニシコイワコミュニティカイカン,,集会室第1,シュウカイシツダイ1,,,,江戸川区西小岩４－３－２２,,,,,,,,,,,,,,,,,,,09:00,21:30,,,,,,,,,,,,,,,,,,,,,,,,,,,,,,,インターネット,https://www.shisetsuyoyaku.city.edogawa.tokyo.jp/user/Home,,,,,,,,,,,,,,,
131237,AA0010000180,東京都江戸川区,西小岩コミュニティ会館,ニシコイワコミュニティカイカン,,集会室第2,シュウカイシツダイ2,,,,江戸川区西小岩４－３－２２,,,,,,,,,,,,,,,,,,,09:00,21:30,,,,,,,,,,,,,,,,,,,,,,,,,,,,,,,インターネット,https://www.shisetsuyoyaku.city.edogawa.tokyo.jp/user/Home,,,,,,,,,,,,,,,
131237,AA0010000181,東京都江戸川区,西小岩コミュニティ会館,ニシコイワコミュニティカイカン,,集会室第3,シュウカイシツダイ3,,,,江戸川区西小岩４－３－２２,,,,,,,,,,,,,,,,,,,09:00,21:30,,,,,,,,,,,,,,,,,,,,,,,,,,,,,,,インターネット,https://www.shisetsuyoyaku.city.edogawa.tokyo.jp/user/Home,,,,,,,,,,,,,,,
131237,AA0010000182,東京都江戸川区,西小岩コミュニティ会館,ニシコイワコミュニティカイカン,,集会室第4,シュウカイシツダイ4,,,,江戸川区西小岩４－３－２２,,,,,,,,,,,,,,,,,,,09:00,21:30,,,,,,,,,,,,,,,,,,,,,,,,,,,,,,,インターネット,https://www.shisetsuyoyaku.city.edogawa.tokyo.jp/user/Home,,,,,,,,,,,,,,,
131237,AA0010000183,東京都江戸川区,西小岩コミュニティ会館,ニシコイワコミュニティカイカン,,和室,ワシツ,,,,江戸川区西小岩４－３－２２,,,,,,,,,,,,,,,,,,,09:00,21:30,,,,,,,,,,,,,,,,,,,,,,,,,,,,,,,インターネット,https://www.shisetsuyoyaku.city.edogawa.tokyo.jp/user/Home,,,,,,,,,,,,,,,
131237,AA0010000184,東京都江戸川区,北小岩コミュニティ会館,キタコイワコミュニティカイカン,,スポーツルーム,スポーツルーム,,,,江戸川区北小岩６－３５－１７,,,,,,,,,,,,,,,,,,,09:00,21:30,,,,,,,,,,,,,,,,,,,,,,,,,,,,,,,インターネット,https://www.shisetsuyoyaku.city.edogawa.tokyo.jp/user/Home,,,,,,,,,,,,,,,
131237,AA0010000185,東京都江戸川区,北小岩コミュニティ会館,キタコイワコミュニティカイカン,,集会室第1,シュウカイシツダイ1,,,,江戸川区北小岩６－３５－１７,,,,,,,,,,,,,,,,,,,09:00,21:30,,,,,,,,,,,,,,,,,,,,,,,,,,,,,,,インターネット,https://www.shisetsuyoyaku.city.edogawa.tokyo.jp/user/Home,,,,,,,,,,,,,,,
131237,AA0010000186,東京都江戸川区,北小岩コミュニティ会館,キタコイワコミュニティカイカン,,集会室第2,シュウカイシツダイ2,,,,江戸川区北小岩６－３５－１７,,,,,,,,,,,,,,,,,,,09:00,21:30,,,,,,,,,,,,,,,,,,,,,,,,,,,,,,,インターネット,https://www.shisetsuyoyaku.city.edogawa.tokyo.jp/user/Home,,,,,,,,,,,,,,,
131237,AA0010000187,東京都江戸川区,北小岩コミュニティ会館,キタコイワコミュニティカイカン,,集会室第3,シュウカイシツダイ3,,,,江戸川区北小岩６－３５－１７,,,,,,,,,,,,,,,,,,,09:00,21:30,,,,,,,,,,,,,,,,,,,,,,,,,,,,,,,インターネット,https://www.shisetsuyoyaku.city.edogawa.tokyo.jp/user/Home,,,,,,,,,,,,,,,
131237,AA0010000188,東京都江戸川区,北小岩コミュニティ会館,キタコイワコミュニティカイカン,,集会室第4,シュウカイシツダイ4,,,,江戸川区北小岩６－３５－１７,,,,,,,,,,,,,,,,,,,09:00,21:30,,,,,,,,,,,,,,,,,,,,,,,,,,,,,,,インターネット,https://www.shisetsuyoyaku.city.edogawa.tokyo.jp/user/Home,,,,,,,,,,,,,,,
131237,AA0010000189,東京都江戸川区,北小岩コミュニティ会館,キタコイワコミュニティカイカン,,集会室第5,シュウカイシツダイ5,,,,江戸川区北小岩６－３５－１７,,,,,,,,,,,,,,,,,,,09:00,21:30,,,,,,,,,,,,,,,,,,,,,,,,,,,,,,,インターネット,https://www.shisetsuyoyaku.city.edogawa.tokyo.jp/user/Home,,,,,,,,,,,,,,,
131237,AA0010000190,東京都江戸川区,北小岩コミュニティ会館,キタコイワコミュニティカイカン,,集会室第6,シュウカイシツダイ6,,,,江戸川区北小岩６－３５－１７,,,,,,,,,,,,,,,,,,,09:00,21:30,,,,,,,,,,,,,,,,,,,,,,,,,,,,,,,インターネット,https://www.shisetsuyoyaku.city.edogawa.tokyo.jp/user/Home,,,,,,,,,,,,,,,
131237,AA0010000191,東京都江戸川区,北小岩コミュニティ会館,キタコイワコミュニティカイカン,,和室第1,ワシツダイ1,,,,江戸川区北小岩６－３５－１７,,,,,,,,,,,,,,,,,,,09:00,21:30,,,,,,,,,,,,,,,,,,,,,,,,,,,,,,,インターネット,https://www.shisetsuyoyaku.city.edogawa.tokyo.jp/user/Home,,,,,,,,,,,,,,,
131237,AA0010000192,東京都江戸川区,北小岩コミュニティ会館,キタコイワコミュニティカイカン,,和室第2,ワシツダイ2,,,,江戸川区北小岩６－３５－１７,,,,,,,,,,,,,,,,,,,09:00,21:30,,,,,,,,,,,,,,,,,,,,,,,,,,,,,,,インターネット,https://www.shisetsuyoyaku.city.edogawa.tokyo.jp/user/Home,,,,,,,,,,,,,,,
131237,AA0010000193,東京都江戸川区,北小岩コミュニティ会館,キタコイワコミュニティカイカン,,音楽室,オンガクシツ,,,,江戸川区北小岩６－３５－１７,,,,,,,,,,,,,,,,,,,09:00,21:30,,,,,,,,,,,,,,,,,,,,,,,,,,,,,,,インターネット,https://www.shisetsuyoyaku.city.edogawa.tokyo.jp/user/Home,,,,,,,,,,,,,,,
131237,AA0010000194,東京都江戸川区,北小岩コミュニティ会館,キタコイワコミュニティカイカン,,子ども広場,コドモヒロバ,,,,江戸川区北小岩６－３５－１７,,,,,,,,,,,,,,,,,,,09:00,21:30,,,,,,,,,,,,,,,,,,,,,,,,,,,,,,,インターネット,https://www.shisetsuyoyaku.city.edogawa.tokyo.jp/user/Home,,,,,,,,,,,,,,,
131237,AA0010000195,東京都江戸川区,南小岩コミュニティ会館,ミナミコイワコミュニティカイカン,,スポーツルーム,スポーツルーム,,,,江戸川区南小岩７－１７－１０,,,,,,,,,,,,,,,,,,,09:00,21:30,,,,,,,,,,,,,,,,,,,,,,,,,,,,,,,インターネット,https://www.shisetsuyoyaku.city.edogawa.tokyo.jp/user/Home,,,,,,,,,,,,,,,
131237,AA0010000196,東京都江戸川区,南小岩コミュニティ会館,ミナミコイワコミュニティカイカン,,集会室第1,シュウカイシツダイ1,,,,江戸川区南小岩７－１７－１０,,,,,,,,,,,,,,,,,,,09:00,21:30,,,,,,,,,,,,,,,,,,,,,,,,,,,,,,,インターネット,https://www.shisetsuyoyaku.city.edogawa.tokyo.jp/user/Home,,,,,,,,,,,,,,,
131237,AA0010000197,東京都江戸川区,南小岩コミュニティ会館,ミナミコイワコミュニティカイカン,,集会室第2,シュウカイシツダイ2,,,,江戸川区南小岩７－１７－１０,,,,,,,,,,,,,,,,,,,09:00,21:30,,,,,,,,,,,,,,,,,,,,,,,,,,,,,,,インターネット,https://www.shisetsuyoyaku.city.edogawa.tokyo.jp/user/Home,,,,,,,,,,,,,,,
131237,AA0010000198,東京都江戸川区,南小岩コミュニティ会館,ミナミコイワコミュニティカイカン,,集会室第3,シュウカイシツダイ3,,,,江戸川区南小岩７－１７－１０,,,,,,,,,,,,,,,,,,,09:00,21:30,,,,,,,,,,,,,,,,,,,,,,,,,,,,,,,インターネット,https://www.shisetsuyoyaku.city.edogawa.tokyo.jp/user/Home,,,,,,,,,,,,,,,
131237,AA0010000199,東京都江戸川区,南小岩コミュニティ会館,ミナミコイワコミュニティカイカン,,和室,ワシツ,,,,江戸川区南小岩７－１７－１０,,,,,,,,,,,,,,,,,,,09:00,21:30,,,,,,,,,,,,,,,,,,,,,,,,,,,,,,,インターネット,https://www.shisetsuyoyaku.city.edogawa.tokyo.jp/user/Home,,,,,,,,,,,,,,,
131237,AA0010000200,東京都江戸川区,上一色コミュニティセンター,カミイッシキコミュニティセンター,,集会室,シュウカイシツ,,,,江戸川区上一色２－６－１０,,,,,,,,,,,,,,,,,,,09:00,21:30,,,,,,,,,,,,,,,,,,,,,,,,,,,,,,,インターネット,https://www.shisetsuyoyaku.city.edogawa.tokyo.jp/user/Home,,,,,,,,,,,,,,,
131237,AA0010000201,東京都江戸川区,上一色コミュニティセンター,カミイッシキコミュニティセンター,,ふれあいルーム,フレアイルーム,,,,江戸川区上一色２－６－１０,,,,,,,,,,,,,,,,,,,09:00,21:30,,,,,,,,,,,,,,,,,,,,,,,,,,,,,,,インターネット,https://www.shisetsuyoyaku.city.edogawa.tokyo.jp/user/Home,,,,,,,,,,,,,,,
131237,AA0010000202,東京都江戸川区,上一色コミュニティセンター,カミイッシキコミュニティセンター,,レクリエーションホール,レクリエーションホール,,,,江戸川区上一色２－６－１０,,,,,,,,,,,,,,,,,,,09:00,21:30,,,,,,,,,,,,,,,,,,,,,,,,,,,,,,,インターネット,https://www.shisetsuyoyaku.city.edogawa.tokyo.jp/user/Home,,,,,,,,,,,,,,,
131237,AA0010000203,東京都江戸川区,上一色コミュニティセンター,カミイッシキコミュニティセンター,,和室,ワシツ,,,,江戸川区上一色２－６－１０,,,,,,,,,,,,,,,,,,,09:00,21:30,,,,,,,,,,,,,,,,,,,,,,,,,,,,,,,インターネット,https://www.shisetsuyoyaku.city.edogawa.tokyo.jp/user/Home,,,,,,,,,,,,,,,
131237,AA0010000204,東京都江戸川区,上一色コミュニティセンター,カミイッシキコミュニティセンター,,多目的室,タモクテキシツ,,,,江戸川区上一色２－６－１０,,,,,,,,,,,,,,,,,,,09:00,21:30,,,,,,,,,,,,,,,,,,,,,,,,,,,,,,,インターネット,https://www.shisetsuyoyaku.city.edogawa.tokyo.jp/user/Home,,,,,,,,,,,,,,,
131237,AA0010000205,東京都江戸川区,上一色コミュニティセンター,カミイッシキコミュニティセンター,,くつろぎの間,クツロギノマ,,,,江戸川区上一色２－６－１０,,,,,,,,,,,,,,,,,,,09:00,21:30,,,,,,,,,,,,,,,,,,,,,,,,,,,,,,,インターネット,https://www.shisetsuyoyaku.city.edogawa.tokyo.jp/user/Home,,,,,,,,,,,,,,,
131237,AA0010000206,東京都江戸川区,上一色コミュニティセンター,カミイッシキコミュニティセンター,,遊戯室,ユウギシツ,,,,江戸川区上一色２－６－１０,,,,,,,,,,,,,,,,,,,09:00,21:30,,,,,,,,,,,,,,,,,,,,,,,,,,,,,,,インターネット,https://www.shisetsuyoyaku.city.edogawa.tokyo.jp/user/Home,,,,,,,,,,,,,,,
131237,AA0010000207,東京都江戸川区,上一色コミュニティセンター,カミイッシキコミュニティセンター,,図書室,トショシツ,,,,江戸川区上一色２－６－１０,,,,,,,,,,,,,,,,,,,09:00,21:30,,,,,,,,,,,,,,,,,,,,,,,,,,,,,,,インターネット,https://www.shisetsuyoyaku.city.edogawa.tokyo.jp/user/Home,,,,,,,,,,,,,,,
131237,AA0010000208,東京都江戸川区,東部区民館,トウブクミンカン,,ホール,ホール,,,,江戸川区東瑞江１－１７－１,,,,,,,,,,,,,,,,,,,09:00,21:30,,,,,,,,,,,,,,,,,,,,,,,,,,,,,,,インターネット,https://www.shisetsuyoyaku.city.edogawa.tokyo.jp/user/Home,,,,,,,,,,,,,,,
131237,AA0010000209,東京都江戸川区,東部区民館,トウブクミンカン,,集会室くすのき,シュウカイシツクスノキ,,,,江戸川区東瑞江１－１７－１,,,,,,,,,,,,,,,,,,,09:00,21:30,,,,,,,,,,,,,,,,,,,,,,,,,,,,,,,インターネット,https://www.shisetsuyoyaku.city.edogawa.tokyo.jp/user/Home,,,,,,,,,,,,,,,
131237,AA0010000210,東京都江戸川区,東部区民館,トウブクミンカン,,集会室けやき,シュウカイシツケヤキ,,,,江戸川区東瑞江１－１７－１,,,,,,,,,,,,,,,,,,,09:00,21:30,,,,,,,,,,,,,,,,,,,,,,,,,,,,,,,インターネット,https://www.shisetsuyoyaku.city.edogawa.tokyo.jp/user/Home,,,,,,,,,,,,,,,
131237,AA0010000211,東京都江戸川区,東部区民館,トウブクミンカン,,集会室まつ,シュウカイシツマツ,,,,江戸川区東瑞江１－１７－１,,,,,,,,,,,,,,,,,,,09:00,21:30,,,,,,,,,,,,,,,,,,,,,,,,,,,,,,,インターネット,https://www.shisetsuyoyaku.city.edogawa.tokyo.jp/user/Home,,,,,,,,,,,,,,,
131237,AA0010000212,東京都江戸川区,東部区民館,トウブクミンカン,,集会室いちょう,シュウカイシツイチョウ,,,,江戸川区東瑞江１－１７－１,,,,,,,,,,,,,,,,,,,09:00,21:30,,,,,,,,,,,,,,,,,,,,,,,,,,,,,,,インターネット,https://www.shisetsuyoyaku.city.edogawa.tokyo.jp/user/Home,,,,,,,,,,,,,,,
131237,AA0010000213,東京都江戸川区,東部区民館,トウブクミンカン,,集会室つつじ,シュウカイシツツツジ,,,,江戸川区東瑞江１－１７－１,,,,,,,,,,,,,,,,,,,09:00,21:30,,,,,,,,,,,,,,,,,,,,,,,,,,,,,,,インターネット,https://www.shisetsuyoyaku.city.edogawa.tokyo.jp/user/Home,,,,,,,,,,,,,,,
131237,AA0010000214,東京都江戸川区,東部区民館,トウブクミンカン,,集会室りんどう,シュウカイシツリンドウ,,,,江戸川区東瑞江１－１７－１,,,,,,,,,,,,,,,,,,,09:00,21:30,,,,,,,,,,,,,,,,,,,,,,,,,,,,,,,インターネット,https://www.shisetsuyoyaku.city.edogawa.tokyo.jp/user/Home,,,,,,,,,,,,,,,
131237,AA0010000215,東京都江戸川区,東部区民館,トウブクミンカン,,和室やすらぎ,ワシツヤスラギ,,,,江戸川区東瑞江１－１７－１,,,,,,,,,,,,,,,,,,,09:00,21:30,,,,,,,,,,,,,,,,,,,,,,,,,,,,,,,インターネット,https://www.shisetsuyoyaku.city.edogawa.tokyo.jp/user/Home,,,,,,,,,,,,,,,
131237,AA0010000216,東京都江戸川区,東部区民館,トウブクミンカン,,和室ふるさと,ワシツフルサト,,,,江戸川区東瑞江１－１７－１,,,,,,,,,,,,,,,,,,,09:00,21:30,,,,,,,,,,,,,,,,,,,,,,,,,,,,,,,インターネット,https://www.shisetsuyoyaku.city.edogawa.tokyo.jp/user/Home,,,,,,,,,,,,,,,
131237,AA0010000217,東京都江戸川区,東部区民館,トウブクミンカン,,スポーツルームA,スポーツルームA,,,,江戸川区東瑞江１－１７－１,,,,,,,,,,,,,,,,,,,09:00,21:30,,,,,,,,,,,,,,,,,,,,,,,,,,,,,,,インターネット,https://www.shisetsuyoyaku.city.edogawa.tokyo.jp/user/Home,,,,,,,,,,,,,,,
131237,AA0010000218,東京都江戸川区,東部区民館,トウブクミンカン,,スポーツルームB,スポーツルームB,,,,江戸川区東瑞江１－１７－１,,,,,,,,,,,,,,,,,,,09:00,21:30,,,,,,,,,,,,,,,,,,,,,,,,,,,,,,,インターネット,https://www.shisetsuyoyaku.city.edogawa.tokyo.jp/user/Home,,,,,,,,,,,,,,,
131237,AA0010000219,東京都江戸川区,東部区民館,トウブクミンカン,,レクリエーションホール,レクリエーションホール,,,,江戸川区東瑞江１－１７－１,,,,,,,,,,,,,,,,,,,09:00,21:30,,,,,,,,,,,,,,,,,,,,,,,,,,,,,,,インターネット,https://www.shisetsuyoyaku.city.edogawa.tokyo.jp/user/Home,,,,,,,,,,,,,,,
131237,AA0010000220,東京都江戸川区,東部フレンドホール,トウブフレンドホール,,ホール,ホール,,,,江戸川区瑞江２－５－７,,,,,,,,,,,,,,,,,,,09:00,21:30,,,,,,,,,,,,,,,,,,,,,,,,,,,,,,,インターネット,https://www.shisetsuyoyaku.city.edogawa.tokyo.jp/user/Home,,,,,,,,,,,,,,,
131237,AA0010000221,東京都江戸川区,東部フレンドホール,トウブフレンドホール,,第1楽屋,ダイ1ガクヤ,,,,江戸川区瑞江２－５－７,,,,,,,,,,,,,,,,,,,09:00,21:30,,,,,,,,,,,,,,,,,,,,,,,,,,,,,,,インターネット,https://www.shisetsuyoyaku.city.edogawa.tokyo.jp/user/Home,,,,,,,,,,,,,,,
131237,AA0010000222,東京都江戸川区,東部フレンドホール,トウブフレンドホール,,第2楽屋,ダイ2ガクヤ,,,,江戸川区瑞江２－５－７,,,,,,,,,,,,,,,,,,,09:00,21:30,,,,,,,,,,,,,,,,,,,,,,,,,,,,,,,インターネット,https://www.shisetsuyoyaku.city.edogawa.tokyo.jp/user/Home,,,,,,,,,,,,,,,
131237,AA0010000223,東京都江戸川区,東部フレンドホール,トウブフレンドホール,,第3楽屋,ダイ3ガクヤ,,,,江戸川区瑞江２－５－７,,,,,,,,,,,,,,,,,,,09:00,21:30,,,,,,,,,,,,,,,,,,,,,,,,,,,,,,,インターネット,https://www.shisetsuyoyaku.city.edogawa.tokyo.jp/user/Home,,,,,,,,,,,,,,,
131237,AA0010000224,東京都江戸川区,東部フレンドホール,トウブフレンドホール,,集会室第1,シュウカイシツダイ1,,,,江戸川区瑞江２－５－７,,,,,,,,,,,,,,,,,,,09:00,21:30,,,,,,,,,,,,,,,,,,,,,,,,,,,,,,,インターネット,https://www.shisetsuyoyaku.city.edogawa.tokyo.jp/user/Home,,,,,,,,,,,,,,,
131237,AA0010000225,東京都江戸川区,東部フレンドホール,トウブフレンドホール,,集会室第2,シュウカイシツダイ2,,,,江戸川区瑞江２－５－７,,,,,,,,,,,,,,,,,,,09:00,21:30,,,,,,,,,,,,,,,,,,,,,,,,,,,,,,,インターネット,https://www.shisetsuyoyaku.city.edogawa.tokyo.jp/user/Home,,,,,,,,,,,,,,,
131237,AA0010000226,東京都江戸川区,東部フレンドホール,トウブフレンドホール,,集会室第3,シュウカイシツダイ3,,,,江戸川区瑞江２－５－７,,,,,,,,,,,,,,,,,,,09:00,21:30,,,,,,,,,,,,,,,,,,,,,,,,,,,,,,,インターネット,https://www.shisetsuyoyaku.city.edogawa.tokyo.jp/user/Home,,,,,,,,,,,,,,,
131237,AA0010000227,東京都江戸川区,東部フレンドホール,トウブフレンドホール,,集会室第4,シュウカイシツダイ4,,,,江戸川区瑞江２－５－７,,,,,,,,,,,,,,,,,,,09:00,21:30,,,,,,,,,,,,,,,,,,,,,,,,,,,,,,,インターネット,https://www.shisetsuyoyaku.city.edogawa.tokyo.jp/user/Home,,,,,,,,,,,,,,,
131237,AA0010000228,東京都江戸川区,東部フレンドホール,トウブフレンドホール,,料理講習室,リョウリコウシュウシツ,,,,江戸川区瑞江２－５－７,,,,,,,,,,,,,,,,,,,09:00,21:30,,,,,,,,,,,,,,,,,,,,,,,,,,,,,,,インターネット,https://www.shisetsuyoyaku.city.edogawa.tokyo.jp/user/Home,,,,,,,,,,,,,,,
131237,AA0010000229,東京都江戸川区,東部フレンドホール,トウブフレンドホール,,和室,ワシツ,,,,江戸川区瑞江２－５－７,,,,,,,,,,,,,,,,,,,09:00,21:30,,,,,,,,,,,,,,,,,,,,,,,,,,,,,,,インターネット,https://www.shisetsuyoyaku.city.edogawa.tokyo.jp/user/Home,,,,,,,,,,,,,,,
131237,AA0010000230,東京都江戸川区,東部フレンドホール,トウブフレンドホール,,音楽室第1,オンガクシツダイ1,,,,江戸川区瑞江２－５－７,,,,,,,,,,,,,,,,,,,09:00,21:30,,,,,,,,,,,,,,,,,,,,,,,,,,,,,,,インターネット,https://www.shisetsuyoyaku.city.edogawa.tokyo.jp/user/Home,,,,,,,,,,,,,,,
131237,AA0010000231,東京都江戸川区,東部フレンドホール,トウブフレンドホール,,音楽室第2,オンガクシツダイ2,,,,江戸川区瑞江２－５－７,,,,,,,,,,,,,,,,,,,09:00,21:30,,,,,,,,,,,,,,,,,,,,,,,,,,,,,,,インターネット,https://www.shisetsuyoyaku.city.edogawa.tokyo.jp/user/Home,,,,,,,,,,,,,,,
131237,AA0010000232,東京都江戸川区,東部フレンドホール,トウブフレンドホール,,健康スタジオ,ケンコウスタジオ,,,,江戸川区瑞江２－５－７,,,,,,,,,,,,,,,,,,,09:00,21:30,,,,,,,,,,,,,,,,,,,,,,,,,,,,,,,インターネット,https://www.shisetsuyoyaku.city.edogawa.tokyo.jp/user/Home,,,,,,,,,,,,,,,
131237,AA0010000233,東京都江戸川区,瑞江コミュニティ会館,ミズエコミュニティカイカン,,集会室第1,シュウカイシツダイ1,,,,江戸川区西瑞江３－１８－１,,,,,,,,,,,,,,,,,,,09:00,21:30,,,,,,,,,,,,,,,,,,,,,,,,,,,,,,,インターネット,https://www.shisetsuyoyaku.city.edogawa.tokyo.jp/user/Home,,,,,,,,,,,,,,,
131237,AA0010000234,東京都江戸川区,瑞江コミュニティ会館,ミズエコミュニティカイカン,,集会室第2,シュウカイシツダイ2,,,,江戸川区西瑞江３－１８－１,,,,,,,,,,,,,,,,,,,09:00,21:30,,,,,,,,,,,,,,,,,,,,,,,,,,,,,,,インターネット,https://www.shisetsuyoyaku.city.edogawa.tokyo.jp/user/Home,,,,,,,,,,,,,,,
131237,AA0010000235,東京都江戸川区,瑞江コミュニティ会館,ミズエコミュニティカイカン,,集会室第3,シュウカイシツダイ3,,,,江戸川区西瑞江３－１８－１,,,,,,,,,,,,,,,,,,,09:00,21:30,,,,,,,,,,,,,,,,,,,,,,,,,,,,,,,インターネット,https://www.shisetsuyoyaku.city.edogawa.tokyo.jp/user/Home,,,,,,,,,,,,,,,
131237,AA0010000236,東京都江戸川区,瑞江コミュニティ会館,ミズエコミュニティカイカン,,和室,ワシツ,,,,江戸川区西瑞江３－１８－１,,,,,,,,,,,,,,,,,,,09:00,21:30,,,,,,,,,,,,,,,,,,,,,,,,,,,,,,,インターネット,https://www.shisetsuyoyaku.city.edogawa.tokyo.jp/user/Home,,,,,,,,,,,,,,,
131237,AA0010000237,東京都江戸川区,江戸川コミュニティ会館,エドガワコミュニティカイカン,,レクリエーションホール,レクリエーションホール,,,,江戸川区江戸川２－８,,,,,,,,,,,,,,,,,,,09:00,21:30,,,,,,,,,,,,,,,,,,,,,,,,,,,,,,,インターネット,https://www.shisetsuyoyaku.city.edogawa.tokyo.jp/user/Home,,,,,,,,,,,,,,,
131237,AA0010000238,東京都江戸川区,江戸川コミュニティ会館,エドガワコミュニティカイカン,,集会室第1,シュウカイシツダイ1,,,,江戸川区江戸川２－８,,,,,,,,,,,,,,,,,,,09:00,21:30,,,,,,,,,,,,,,,,,,,,,,,,,,,,,,,インターネット,https://www.shisetsuyoyaku.city.edogawa.tokyo.jp/user/Home,,,,,,,,,,,,,,,
131237,AA0010000239,東京都江戸川区,江戸川コミュニティ会館,エドガワコミュニティカイカン,,集会室第2,シュウカイシツダイ2,,,,江戸川区江戸川２－８,,,,,,,,,,,,,,,,,,,09:00,21:30,,,,,,,,,,,,,,,,,,,,,,,,,,,,,,,インターネット,https://www.shisetsuyoyaku.city.edogawa.tokyo.jp/user/Home,,,,,,,,,,,,,,,
131237,AA0010000240,東京都江戸川区,江戸川コミュニティ会館,エドガワコミュニティカイカン,,集会室第3,シュウカイシツダイ3,,,,江戸川区江戸川２－８,,,,,,,,,,,,,,,,,,,09:00,21:30,,,,,,,,,,,,,,,,,,,,,,,,,,,,,,,インターネット,https://www.shisetsuyoyaku.city.edogawa.tokyo.jp/user/Home,,,,,,,,,,,,,,,
131237,AA0010000241,東京都江戸川区,江戸川コミュニティ会館,エドガワコミュニティカイカン,,親子ひろば,オヤコヒロバ,,,,江戸川区江戸川２－８,,,,,,,,,,,,,,,,,,,09:00,21:30,,,,,,,,,,,,,,,,,,,,,,,,,,,,,,,インターネット,https://www.shisetsuyoyaku.city.edogawa.tokyo.jp/user/Home,,,,,,,,,,,,,,,
131237,AA0010000242,東京都江戸川区,鹿骨区民館,シシボネクミンカン,,ホール,ホール,,,,江戸川区鹿骨１－５４－２,,,,,,,,,,,,,,,,,,,09:00,21:30,,,,,,,,,,,,,,,,,,,,,,,,,,,,,,,インターネット,https://www.shisetsuyoyaku.city.edogawa.tokyo.jp/user/Home,,,,,,,,,,,,,,,
131237,AA0010000243,東京都江戸川区,鹿骨区民館,シシボネクミンカン,,集会室すみれ,シュウカイシツスミレ,,,,江戸川区鹿骨１－５４－２,,,,,,,,,,,,,,,,,,,09:00,21:30,,,,,,,,,,,,,,,,,,,,,,,,,,,,,,,インターネット,https://www.shisetsuyoyaku.city.edogawa.tokyo.jp/user/Home,,,,,,,,,,,,,,,
131237,AA0010000244,東京都江戸川区,鹿骨区民館,シシボネクミンカン,,集会室りんどう,シュウカイシツリンドウ,,,,江戸川区鹿骨１－５４－２,,,,,,,,,,,,,,,,,,,09:00,21:30,,,,,,,,,,,,,,,,,,,,,,,,,,,,,,,インターネット,https://www.shisetsuyoyaku.city.edogawa.tokyo.jp/user/Home,,,,,,,,,,,,,,,
131237,AA0010000245,東京都江戸川区,鹿骨区民館,シシボネクミンカン,,集会室こぎく,シュウカイシツコギク,,,,江戸川区鹿骨１－５４－２,,,,,,,,,,,,,,,,,,,09:00,21:30,,,,,,,,,,,,,,,,,,,,,,,,,,,,,,,インターネット,https://www.shisetsuyoyaku.city.edogawa.tokyo.jp/user/Home,,,,,,,,,,,,,,,
131237,AA0010000246,東京都江戸川区,鹿骨区民館,シシボネクミンカン,,集会室すいせん,シュウカイシツスイセン,,,,江戸川区鹿骨１－５４－２,,,,,,,,,,,,,,,,,,,09:00,21:30,,,,,,,,,,,,,,,,,,,,,,,,,,,,,,,インターネット,https://www.shisetsuyoyaku.city.edogawa.tokyo.jp/user/Home,,,,,,,,,,,,,,,
131237,AA0010000247,東京都江戸川区,鹿骨区民館,シシボネクミンカン,,フラワーホール,フラワーホール,,,,江戸川区鹿骨１－５４－２,,,,,,,,,,,,,,,,,,,09:00,21:30,,,,,,,,,,,,,,,,,,,,,,,,,,,,,,,インターネット,https://www.shisetsuyoyaku.city.edogawa.tokyo.jp/user/Home,,,,,,,,,,,,,,,
131237,AA0010000248,東京都江戸川区,鹿骨区民館,シシボネクミンカン,,音楽室,オンガクシツ,,,,江戸川区鹿骨１－５４－２,,,,,,,,,,,,,,,,,,,09:00,21:30,,,,,,,,,,,,,,,,,,,,,,,,,,,,,,,インターネット,https://www.shisetsuyoyaku.city.edogawa.tokyo.jp/user/Home,,,,,,,,,,,,,,,
131237,AA0010000249,東京都江戸川区,鹿骨区民館,シシボネクミンカン,,和室,ワシツ,,,,江戸川区鹿骨１－５４－２,,,,,,,,,,,,,,,,,,,09:00,21:30,,,,,,,,,,,,,,,,,,,,,,,,,,,,,,,インターネット,https://www.shisetsuyoyaku.city.edogawa.tokyo.jp/user/Home,,,,,,,,,,,,,,,
131237,AA0010000250,東京都江戸川区,鹿骨区民館,シシボネクミンカン,,くつろぎの間,クツロギノマ,,,,江戸川区鹿骨１－５４－２,,,,,,,,,,,,,,,,,,,09:00,21:30,,,,,,,,,,,,,,,,,,,,,,,,,,,,,,,インターネット,https://www.shisetsuyoyaku.city.edogawa.tokyo.jp/user/Home,,,,,,,,,,,,,,,
131237,AA0010000251,東京都江戸川区,鹿骨区民館,シシボネクミンカン,,レクリェーションホール,レクリェーションホール,,,,江戸川区鹿骨１－５４－２,,,,,,,,,,,,,,,,,,,09:00,21:30,,,,,,,,,,,,,,,,,,,,,,,,,,,,,,,インターネット,https://www.shisetsuyoyaku.city.edogawa.tokyo.jp/user/Home,,,,,,,,,,,,,,,
131237,AA0010000252,東京都江戸川区,篠崎コミュニティ会館,シノザキコミュニティカイカン,,スポーツルーム,スポーツルーム,,,,江戸川区上篠崎４－２１－８,,,,,,,,,,,,,,,,,,,09:00,21:30,,,,,,,,,,,,,,,,,,,,,,,,,,,,,,,インターネット,https://www.shisetsuyoyaku.city.edogawa.tokyo.jp/user/Home,,,,,,,,,,,,,,,
131237,AA0010000253,東京都江戸川区,篠崎コミュニティ会館,シノザキコミュニティカイカン,,集会室1,シュウカイシツ1,,,,江戸川区上篠崎４－２１－８,,,,,,,,,,,,,,,,,,,09:00,21:30,,,,,,,,,,,,,,,,,,,,,,,,,,,,,,,インターネット,https://www.shisetsuyoyaku.city.edogawa.tokyo.jp/user/Home,,,,,,,,,,,,,,,
131237,AA0010000254,東京都江戸川区,篠崎コミュニティ会館,シノザキコミュニティカイカン,,集会室2,シュウカイシツ2,,,,江戸川区上篠崎４－２１－８,,,,,,,,,,,,,,,,,,,09:00,21:30,,,,,,,,,,,,,,,,,,,,,,,,,,,,,,,インターネット,https://www.shisetsuyoyaku.city.edogawa.tokyo.jp/user/Home,,,,,,,,,,,,,,,
131237,AA0010000255,東京都江戸川区,篠崎コミュニティ会館,シノザキコミュニティカイカン,,和室,ワシツ,,,,江戸川区上篠崎４－２１－８,,,,,,,,,,,,,,,,,,,09:00,21:30,,,,,,,,,,,,,,,,,,,,,,,,,,,,,,,インターネット,https://www.shisetsuyoyaku.city.edogawa.tokyo.jp/user/Home,,,,,,,,,,,,,,,
131237,AA0010000256,東京都江戸川区,篠崎コミュニティホール,シノザキコミュニティホール,,健康スタジオ,ケンコウスタジオ,,,,"江戸川区篠崎町７－２７－１
交通会館篠崎ビル",,,,,,,,,,,,,,,,,,,09:00,21:30,,,,,,,,,,,,,,,,,,,,,,,,,,,,,,,インターネット,https://www.shisetsuyoyaku.city.edogawa.tokyo.jp/user/Home,,,,,,,,,,,,,,,
131237,AA0010000257,東京都江戸川区,篠崎コミュニティホール,シノザキコミュニティホール,,集会室1,シュウカイシツ1,,,,"江戸川区篠崎町７－２７－１
交通会館篠崎ビル",,,,,,,,,,,,,,,,,,,09:00,21:30,,,,,,,,,,,,,,,,,,,,,,,,,,,,,,,インターネット,https://www.shisetsuyoyaku.city.edogawa.tokyo.jp/user/Home,,,,,,,,,,,,,,,
131237,AA0010000258,東京都江戸川区,篠崎コミュニティホール,シノザキコミュニティホール,,集会室2,シュウカイシツ2,,,,"江戸川区篠崎町７－２７－１
交通会館篠崎ビル",,,,,,,,,,,,,,,,,,,09:00,21:30,,,,,,,,,,,,,,,,,,,,,,,,,,,,,,,インターネット,https://www.shisetsuyoyaku.city.edogawa.tokyo.jp/user/Home,,,,,,,,,,,,,,,
131237,AA0010000259,東京都江戸川区,篠崎コミュニティホール,シノザキコミュニティホール,,集会室3,シュウカイシツ3,,,,"江戸川区篠崎町７－２７－１
交通会館篠崎ビル",,,,,,,,,,,,,,,,,,,09:00,21:30,,,,,,,,,,,,,,,,,,,,,,,,,,,,,,,インターネット,https://www.shisetsuyoyaku.city.edogawa.tokyo.jp/user/Home,,,,,,,,,,,,,,,
131237,AA0010000260,東京都江戸川区,新川さくら館,シンカワサクラカン,,集会室1,シュウカイシツ1,,,,江戸川区船堀７－１５－１２,,,,,,,,,,,,,,,,,,,09:00,21:30,,,,,,,,,,,,,,,,,,,,,,,,,,,,,,,インターネット,https://www.shisetsuyoyaku.city.edogawa.tokyo.jp/user/Home,,,,,,,,,,,,,,,
131237,AA0010000261,東京都江戸川区,新川さくら館,シンカワサクラカン,,集会室2,シュウカイシツ2,,,,江戸川区船堀７－１５－１２,,,,,,,,,,,,,,,,,,,09:00,21:30,,,,,,,,,,,,,,,,,,,,,,,,,,,,,,,インターネット,https://www.shisetsuyoyaku.city.edogawa.tokyo.jp/user/Home,,,,,,,,,,,,,,,
131237,AA0010000262,東京都江戸川区,新川さくら館,シンカワサクラカン,,多目的ホール,タモクテキホール,,,,江戸川区船堀７－１５－１２,,,,,,,,,,,,,,,,,,,09:00,21:30,,,,,,,,,,,,,,,,,,,,,,,,,,,,,,,インターネット,https://www.shisetsuyoyaku.city.edogawa.tokyo.jp/user/Home,,,,,,,,,,,,,,,