"施設名","所在地","緯度","経度"
"のびのび公園","沖縄県うるま市みどり町4-9-1","26.377035","127.856048"
"ビーバー公園","沖縄県うるま市みどり町5-17-1","26.378446","127.852883"
"みどり公園","沖縄県うるま市みどり町6-10-10","26.382132","127.855362"
"さくら公園","沖縄県うるま市みどり町6-9-1","26.379947","127.854411"
"安慶名中央公園（城跡）","沖縄県うるま市安慶名1045","26.381396","127.850593"
"安慶名第一公園","沖縄県うるま市安慶名308","26.372756","127.849778"
"栄野比公園","沖縄県うるま市栄野比1006-1","26.389309","127.83369"
"上平良川公園","沖縄県うるま市喜屋武627-1","26.359383","127.84621"
"喜仲児童公園","沖縄県うるま市喜仲2-836-3","26.355326","127.843532"
"喜屋武マーブ公園","沖縄県うるま市喜仲4-165-1","26.353565","127.848434"
"さんかく公園","沖縄県うるま市宮里207-1","26.355045","127.833611"
"げんき公園","沖縄県うるま市宮里263-2","26.355744","127.835344"
"宮里児童公園","沖縄県うるま市宮里330","26.353928","127.837692"
"いーしぬめー公園","沖縄県うるま市江洲2102-5","26.344816","127.83067"
"江洲中央公園","沖縄県うるま市江洲2113-9","26.346816","127.830493"
"なかばる公園","沖縄県うるま市江洲2149-9","26.348731","127.828165"
"昆布公園","沖縄県うるま市昆布1832-354","26.398078","127.841191"
"津堅公園","沖縄県うるま市勝連津堅1542","26.25017","127.938211"
"内間公園","沖縄県うるま市勝連内間937","26.318308","127.90065"
"南風原第二公園","沖縄県うるま市勝連南風原4212","26.334332","127.881647"
"平安名第二公園","沖縄県うるま市勝連平安名345-2","26.318619","127.899101"
"平安名公園","沖縄県うるま市勝連平安名529-1","26.319422","127.896633"
"平敷屋公園（タキノー）","沖縄県うるま市勝連平敷屋3472","26.305905","127.911246"
"西原第一公園","沖縄県うるま市西原126","26.375795","127.84763"
"市民の森公園","沖縄県うるま市石川3277","26.446632","127.832584"
"石川青少年の家","沖縄県うるま市石川3491-2","26.443165","127.834956"
"前原西公園","沖縄県うるま市石川山城1709-1","26.410724","127.820531"
"さくらんぼ公園","沖縄県うるま市石川山城1714","26.413862","127.81871"
"長佐久公園","沖縄県うるま市石川曙2-2771","26.416655","127.827567"
"あけぼの公園","沖縄県うるま市石川曙2-2838","26.419424","127.827052"
"東恩納公園","沖縄県うるま市石川東恩納480-2","26.409454","127.829413"
"前原公園","沖縄県うるま市石川東恩納957-4","26.410852","127.82353"
"わかば公園","沖縄県うるま市石川東恩納975-2","26.408767","127.823714"
"東山ふれあい公園","沖縄県うるま市石川東山2-11-1","26.438275","127.837847"
"スポーツ広場","沖縄県うるま市赤道175-2","26.353453","127.830484"
"希望の広場","沖縄県うるま市赤道254-2","26.354489","127.829488"
"がじゅまる公園","沖縄県うるま市赤道502-39","26.360883","127.826923"
"ひまわり公園","沖縄県うるま市赤道578-80","26.361698","127.825525"
"交通安全公園","沖縄県うるま市赤道8-2","26.357223","127.833262"
"あだん公園","沖縄県うるま市赤道971-1","26.363486","127.828336"
"田場児童公園","沖縄県うるま市田場829","26.36776","127.861796"
"与那城公園","沖縄県うるま市与那城197","26.326071","127.890978"
"Ｎ高等学校（屋上・駐車場等）","沖縄県うるま市与那城伊計224","26.386295","127.994075"
"宮城中央公園","沖縄県うるま市与那城宮城170-6","26.371793","127.985002"
"西原公園","沖縄県うるま市与那城西原803","26.328153","127.886555"
"平安座防災道路","沖縄県うるま市与那城平安座889","26.343585","127.955044"
"西地区農村集落総合管理施設","沖縄県粟国村字西165","26.583545","127.223074"
"ビジターセンター","沖縄県粟国村字東1142","26.582114","127.2334"
"粟国小中学校グラウンド","沖縄県粟国村字東1323","26.582384","127.231877"
"東ふれあいセンター","沖縄県粟国村字東1981","26.58513","127.228704"
"粟国村役場","沖縄県粟国村字東483","26.58176","127.228859"
"伊是名区ふるさとの村宿泊交流施設","沖縄県伊是名村字伊是名739-1","26.91649","127.933356"
"諸見地区交流促進センター","沖縄県伊是名村字諸見4947","26.932403","127.947534"
"伊是名村臨海ふれあい公園","沖縄県伊是名村字諸見565-4","26.931526","127.953258"
"勢理客区ふるさとの村宿泊交流施設","沖縄県伊是名村字勢理客2621-12","26.93236","127.924402"
"伊是名村立伊是名幼稚園","沖縄県伊是名村字仲田1162-2","26.930342","127.942014"
"伊是名村立伊是名小学校","沖縄県伊是名村字仲田1163","26.92949","127.94159"
"伊是名村立伊是名中学校","沖縄県伊是名村字仲田1344","26.926487","127.94145"
"伊是名村保健センター","沖縄県伊是名村字仲田1385-1","26.924512","127.941316"
"伊是名村産業支援センター","沖縄県伊是名村字仲田1385-1","26.924148","127.940753"
"仲田地区農村総合管理施設","沖縄県伊是名村字仲田144-1","26.924823","127.949894"
"伊是名村立保育所","沖縄県伊是名村字仲田1687","26.924904","127.94078"
"伊是名村役場","沖縄県伊是名村字仲田1687-22","26.923693","127.941322"
"内花区地域活動拠点活性化施設","沖縄県伊是名村字内花3051-56","26.948825","127.93961"
"ニュータウン公園","沖縄県浦添市安波茶1-13","26.244734","127.719001"
"和久原公園","沖縄県浦添市安波茶1-28","26.247659","127.718379"
"あじさい公園","沖縄県浦添市安波茶3-26","26.242256","127.720841"
"老年原公園","沖縄県浦添市安波茶3-34","26.243555","127.719259"
"浅の浦公園","沖縄県浦添市伊祖1-13","26.251595","127.717344"
"あさやら公園","沖縄県浦添市伊祖1-25-1","26.253067","127.719688"
"ひなぎく公園","沖縄県浦添市伊祖1-3-1","26.250192","127.716531"
"浦城小学校","沖縄県浦添市伊祖2-13-1","26.253767","127.717167"
"ひなげし公園","沖縄県浦添市伊祖2-23-8","26.255184","127.718186"
"かんな公園","沖縄県浦添市伊祖2-9-11","26.252913","127.715354"
"浦添商業高等学校","沖縄県浦添市伊祖3-11-1","26.25905","127.72041"
"すずらん公園","沖縄県浦添市伊祖3-3-8","26.255751","127.720038"
"伊祖公園","沖縄県浦添市伊祖3-48","26.257878","127.723121"
"まえはら公園","沖縄県浦添市伊祖4-9-1","26.254391","127.721591"
"たんぽぽ公園","沖縄県浦添市屋富祖1-7-1","26.250774","127.712318"
"仲西中学校","沖縄県浦添市屋富祖2-13-1","26.250161","127.709842"
"仲西小学校","沖縄県浦添市屋富祖2-32-1","26.250151","127.706942"
"なかし公園","沖縄県浦添市屋富祖3-1","26.252471","127.708207"
"宮城公園","沖縄県浦添市宮城2-1","26.248333","127.708723"
"ひまわり公園","沖縄県浦添市宮城2-22-1","26.247965","127.70468"
"せせらぎ公園","沖縄県浦添市宮城3-1","26.246754","127.707264"
"チョンダ公園","沖縄県浦添市宮城3-12-1","26.245965","127.704196"
"宮の浦公園","沖縄県浦添市宮城3-15-5","26.246913","127.702136"
"宮城小学校","沖縄県浦添市宮城3-7-3","26.246993","127.706481"
"大宮公園","沖縄県浦添市宮城4-2","26.244002","127.705891"
"宮仲公園","沖縄県浦添市宮城4-21-9","26.245638","127.701406"
"夕陽が丘公園","沖縄県浦添市経塚1-17","26.239984","127.722028"
"龍巻松の木公園","沖縄県浦添市経塚916","26.238748","127.724087"
"港川中学校","沖縄県浦添市港川1-1-1","26.26138","127.718253"
"牧港緑地（展望広場）","沖縄県浦添市港川1-34","26.263137","127.719058"
"経塚洗江良原公園","沖縄県浦添市字経塚253-9","26.237624","127.719899"
"港川サンハイツ公園","沖縄県浦添市字港川281-49","26.265044","127.712306"
"港川原公園","沖縄県浦添市字港川310-23","26.265075","127.71177"
"ＪＩＣＡ沖縄センター","沖縄県浦添市字前田1143-1","26.238087","127.731503"
"前田上原公園","沖縄県浦添市字前田1317-9","26.238267","127.735502"
"グリーンハイツ公園","沖縄県浦添市字前田824-1","26.240828","127.726431"
"前田ありあけハイツ公園","沖縄県浦添市字前田990-9","26.238636","127.728239"
"大平瓶ノ平原公園","沖縄県浦添市字大平479-1","26.24177","127.711341"
"沢岻緑地","沖縄県浦添市字沢岻391-1","26.236169","127.716233"
"沢岻長田原公園","沖縄県浦添市字沢岻974","26.236256","127.718245"
"城間南公園","沖縄県浦添市城間2-1-1","26.251548","127.713502"
"すみれ公園","沖縄県浦添市城間2-11-1","26.253494","127.713212"
"あさがお公園","沖縄県浦添市城間3-18-1","26.256616","127.71167"
"うしもー公園","沖縄県浦添市城間3-21-1","26.257262","127.710719"
"ぱんじー公園","沖縄県浦添市城間4-25-22","26.256736","127.716676"
"浦城公園","沖縄県浦添市城間4-33","26.260082","127.714665"
"港川小学校","沖縄県浦添市城間4-37-1","26.260981","127.716019"
"まつば公園","沖縄県浦添市城間4-38-7","26.261168","127.71677"
"泉小公園","沖縄県浦添市城間4-4","26.256085","127.713965"
"勢理客小公園","沖縄県浦添市勢理客1-22","26.241597","127.695382"
"神森小学校","沖縄県浦添市勢理客1-4-1","26.241929","127.699685"
"ゆうな公園","沖縄県浦添市勢理客2-6","26.243588","127.697171"
"むつき公園","沖縄県浦添市勢理客3-11","26.241375","127.692242"
"組踊公園","沖縄県浦添市勢理客4-14","26.245678","127.688218"
"うがんやま公園","沖縄県浦添市西原4-36","26.250719","127.749021"
"つなひき公園","沖縄県浦添市西原4-9","26.250988","127.744021"
"にしばる公園","沖縄県浦添市西原5-13","26.248282","127.740703"
"浦西さくら公園","沖縄県浦添市西原5-25","26.247524","127.744322"
"浦西あじさい公園","沖縄県浦添市西原5-27","26.245581","127.742928"
"浦西でいご公園","沖縄県浦添市西原5-29","26.245985","127.744252"
"浦西しらゆり公園","沖縄県浦添市西原5-42","26.248168","127.745841"
"浦西ひまわり公園","沖縄県浦添市西原6-28","26.24645","127.74718"
"浦西カトレア公園","沖縄県浦添市西原6-30","26.245273","127.745695"
"前田東上原公園","沖縄県浦添市前田1-46","26.238538","127.737232"
"前田山川原公園","沖縄県浦添市前田2-11","26.244818","127.73302"
"ドラゴン公園","沖縄県浦添市前田3-7","26.246472","127.738837"
"前田小学校","沖縄県浦添市前田333","26.238994","127.734395"
"でいご公園","沖縄県浦添市前田4-16","26.23692","127.736249"
"沢岻兼元原公園","沖縄県浦添市大平2-16","26.241894","127.708833"
"大平小公園","沖縄県浦添市大平2-5","26.246139","127.71044"
"めじろ公園","沖縄県浦添市沢岻1-47","26.236668","127.709957"
"沢岻前原公園","沖縄県浦添市沢岻1-7","26.234724","127.717633"
"沢岻端川原東公園","沖縄県浦添市沢岻2-13","26.234379","127.711298"
"クニンドーの森公園","沖縄県浦添市沢岻2-16","26.235253","127.709184"
"沢岻前原西公園","沖縄県浦添市沢岻2-5","26.233975","127.713959"
"沢岻小学校","沖縄県浦添市沢岻998","26.236713","127.716981"
"ＡＮＡ　ＳＰＯＲＴＳ　ＰＡＲＫ浦添（浦添運動公園）","沖縄県浦添市仲間1-13","26.251238","127.722981"
"浦添カルチャーパーク","沖縄県浦添市仲間1-9","26.250795","127.720389"
"浦添中学校","沖縄県浦添市仲間2-46-1","26.245966","127.727298"
"浦添小学校","沖縄県浦添市仲間2-47-1","26.246971","127.729754"
"浦添墓地公園","沖縄県浦添市仲間2-54","26.252439","127.72767"
"茶山第１公園","沖縄県浦添市仲間3-14","26.243381","127.727254"
"茶山第２公園","沖縄県浦添市仲間3-4","26.244573","127.727491"
"仲の浦公園","沖縄県浦添市仲西2-2-22","26.247047","127.700177"
"当山ハイツ公園","沖縄県浦添市当山1-9","26.253894","127.731468"
"当山勢理原公園","沖縄県浦添市当山2-23","26.251063","127.734148"
"当山小学校","沖縄県浦添市当山2-34-1","26.251946","127.733407"
"当山小公園","沖縄県浦添市当山2-37","26.252316","127.732477"
"浦西中学校","沖縄県浦添市当山3-1-1","26.248499","127.735764"
"内間東原公園","沖縄県浦添市内間1-13","26.238987","127.706936"
"神森中学校","沖縄県浦添市内間1-6-1","26.239335","127.707082"
"内間東公園","沖縄県浦添市内間2-19","26.235376","127.704053"
"内間西公園","沖縄県浦添市内間3-17","26.237358","127.698749"
"浦添高等学校","沖縄県浦添市内間3-26-1","26.237673","127.702934"
"内間後原公園","沖縄県浦添市内間4-18","26.240904","127.705097"
"内間小学校","沖縄県浦添市内間4-3-1","26.239071","127.70445"
"内間後原なかよし公園","沖縄県浦添市内間4-8","26.239883","127.702902"
"内間西原公園","沖縄県浦添市内間5-14","26.239286","127.697532"
"牧港緑地（ふれあい広場）","沖縄県浦添市牧港1-63-1","26.263592","127.719717"
"牧港小学校","沖縄県浦添市牧港2-14-1","26.259298","127.724518"
"まちなと公園","沖縄県浦添市牧港2-38","26.26304","127.724555"
"安川北公園","沖縄県浦添市牧港3-30-1","26.257397","127.730353"
"安川南公園","沖縄県浦添市牧港3-36-1","26.256299","127.729717"
"うえの公園","沖縄県浦添市牧港5-19","26.268643","127.723641"
"うえの北公園","沖縄県浦添市牧港5-20","26.26885","127.723499"
"安慶田小学校（運動場）","沖縄県沖縄市安慶田2-18-1","26.334965","127.813403"
"安慶田中学校（運動場）","沖縄県沖縄市安慶田3-8-1","26.3315","127.812429"
"越来中学校（運動場）","沖縄県沖縄市越来1-2-1","26.341709","127.811698"
"越来小学校（運動場）","沖縄県沖縄市越来1-2-2","26.342561","127.812369"
"美来工科高等学校（運動場）","沖縄県沖縄市越来3-17-1","26.348982","127.807948"
"諸見里公園","沖縄県沖縄市園田3-25","26.32672","127.796395"
"センター公園","沖縄県沖縄市嘉間良1-1","26.340342","127.802649"
"マンタ公園","沖縄県沖縄市海邦2-13","26.33182","127.834965"
"島袋小学校（運動場）","沖縄県沖縄市久保田2-21-1","26.324894","127.798209"
"宮里小学校（運動場）","沖縄県沖縄市宮里3-27-1","26.338868","127.821807"
"諸見小学校（運動場）","沖縄県沖縄市胡屋2-3-1","26.333372","127.800322"
"コザ中学校（運動場）","沖縄県沖縄市胡屋3-38-1","26.332054","127.80529"
"美東中学校（運動場）","沖縄県沖縄市高原5-12-1","26.322657","127.825159"
"高原小学校（運動場）","沖縄県沖縄市高原5-12-2","26.322157","127.825808"
"美東公園","沖縄県沖縄市高原5-20","26.321657","127.827254"
"山内中学校（運動場）","沖縄県沖縄市山内2-20-1","26.323523","127.784573"
"山内小学校（運動場）","沖縄県沖縄市山内2-32-2","26.3248","127.784247"
"室川小学校（運動場）","沖縄県沖縄市室川2-24-1","26.335357","127.808586"
"コザ運動公園（広域）","沖縄県沖縄市諸見里2-1","26.331987","127.787179"
"松本都市緑地","沖縄県沖縄市松本1-27","26.354378","127.816686"
"美里高等学校（運動場）","沖縄県沖縄市松本2-5-1","26.355261","127.819746"
"コザ高等学校（運動場）","沖縄県沖縄市照屋5-5-1","26.331383","127.819778"
"中の町小学校（運動場）","沖縄県沖縄市上地3-4-1","26.333113","127.793205"
"美里中学校（運動場）","沖縄県沖縄市知花1-24-1","26.359801","127.818279"
"馬場都市緑地","沖縄県沖縄市知花6-41","26.365923","127.817296"
"コザ小学校（運動場）","沖縄県沖縄市中央4-16-1","26.342548","127.800729"
"北美小学校（運動場）","沖縄県沖縄市登川1515","26.37669","127.821084"
"農民研修センター　ふれあい広場（小規模）","沖縄県沖縄市登川2380","26.36802","127.817194"
"宮里中学校（運動場）","沖縄県沖縄市東2-17-1","26.343707","127.825116"
"若夏公園","沖縄県沖縄市東2-23","26.345256","127.824246"
"美東小学校（運動場）","沖縄県沖縄市桃原3-4-1","26.33351","127.82798"
"沖縄東中学校（運動場）","沖縄県沖縄市桃原4-19-1","26.329942","127.829815"
"球陽高等学校・球陽中学校（運動場）","沖縄県沖縄市南桃原1-10-1","26.319306","127.785762"
"南桃原二丁目公園","沖縄県沖縄市南桃原2-5","26.31852","127.782204"
"北谷小学校グラウンド","沖縄県沖縄市南桃原4-13-1","26.326279","127.778249"
"八重島公園","沖縄県沖縄市八重島1-1","26.344857","127.801244"
"沖縄県総合運動公園（広域）","沖縄県沖縄市比屋根5-3-1","26.310434","127.822392"
"沖縄県総合運動公園","沖縄県沖縄市比屋根5-3-1","26.305222","127.826522"
"比屋根小学校（運動場）","沖縄県沖縄市比屋根6-2-1","26.314049","127.816723"
"美原小学校（運動場）","沖縄県沖縄市美原4-20-1","26.350052","127.82051"
"美里公園","沖縄県沖縄市美原4-4","26.348629","127.819561"
"美里小学校（運動場）","沖縄県沖縄市美里4-1-1","26.350422","127.812775"
"泡瀬小学校（運動場）","沖縄県沖縄市泡瀬2-33-10","26.316405","127.835385"
"黒潮公園","沖縄県沖縄市泡瀬2-34","26.317542","127.834841"
"美里工業高等学校（運動場）","沖縄県沖縄市泡瀬5-42-2","26.326397","127.82995"
"泡瀬市営住宅（津波避難ビル）","沖縄県沖縄市泡瀬6-27","26.329795","127.831659"
"明道公園","沖縄県沖縄市明道1-13","26.356334","127.822053"
"宇加地公民館","沖縄県恩納村字3056-1","26.423407","127.746269"
"安富祖公民館","沖縄県恩納村字安富祖120","26.499113","127.887914"
"安富祖小学校","沖縄県恩納村字安富祖1868-1","26.51255","127.898697"
"恩納村役場","沖縄県恩納村字恩納2451","26.497376","127.853681"
"恩納公民館","沖縄県恩納村字恩納2524","26.498881","127.851953"
"恩納小学校","沖縄県恩納村字恩納6069-1","26.489163","127.845304"
"恩納村総合保健福祉センター","沖縄県恩納村字恩納6302","26.487573","127.847586"
"うんな中学校","沖縄県恩納村字恩納7409-1","26.475684","127.840618"
"赤間総合運動公園","沖縄県恩納村字恩納7441","26.4716","127.842179"
"喜瀬武原公民館","沖縄県恩納村字喜瀬武原458-1","26.489564","127.908348"
"喜瀬武原小学校","沖縄県恩納村字喜瀬武原458-16","26.489943","127.910188"
"山田公民館","沖縄県恩納村字山田2698","26.433044","127.77805"
"山田小学校","沖縄県恩納村字山田997","26.433325","127.777012"
"塩屋公民館","沖縄県恩納村字真栄田1510","26.43608","127.763593"
"真栄田公民館","沖縄県恩納村字真栄田47","26.437794","127.77031"
"太田公民館","沖縄県恩納村字瀬良垣2517","26.500855","127.860225"
"瀬良垣公民館","沖縄県恩納村字瀬良垣299","26.50736","127.873929"
"前兼久公民館","沖縄県恩納村字前兼久116-1","26.449298","127.802614"
"谷茶公民館","沖縄県恩納村字谷茶1141-1","26.466318","127.826647"
"沖縄科学技術大学院大学","沖縄県恩納村字谷茶1919-4","26.461778","127.831018"
"仲泊小学校","沖縄県恩納村字仲泊433","26.440991","127.802785"
"冨着公民館","沖縄県恩納村字冨着879","26.455124","127.809738"
"名嘉真公民館","沖縄県恩納村字名嘉真1506","26.515202","127.920532"
"屋良小学校グラウンド・体育館","沖縄県嘉手納町屋良1-31-1","26.365283","127.764848"
"屋良ふれあいパーク","沖縄県嘉手納町屋良1-5","26.364999","127.761968"
"屋良城跡公園","沖縄県嘉手納町字屋良656","26.367681","127.762319"
"嘉手納高等学校グラウンド・体育館","沖縄県嘉手納町字屋良806","26.3684","127.765551"
"嘉手納運動公園陸上競技場・スポーツドーム等","沖縄県嘉手納町字屋良875","26.369964","127.772002"
"屋良第２児童公園","沖縄県嘉手納町字屋良936-2","26.36602","127.769337"
"あしびなぁ","沖縄県嘉手納町字嘉手納162-1","26.366696","127.760376"
"ちびっこ広場","沖縄県嘉手納町字嘉手納22-6","26.364114","127.757689"
"ロータリー広場","沖縄県嘉手納町字嘉手納290-10","26.363299","127.755901"
"嘉手納小学校グラウンド・体育館","沖縄県嘉手納町字嘉手納312","26.365432","127.752821"
"嘉手納中学校グラウンド・体育館","沖縄県嘉手納町字嘉手納312","26.364663","127.753336"
"野國總管公園","沖縄県嘉手納町字嘉手納322","26.366365","127.753193"
"嘉手納児童公園","沖縄県嘉手納町字嘉手納420","26.363687","127.750586"
"兼久海浜公園","沖縄県嘉手納町字兼久85-31","26.352997","127.741821"
"イユミーバンタ","沖縄県嘉手納町字水釜","26.361712","127.742181"
"西区コミュニティーセンター","沖縄県嘉手納町字水釜121","26.360169","127.749659"
"町営水釜高層住宅１０階建て","沖縄県嘉手納町字水釜379-3","26.360033","127.741224"
"嘉手納町マルチメディアセンター","沖縄県嘉手納町字水釜412","26.361657","127.740958"
"水釜児童公園","沖縄県嘉手納町字水釜6-5-1","26.356538","127.742345"
"漢那児童公園","沖縄県宜野座村字漢那1773-1","26.473958","127.958149"
"漢那小学校（グラウンド）","沖縄県宜野座村字漢那1987-5","26.47716","127.953032"
"城原近隣公園","沖縄県宜野座村字漢那2262-1","26.475411","127.941491"
"城原緑地公園","沖縄県宜野座村字漢那2276-1","26.473548","127.941459"
"漢那ヨリアゲの森緑地公園","沖縄県宜野座村字漢那976-1","26.476382","127.960568"
"漢那ダム（管理庁舎前・脇ダム下流・湖畔公園・湖畔公園駐車場）","沖縄県宜野座村字漢那中山原2015-2","26.483427","127.95132"
"宜野座小学校（グラウンド）","沖縄県宜野座村字宜野座1198","26.480305","127.974657"
"古島公園","沖縄県宜野座村字宜野座13","26.483566","127.979029"
"宜野座高校（グラウンド）","沖縄県宜野座村字宜野座157","26.483426","127.976009"
"宜野座ドーム","沖縄県宜野座村字宜野座181","26.484186","127.974281"
"宜野座村野球場","沖縄県宜野座村字宜野座188-1","26.483753","127.973098"
"村総合グラウント゛","沖縄県宜野座村字宜野座250","26.482126","127.974228"
"宜野座地区児童公園","沖縄県宜野座村字宜野座698-2","26.476702","127.990408"
"松田小学校（グラウンド）","沖縄県宜野座村字松田2261","26.488113","127.990324"
"高松公園","沖縄県宜野座村字松田2629-121","26.494393","127.984859"
"松田地区農村公園","沖縄県宜野座村字松田413-1","26.491105","127.993743"
"並松公園","沖縄県宜野座村字惣慶1484","26.478603","127.970624"
"惣慶児童公園（公民館隣接）","沖縄県宜野座村字惣慶1588","26.476783","127.974267"
"農村公園","沖縄県宜野座村字惣慶1857","26.482537","127.972103"
"福山児童公園（公民館隣接）","沖縄県宜野座村字惣慶2046-83","26.483542","127.966686"
"宜野座中学校（グラウンド）","沖縄県宜野座村惣慶1505-1","26.478184","127.968428"
"まつぼっくり公園","沖縄県宜野湾市愛知2-5","26.268626","127.769822"
"伊佐第二児童公園","沖縄県宜野湾市伊佐2-21-2","26.287012","127.753386"
"伊佐児童公園","沖縄県宜野湾市伊佐3-12-2","26.29366","127.755758"
"しちゃばる公園","沖縄県宜野湾市宇地泊1-13-7","26.270958","127.733293"
"ガジュマル児童公園","沖縄県宜野湾市宇地泊471","26.269256","127.728579"
"ゆうひ児童公園","沖縄県宜野湾市宇地泊598","26.270834","127.726385"
"かたばる公園","沖縄県宜野湾市宇地泊751-11","26.274168","127.730903"
"嘉数高台公園","沖縄県宜野湾市嘉数1-5","26.258598","127.735919"
"青空公園","沖縄県宜野湾市嘉数4-617-2","26.261946","127.730069"
"比屋良川公園","沖縄県宜野湾市嘉数4-824-1","26.258665","127.740266"
"ひゃーらばる公園","沖縄県宜野湾市我如古387","26.260233","127.747833"
"がねこ児童公園","沖縄県宜野湾市我如古4-15-40","26.254313","127.750868"
"ちゅんなー公園","沖縄県宜野湾市喜友名1-29-1","26.286795","127.763705"
"いこいの市民パーク","沖縄県宜野湾市宜野湾1-14-24","26.267215","127.763127"
"しまし公園","沖縄県宜野湾市志真志3-16-3","26.256239","127.761066"
"うえはら児童公園","沖縄県宜野湾市上原1-22-8","26.277493","127.774895"
"ながつき児童公園","沖縄県宜野湾市新城1-1-16","26.286856","127.774809"
"あらしろ児童公園","沖縄県宜野湾市新城2-5-1","26.285426","127.771916"
"まえはら児童公園","沖縄県宜野湾市真栄原1-15-18","26.257246","127.746395"
"ぐんばる公園","沖縄県宜野湾市真栄原3-11-1","26.26341","127.743106"
"おおぶき公園","沖縄県宜野湾市真栄原3-24-8","26.263645","127.745364"
"佐真下公園","沖縄県宜野湾市真栄原3-38","26.263968","127.747901"
"森川公園","沖縄県宜野湾市真志喜1-24-1","26.269734","127.741963"
"わかたけ児童公園","沖縄県宜野湾市真志喜2-10-1","26.27482","127.738093"
"いすのき児童公園","沖縄県宜野湾市真志喜2-4-1","26.272657","127.738611"
"ましき児童公園","沖縄県宜野湾市真志喜3-12-1","26.273828","127.736041"
"ゆうな児童公園","沖縄県宜野湾市真志喜3-23-1","26.276104","127.733351"
"市立グラウンド","沖縄県宜野湾市真志喜3-25-1","26.277197","127.733958"
"宜野湾海浜公園","沖縄県宜野湾市真志喜4-2-1","26.281341","127.73631"
"てぃーちがー公園","沖縄県宜野湾市真志喜5-4-1","26.270365","127.736264"
"あかみち公園","沖縄県宜野湾市赤道1-5-14","26.271876","127.770408"
"あだん児童公園","沖縄県宜野湾市大山6-26-1","26.277424","127.738535"
"シーサー児童公園","沖縄県宜野湾市大山6-44-8","26.278876","127.738478"
"上大謝名さくら公園","沖縄県宜野湾市大謝名2-26","26.26425","127.741425"
"ながた児童公園","沖縄県宜野湾市長田3-27","26.260985","127.766194"
"ふてんま公園","沖縄県宜野湾市普天間1-22-22","26.292737","127.779997"
"あすなろ児童公園","沖縄県宜野湾市野嵩1-12-1","26.280099","127.779317"
"きさらぎ児童公園","沖縄県宜野湾市野嵩1-43","26.284398","127.781768"
"まつのおか児童公園","沖縄県宜野湾市野嵩1-6-1","26.279054","127.781353"
"のだけ公園","沖縄県宜野湾市野嵩3-15-45","26.287926","127.783367"
"ひがし児童公園","沖縄県宜野湾市野嵩4-23-17","26.291437","127.784067"
"下阿嘉公民館","沖縄県久米島町阿嘉156-12","26.365189","126.798521"
"上阿嘉公民館","沖縄県久米島町阿嘉2245-55","26.368412","126.786423"
"宇江城公民館","沖縄県久米島町宇江城798","26.382369","126.773903"
"赤平頂上付近","沖縄県久米島町宇根1987-2","26.345115","126.814311"
"マチョー原付近","沖縄県久米島町宇根2000","26.347788","126.811994"
"涙石付近","沖縄県久米島町宇根891","26.346826","126.817981"
"博物館付近","沖縄県久米島町嘉手苅542","26.3417","126.763831"
"日の出御願一本松付近","沖縄県久米島町儀間1878-12","26.340988","126.777945"
"具志川公民館","沖縄県久米島町具志川647","26.373212","126.745598"
"バイパス喜久里宅付近","沖縄県久米島町兼城1010","26.344355","126.755524"
"山城集会場","沖縄県久米島町山城48","26.334488","126.786302"
"大岳小学校グランド","沖縄県久米島町山里177","26.358887","126.749367"
"山里公民館","沖縄県久米島町山里244","26.360929","126.747574"
"カラヤ原付近","沖縄県久米島町謝名堂1639-3","26.342826","126.810342"
"上江洲公民館","沖縄県久米島町上江洲229","26.356733","126.747361"
"久間地公民館","沖縄県久米島町上江洲457-40","26.357287","126.74408"
"カニク原付近","沖縄県久米島町真我里928","26.327937","126.794104"
"西アケタ原付近","沖縄県久米島町真謝1994-1","26.356121","126.805869"
"登武那覇公園","沖縄県久米島町真謝3371-1","26.349132","126.800977"
"久米島西中学校グランド","沖縄県久米島町西銘1324","26.350801","126.746888"
"銭田森林公園","沖縄県久米島町銭田1141-3","26.320151","126.805063"
"西銭田原付近","沖縄県久米島町銭田687-2","26.325192","126.794806"
"大原三叉路付近","沖縄県久米島町大原386-2","26.362735","126.724966"
"車検場付近","沖縄県久米島町大原492-1","26.359149","126.730435"
"大田タンク付近","沖縄県久米島町大田199","26.34583","126.755445"
"仲地公民館","沖縄県久米島町仲地15","26.364692","126.747126"
"中華海鮮海皇付近","沖縄県久米島町仲泊1123-5","26.347873","126.752009"
"具志川農村環境改善センター","沖縄県久米島町仲泊730","26.34982","126.747381"
"そらなみ保育園付近","沖縄県久米島町仲泊862-33","26.35021","126.749931"
"タカマス原付近","沖縄県久米島町島尻859","26.306121","126.798991"
"比屋定小学校グランド","沖縄県久米島町比屋定2220","26.380522","126.776839"
"比屋定公民館","沖縄県久米島町比屋定99","26.381157","126.779392"
"比嘉神屋付近","沖縄県久米島町比嘉1592","26.340913","126.791419"
"北原農村振興集落センター","沖縄県久米島町北原416","26.365747","126.723717"
"伊良部地区津波避難施設","沖縄県宮古島市伊良部字伊良部1471","24.81829","125.175167"
"旧伊良部中学校（グラウンド）","沖縄県宮古島市伊良部字国仲418","24.827584","125.171756"
"沖縄中央高等学校（グラウンド）","沖縄県宮古島市伊良部字前里添1079","24.833173","125.18898"
"前里添多目的共同利用施設（大ホール・集会室）","沖縄県宮古島市伊良部字前里添536","24.84489","125.208682"
"旧佐良浜小学校（グラウンド）","沖縄県宮古島市伊良部字前里添717","24.838908","125.206067"
"伊良部カントリーパーク","沖縄県宮古島市伊良部字前里添946","24.832916","125.195074"
"旧伊良部小学校（グラウンド）","沖縄県宮古島市伊良部字長浜1401","24.829769","125.169144"
"下地中学校（グラウンド）","沖縄県宮古島市下地字洲鎌250","24.744965","125.283176"
"下地小学校（グラウンド）","沖縄県宮古島市下地字洲鎌305","24.746715","125.284129"
"ツヌジ公園","沖縄県宮古島市下地字洲鎌570","24.74155","125.27961"
"川満構造改善センター","沖縄県宮古島市下地字川満191-1","24.761661","125.286142"
"与那覇地区防災センター","沖縄県宮古島市下地字与那覇1","24.749332","125.268611"
"宮古島皆愛マンション","沖縄県宮古島市下地字与那覇1388-5","24.73085","125.272746"
"宮国公民館","沖縄県宮古島市上野字宮国1241-3","24.724789","125.322223"
"大嶺集落センター","沖縄県宮古島市上野字宮国1302-1","24.732223","125.326597"
"名嘉山農村総合管理施設","沖縄県宮古島市上野字宮国1557-1","24.733256","125.317192"
"上野構造改善センター","沖縄県宮古島市上野字上野390-2","24.736615","125.315173"
"上野中学校（グラウンド）","沖縄県宮古島市上野字新里356-1","24.740668","125.333741"
"新里構造改善センター","沖縄県宮古島市上野字新里46-2","24.730082","125.344966"
"高田農村総合管理施設","沖縄県宮古島市上野字新里524-3","24.739712","125.333454"
"野原農民研修所","沖縄県宮古島市上野字野原1087","24.761737","125.323806"
"野原コミュニティ公園","沖縄県宮古島市上野字野原295-5","24.760475","125.320553"
"千代田集落場","沖縄県宮古島市上野字野原43-4","24.762473","125.314311"
"上野公民館","沖縄県宮古島市上野字野原708-1","24.742438","125.326639"
"上野小学校（グラウンド）","沖縄県宮古島市上野字野原734-2","24.7427","125.332411"
"豊原公民館","沖縄県宮古島市上野字野原814-3","24.744559","125.330467"
"下南公民館（広場）","沖縄県宮古島市城辺字下里添69-1","24.749894","125.34022"
"上区構造改善センター","沖縄県宮古島市城辺字下里添905","24.761458","125.346199"
"砂川構造改善センター","沖縄県宮古島市城辺字砂川218","24.734385","125.353706"
"旧砂川中学校（グラウンド）","沖縄県宮古島市城辺字砂川599","24.742396","125.349355"
"砂川小学校（グラウンド）","沖縄県宮古島市城辺字砂川605","24.743486","125.348258"
"砂川最寄集会所","沖縄県宮古島市城辺字砂川624","24.744411","125.347316"
"皆福農事集会所","沖縄県宮古島市城辺字新城280-1","24.738167","125.406804"
"福嶺小学校（グラウンド）","沖縄県宮古島市城辺字新城448","24.742239","125.411007"
"旧福嶺中学校（グラウンド）","沖縄県宮古島市城辺字新城634","24.743862","125.411899"
"新城公民館","沖縄県宮古島市城辺字新城745-3","24.748636","125.412703"
"西西公民館","沖縄県宮古島市城辺字西里添1021-3","24.758844","125.363941"
"西城小学校（グラウンド）","沖縄県宮古島市城辺字西里添1048","24.760406","125.364021"
"城東中学校（グラウンド）","沖縄県宮古島市城辺字西里添1080","24.76162","125.363428"
"吉田地区農業活動拠点施設","沖縄県宮古島市城辺字西里添1298","24.761595","125.360559"
"西東地区農業活動拠点施設","沖縄県宮古島市城辺字西里添158","24.743919","125.380276"
"西中集落農事集会所","沖縄県宮古島市城辺字西里添709-8","24.748859","125.36999"
"長北集落センター","沖縄県宮古島市城辺字長間2324-3","24.781995","125.365843"
"長間自治会公民館","沖縄県宮古島市城辺字長間41-1","24.770422","125.363277"
"長南公民館（広場）","沖縄県宮古島市城辺字長間689-1","24.772164","125.347599"
"比嘉地域総合施設","沖縄県宮古島市城辺字比嘉59","24.770316","125.38055"
"加治道農村総合管理センター","沖縄県宮古島市城辺字比嘉936-1","24.759057","125.381214"
"福中集落センター","沖縄県宮古島市城辺字福里1196","24.748392","125.394101"
"福東集落センター","沖縄県宮古島市城辺字福里1403-1","24.739811","125.397796"
"福北集落センター","沖縄県宮古島市城辺字福里221","24.759543","125.398713"
"城辺総合公園","沖縄県宮古島市城辺字福里245-3","24.764518","125.405946"
"福里公園","沖縄県宮古島市城辺字福里359-1","24.753485","125.394991"
"城辺陸上競技場","沖縄県宮古島市城辺字福里619-2","24.755803","125.38988"
"福南公民館（広場）","沖縄県宮古島市城辺字福里848-2","24.750361","125.387172"
"城辺小学校（グラウンド）","沖縄県宮古島市城辺字福里878","24.753073","125.393491"
"七又公民館","沖縄県宮古島市城辺字保良132","24.733684","125.41094"
"保良農村総合管理センター","沖縄県宮古島市城辺字保良424","24.731519","125.423602"
"吉野公民館","沖縄県宮古島市城辺字保良886-2","24.744647","125.43218"
"仲原地区農業活動拠点施設","沖縄県宮古島市城辺字友利1535","24.737893","125.379348"
"友利集落センター（広場）","沖縄県宮古島市城辺字友利54-2","24.731218","125.357581"
"南小学校（グラウンド）","沖縄県宮古島市平良字下里1068","24.79513","125.282605"
"平良第一小学校（グラウンド）","沖縄県宮古島市平良字下里1141","24.79797","125.28444"
"腰原公民館","沖縄県宮古島市平良字下里1309","24.79034","125.286754"
"地盛農村集会場","沖縄県宮古島市平良字下里2118","24.778392","125.307334"
"地盛農村公園","沖縄県宮古島市平良字下里2118","24.778704","125.30701"
"宮古島スポーツ観光交流拠点施設","沖縄県宮古島市平良字下里2511-35","24.775879","125.300568"
"県立宮古総合実業高等学校（グラウンド）","沖縄県宮古島市平良字下里288","24.799451","125.274121"
"鏡原小学校（グラウンド）","沖縄県宮古島市平良字下里3107-2","24.782012","125.31014"
"山中公民館","沖縄県宮古島市平良字下里3107-243","24.773605","125.318602"
"七原コミュニティセンター","沖縄県宮古島市平良字下里3107-292","24.780078","125.311564"
"鏡原中学校（グラウンド）","沖縄県宮古島市平良字下里3107-3","24.78129","125.31104"
"カママ嶺公園","沖縄県宮古島市平良字下里407-1","24.79655","125.277226"
"成川公民館","沖縄県宮古島市平良字荷川取1251-8","24.83382","125.290577"
"荷川取公園","沖縄県宮古島市平良字荷川取149","24.814277","125.284881"
"荷川取公民館","沖縄県宮古島市平良字荷川取191","24.81404","125.284163"
"市立下崎地区公民館","沖縄県宮古島市平良字荷川取486-1","24.830436","125.282583"
"市立久松地区公民館","沖縄県宮古島市平良字久貝223","24.785954","125.264184"
"久松中学校（グラウンド）","沖縄県宮古島市平良字久貝809-1","24.792554","125.269769"
"久松小学校（グラウンド）","沖縄県宮古島市平良字久貝933","24.793029","125.271487"
"狩俣小学校（グラウンド）","沖縄県宮古島市平良字狩俣1242","24.894447","125.275811"
"狩俣集落センター","沖縄県宮古島市平良字狩俣1255-1","24.895599","125.274629"
"狩俣中学校（グラウンド）","沖縄県宮古島市平良字狩俣4337","24.886888","125.280679"
"市立西原地区公民館","沖縄県宮古島市平良字西原1078-2","24.831452","125.298923"
"西辺小学校（グラウンド）","沖縄県宮古島市平良字西原1081","24.829926","125.298402"
"西辺中学校（グラウンド）","沖縄県宮古島市平良字西原1138","24.828552","125.300016"
"福山農村研修集会所","沖縄県宮古島市平良字西原2344-2","24.820394","125.317581"
"北中学校（グラウンド）","沖縄県宮古島市平良字西仲宗根500","24.807765","125.289134"
"富名腰コミュニティセンター","沖縄県宮古島市平良字西里1114-2","24.794088","125.291661"
"盛加農村公園","沖縄県宮古島市平良字西里1472-84","24.786379","125.310338"
"野原越公民館","沖縄県宮古島市平良字西里1859-4","24.778378","125.323783"
"北小学校（グラウンド）","沖縄県宮古島市平良字西里217","24.806151","125.282434"
"県立宮古高等学校（グラウンド）","沖縄県宮古島市平良字西里718-1","24.796974","125.28698"
"平良中学校（グラウンド）","沖縄県宮古島市平良字西里724","24.799329","125.286945"
"大浦農村研修集会所","沖縄県宮古島市平良字大浦433-1","24.84477","125.301509"
"大神島離島振興コミュニティセンター","沖縄県宮古島市平良字大神145","24.914182","125.308096"
"池間地区防災センター","沖縄県宮古島市平良字池間110-2","24.925037","125.245814"
"旧宮島小学校（グラウンド）","沖縄県宮古島市平良字島尻1393","24.872736","125.297407"
"島尻農村研修集会所","沖縄県宮古島市平良字島尻1436","24.874423","125.296868"
"パーントゥの里会館","沖縄県宮古島市平良字島尻26","24.87636","125.295501"
"盛加越公園","沖縄県宮古島市平良字東仲宗根547","24.805912","125.288019"
"東小学校（グラウンド）","沖縄県宮古島市平良字東仲宗根698","24.805402","125.297813"
"県立宮古工業高等学校（グラウンド）","沖縄県宮古島市平良字東仲宗根968-4","24.799027","125.299098"
"大野越公園","沖縄県宮古島市平良字東仲宗根添1166","24.800485","125.315818"
"細竹公民館（広場）","沖縄県宮古島市平良字東仲宗根添1477-2","24.789523","125.31892"
"旧宮原小学校（グラウンド）","沖縄県宮古島市平良字東仲宗根添2928","24.782374","125.334354"
"とびとり会館","沖縄県宮古島市平良字東仲宗根添2941-1","24.784559","125.335116"
"伊芸ＳＡ上り線レストラン海側芝生地","沖縄県金武町字伊芸1261","26.45926","127.872026"
"第４２ゲート前（レンジ４入口）","沖縄県金武町字伊芸1529-7","26.459255","127.886649"
"ユイニー高台","沖縄県金武町字伊芸339-7","26.461595","127.881914"
"伊芸地区運動場","沖縄県金武町字伊芸778-1","26.459531","127.878424"
"伊芸地区公民館","沖縄県金武町字伊芸778-1","26.458959","127.878746"
"伊芸地区公園（さくまつ公園）","沖縄県金武町字伊芸907-1","26.458388","127.878155"
"沖縄自動車道「杣山第二橋」北側","沖縄県金武町字屋嘉1851-18","26.460269","127.85921"
"屋嘉浄水場","沖縄県金武町字屋嘉2018","26.452458","127.846353"
"大前鉢物生産組合","沖縄県金武町字屋嘉2018-582","26.461058","127.85131"
"屋嘉地区運動場","沖縄県金武町字屋嘉2026","26.45256","127.849379"
"屋嘉区１２班高台（町道屋嘉６２号線）","沖縄県金武町字屋嘉2935-81","26.439507","127.841696"
"小浜原高台（土地改良区入口）","沖縄県金武町字屋嘉2994-11","26.443193","127.842388"
"屋嘉地区公民館","沖縄県金武町字屋嘉360-1","26.451652","127.85035"
"屋嘉西児童公園","沖縄県金武町字屋嘉599-1","26.454751","127.851208"
"中川小学校グラウンド","沖縄県金武町字金武10154","26.470767","127.937814"
"ふれあいの森公園","沖縄県金武町字金武10366-1","26.46834","127.940614"
"中川近隣公園","沖縄県金武町字金武10531","26.469791","127.93831"
"中川地区公民館","沖縄県金武町字金武10543-1","26.469936","127.938834"
"並里区民広場（パーパー森）","沖縄県金武町字金武12421-1","26.452261","127.934668"
"金武公会堂前広場","沖縄県金武町字金武138","26.455012","127.92383"
"金武町総合保健福祉センター","沖縄県金武町字金武1842","26.44881","127.927657"
"上ヌ毛公園","沖縄県金武町字金武226-2","26.454885","127.922728"
"金武中学校グラウンド","沖縄県金武町字金武3504","26.449047","127.925052"
"スポーツ広場","沖縄県金武町字金武4118-1","26.451846","127.917915"
"町営住宅浜田団地","沖縄県金武町字金武4208-1","26.450536","127.91483"
"浜田原公園","沖縄県金武町字金武4234-11","26.45094","127.91375"
"金武アクティブパーク","沖縄県金武町字金武4263-2","26.453419","127.916007"
"金武児童公園","沖縄県金武町字金武438","26.452697","127.924221"
"仲畑慶原公園","沖縄県金武町字金武5312","26.458354","127.9252"
"金武小学校グラウンド","沖縄県金武町字金武549","26.452537","127.926372"
"オランダ森緑地公園","沖縄県金武町字金武5547","26.456965","127.92848"
"芳魂の塔","沖縄県金武町字金武5548-1","26.457303","127.928893"
"大川児童公園","沖縄県金武町字金武565","26.453848","127.928296"
"並里地区公民館　（ウフマシチャ）","沖縄県金武町字金武714-2","26.454514","127.92816"
"金武町陸上競技場","沖縄県金武町字金武7758","26.453835","127.912609"
"金武地区公園","沖縄県金武町字金武7801","26.454359","127.910956"
"２３班高台（町道金武２０４号線）","沖縄県金武町字金武8107-4","26.452015","127.905379"
"石川原高台（町道金武２２４号線）","沖縄県金武町字金武8235-34","26.451275","127.901206"
"モーシヌ森公園","沖縄県金武町字金武856","26.452829","127.931296"
"喜瀬武原地区農民集会所","沖縄県金武町字金武8909","26.482383","127.912802"
"金武町役場公用車駐車場","沖縄県金武町字金武99","26.456475","127.925294"
"金武ダム公園","沖縄県金武町字金武9959","26.467081","127.932311"
"金武ダムホール","沖縄県金武町字金武9959","26.467715","127.933834"
"第４７ゲート前","沖縄県金武町渡慶頭原地内","26.452298","127.906803"
"第４６ゲート前","沖縄県金武町渡慶頭原地内","26.454419","127.90524"
"安田小学校","沖縄県国頭村字安田279","26.746506","128.318944"
"安田公民館","沖縄県国頭村字安田858","26.745802","128.315263"
"東部周遊拠点施設（道の駅やんばるパイナップルの丘安波）","沖縄県国頭村字安波1089-7","26.7052","128.280562"
"安波公民館","沖縄県国頭村字安波110","26.716188","128.286391"
"やんばる学びの森","沖縄県国頭村字安波1301-7","26.722884","128.265787"
"安波小学校","沖縄県国頭村字安波601","26.718221","128.283137"
"伊地地区体育館","沖縄県国頭村字伊地152-3","26.757026","128.190343"
"宇嘉公民館","沖縄県国頭村字宇嘉2","26.808396","128.234277"
"宇良集会所","沖縄県国頭村字宇良47-2","26.754377","128.188241"
"奥集落センター","沖縄県国頭村字奥133","26.837891","128.28775"
"奥小学校","沖縄県国頭村字奥313","26.841157","128.289296"
"奥間小学校（体育館）","沖縄県国頭村字奥間1","26.732838","128.172024"
"観光物産センター（道の駅）","沖縄県国頭村字奥間1605","26.732014","128.169241"
"奥間公民館","沖縄県国頭村字奥間64","26.7352","128.173552"
"宜名真公民館","沖縄県国頭村字宜名真214","26.847061","128.254138"
"北国小学校","沖縄県国頭村字宜名真535","26.860582","128.248662"
"くにがみ鏡地パークゴルフ場","沖縄県国頭村字鏡地142-10","26.730117","128.161345"
"鏡地公民館","沖縄県国頭村字鏡地172-2","26.730697","128.16297"
"佐手公民館","沖縄県国頭村字佐手135","26.785441","128.219533"
"佐手小学校","沖縄県国頭村字佐手293","26.786975","128.221992"
"謝敷公民館","沖縄県国頭村字謝敷213","26.780657","128.214066"
"楚洲公民館","沖縄県国頭村字楚洲325","26.792658","128.315194"
"楚洲あさひの丘","沖縄県国頭村字楚洲517","26.790753","128.314978"
"桃原公民館","沖縄県国頭村字桃原49","26.740464","128.164938"
"半地公民館","沖縄県国頭村字半地248","26.726547","128.165714"
"比地コミュニティ施設","沖縄県国頭村字比地151-2","26.726174","128.175923"
"比地キャンプ場等施設","沖縄県国頭村字比地781-1","26.719084","128.179132"
"浜公民館","沖縄県国頭村字浜102","26.718707","128.158854"
"くにがみ屋内運動場","沖縄県国頭村字浜500","26.724111","128.161275"
"国頭陸上競技場（くいなエコスポレク公園）","沖縄県国頭村字浜502","26.725145","128.162377"
"辺戸公民館","沖縄県国頭村字辺戸51-3","26.85689","128.260759"
"辺戸岬拠点施設","沖縄県国頭村字辺戸973-5","26.872521","128.263248"
"国頭村森林公園","沖縄県国頭村字辺土名1094","26.732633","128.18933"
"村民ふれあいセンター","沖縄県国頭村字辺土名112","26.746072","128.178233"
"上島公民館","沖縄県国頭村字辺土名1165","26.740443","128.177814"
"保健センター","沖縄県国頭村字辺土名1437","26.74527","128.175921"
"国頭中学校","沖縄県国頭村字辺土名1463","26.746556","128.17512"
"特別養護老人ホーム北斗園","沖縄県国頭村字辺土名1692","26.740618","128.174633"
"老人福祉センター","沖縄県国頭村字辺土名1709","26.73965","128.174107"
"辺土名小学校","沖縄県国頭村字辺土名181","26.747246","128.17706"
"総合体育館","沖縄県国頭村字辺土名2142","26.746856","128.173448"
"総合体育館","沖縄県国頭村字辺土名2142","26.746773","128.173515"
"辺土名公民館","沖縄県国頭村字辺土名791","26.745027","128.17795"
"辺野喜公民館","沖縄県国頭村字辺野喜47","26.79655","128.2356"
"旧佐手小学校辺野喜分校","沖縄県国頭村字辺野喜58","26.797324","128.235628"
"与那公民館","沖縄県国頭村字与那70","26.764069","128.204995"
"上運天農村公園","沖縄県今帰仁村字運天208-1","26.682329","127.99971"
"運天構造改善センター","沖縄県今帰仁村字運天882-1","26.687353","127.99699"
"認定こども園みらい","沖縄県今帰仁村字越地180","26.688776","127.966713"
"旧今帰仁幼稚園","沖縄県今帰仁村字越地207","26.686958","127.966943"
"今帰仁小学校（体育館）","沖縄県今帰仁村字越地207","26.688388","127.967573"
"越地農村公園","沖縄県今帰仁村字越地323-1","26.690367","127.969186"
"越地公民館","沖縄県今帰仁村字越地327","26.691062","127.969273"
"今帰仁村保健センター","沖縄県今帰仁村字玉城163-2","26.68093","127.972668"
"玉城農村公園","沖縄県今帰仁村字玉城567-1","26.67826","127.97282"
"地域活動拠点活性化施設（玉城区）","沖縄県今帰仁村字玉城612","26.678179","127.97234"
"兼次構造改善センター","沖縄県今帰仁村字兼次65","26.696243","127.938078"
"コルディオテラス古宇利","沖縄県今帰仁村字古宇利126","26.698978","128.016426"
"アマジャフバル農村公園","沖縄県今帰仁村字古宇利2427-2","26.707283","128.01758"
"古宇利オーシャンタワー","沖縄県今帰仁村字古宇利538","26.700431","128.024552"
"呉我山女性若者等活動促進施設","沖縄県今帰仁村字呉我山155-2","26.655408","127.964813"
"兼次小学校（体育館）","沖縄県今帰仁村字今泊3933","26.698222","127.93597"
"旧兼次幼稚園","沖縄県今帰仁村字今泊3933","26.698783","127.935836"
"村歴史文化センター","沖縄県今帰仁村字今泊5110","26.691781","127.92731"
"崎山公民館","沖縄県今帰仁村字崎山1","26.699756","127.957238"
"崎山農村公園","沖縄県今帰仁村字崎山211","26.699191","127.957462"
"謝名若者女性等活動促進施設","沖縄県今帰仁村字謝名100","26.682981","127.966857"
"諸志公民館","沖縄県今帰仁村字諸志130","26.695879","127.942691"
"諸志農村公園","沖縄県今帰仁村字諸志84","26.695558","127.944029"
"地域活動拠点活性化施設（上運天区）","沖縄県今帰仁村字上運天438","26.68215","127.997441"
"勢理客公民館","沖縄県今帰仁村字勢理客1","26.676645","127.983356"
"勢理客農村公園","沖縄県今帰仁村字勢理客262","26.67744","127.984872"
"仲宗根地区公園","沖縄県今帰仁村字仲宗根118-2","26.68189","127.9721"
"今帰仁村役場","沖縄県今帰仁村字仲宗根219","26.682782","127.972914"
"仲宗根公民館","沖縄県今帰仁村字仲宗根224","26.683988","127.973913"
"仲宗根農村公園","沖縄県今帰仁村字仲宗根226","26.684074","127.974053"
"今帰仁村コミュニティセンター","沖縄県今帰仁村字仲宗根230-2","26.682019","127.972413"
"村中央公民館","沖縄県今帰仁村字仲宗根232","26.681444","127.97255"
"今帰仁中学校（体育館）","沖縄県今帰仁村字仲宗根47","26.686936","127.973693"
"村総合運動公園（体育館等）","沖縄県今帰仁村字仲宗根851-1","26.695055","127.977947"
"仲尾次構造改善センター","沖縄県今帰仁村字仲尾次1","26.69875","127.95253"
"仲尾次農村公園","沖縄県今帰仁村字仲尾次2-1","26.698424","127.952197"
"沖縄県立北山高等学校","沖縄県今帰仁村字仲尾次540-1","26.692308","127.953579"
"天底小学校（体育館）","沖縄県今帰仁村字天底420","26.673868","127.983587"
"旧天底幼稚園","沖縄県今帰仁村字天底420","26.673136","127.982329"
"天底公民館","沖縄県今帰仁村字天底548","26.672843","127.981729"
"今帰仁保育所","沖縄県今帰仁村字天底91","26.681285","127.979867"
"渡喜仁地域総合施設","沖縄県今帰仁村字渡喜仁1","26.689447","127.984203"
"渡喜仁農村公園","沖縄県今帰仁村字渡喜仁188-1","26.689231","127.98405"
"平敷公民館","沖縄県今帰仁村字平敷21-1","26.690267","127.959039"
"湧川集落センター","沖縄県今帰仁村字湧川378","26.655015","127.986392"
"湧川農村公園","沖縄県今帰仁村字湧川480-1","26.654847","127.985538"
"与那嶺構造改善センター","沖縄県今帰仁村字与那嶺119","26.697671","127.949737"
"与那嶺農村公園","沖縄県今帰仁村字与那嶺122","26.697274","127.94956"
"潮平中学校","沖縄県糸満市阿波根1200","26.147609","127.674627"
"優美堂駐車場","沖縄県糸満市伊原372-2","26.095456","127.691245"
"ひめゆり会館駐車場","沖縄県糸満市伊原734","26.096366","127.689716"
"兼城小学校","沖縄県糸満市賀数1","26.145175","127.690432"
"喜屋武小学校","沖縄県糸満市喜屋武555","26.093933","127.665778"
"県営浜川団地","沖縄県糸満市兼城340","26.14167","127.67319"
"兼城中学校","沖縄県糸満市座波1271","26.144723","127.69128"
"沖縄県立糸満高校","沖縄県糸満市糸満1696-1","26.12889","127.676084"
"糸満中学校","沖縄県糸満市糸満1880","26.131463","127.676264"
"糸満小学校","沖縄県糸満市糸満673","26.130568","127.674548"
"パークタウン阿波根公園","沖縄県糸満市字阿波根1406-104","26.149891","127.681126"
"阿波根コミュニティセンター","沖縄県糸満市字阿波根43-1","26.15383","127.681931"
"賀数コミュニティセンター","沖縄県糸満市字賀数113-1","26.148071","127.692322"
"喜屋武コミュニティセンター","沖縄県糸満市字喜屋武15-1","26.092121","127.665042"
"喜屋武公園","沖縄県糸満市字喜屋武579-1","26.09215","127.665578"
"兼城区コミュニティセンター","沖縄県糸満市字兼城1021","26.135458","127.677258"
"大川区コミュニティセンター","沖縄県糸満市字兼城516-2","26.136195","127.672268"
"河尻児童公園","沖縄県糸満市字兼城614","26.135656","127.670829"
"座波区コミュニティセンター","沖縄県糸満市字座波31","26.143573","127.688243"
"平和創造の森公園多目的広場","沖縄県糸満市字山城449","26.085258","127.686964"
"国道３３１号糸満高架橋","沖縄県糸満市字糸満","26.131042","127.664907"
"前端区コミュニティセンター","沖縄県糸満市字糸満1175-1","26.127468","127.668317"
"真安良児童公園","沖縄県糸満市字糸満1410","26.128586","127.673335"
"新屋敷区コミュニティセンター","沖縄県糸満市字糸満1451-1","26.127006","127.675873"
"親田原児童公園","沖縄県糸満市字糸満1489-3","26.125036","127.673465"
"南近隣公園","沖縄県糸満市字糸満1543-1","26.123481","127.673393"
"稲嶺原市営住宅","沖縄県糸満市字糸満1736","26.127245","127.678636"
"南区コミュニティセンター","沖縄県糸満市字糸満2002-6","26.12651","127.667994"
"第一市営住宅","沖縄県糸満市字糸満2276","26.129477","127.663372"
"上之平公園","沖縄県糸満市字糸満299","26.132183","127.670831"
"町端区コミュニティセンター","沖縄県糸満市字糸満512-2","26.130854","127.668679"
"山巓毛公園","沖縄県糸満市字糸満620","26.130556","127.670933"
"照屋コミュニティセンター","沖縄県糸満市字照屋77","26.130796","127.679863"
"新垣区コミュニティセンター","沖縄県糸満市字新垣92","26.117238","127.69785"
"真栄平区コミュニティセンター","沖縄県糸満市字真栄平71-1","26.111505","127.704053"
"真栄里区コミュニティセンター","沖縄県糸満市字真栄里100","26.11707","127.676239"
"県営真栄里団地","沖縄県糸満市字真栄里1860-1","26.118334","127.667329"
"真壁公園","沖縄県糸満市字真壁1034-1","26.109921","127.693517"
"真壁コミュニティセンター","沖縄県糸満市字真壁142","26.104926","127.691386"
"真壁児童公園","沖縄県糸満市字真壁504","26.103365","127.691395"
"束辺名コミュニティセンター","沖縄県糸満市字束辺名855-2","26.089515","127.676319"
"南波平コミュニティセンター","沖縄県糸満市字南波平189","26.09915","127.680948"
"福地区コミュニティセンター","沖縄県糸満市字福地119-2","26.095667","127.676704"
"米須コミュニティセンター","沖縄県糸満市字米須42","26.093427","127.697031"
"北波平武富公園","沖縄県糸満市字北波平122-1","26.162275","127.695744"
"摩文仁コミュニティセンター","沖縄県糸満市字摩文仁89","26.094106","127.719769"
"名城区コミュニティセンター","沖縄県糸満市字名城63","26.107874","127.663921"
"与座コミュニティセンター","沖縄県糸満市字与座184-1","26.133012","127.701164"
"糸満市中央図書館","沖縄県糸満市真栄里1448","26.119475","127.672527"
"ロンドン杜公園","沖縄県糸満市真栄里1473","26.11854","127.67411"
"社会福祉センター","沖縄県糸満市真栄里857","26.111961","127.671632"
"三和中学校","沖縄県糸満市真壁519","26.102733","127.689636"
"真壁小学校","沖縄県糸満市真壁630","26.10319","127.688708"
"沖縄水産高等学校","沖縄県糸満市西崎1-1-1","26.13561","127.666291"
"サザンビーチホテル","沖縄県糸満市西崎1-6-1","26.131993","127.652945"
"西崎小学校","沖縄県糸満市西崎2-4-1","26.142338","127.66731"
"県営西崎団地","沖縄県糸満市西崎2-5-9","26.144031","127.666159"
"西崎中学校","沖縄県糸満市西崎3-422","26.146961","127.669519"
"すこやか館","沖縄県糸満市西崎6-4-8","26.142983","127.670387"
"西崎近隣公園","沖縄県糸満市西崎6-522","26.144247","127.670209"
"西崎親水公園","沖縄県糸満市西崎町3","26.144271","127.66364"
"西崎総合運動公園","沖縄県糸満市西崎町3-1","26.146436","127.663046"
"すみれ児童公園","沖縄県糸満市西崎町3-510-261","26.150762","127.66819"
"光洋小学校","沖縄県糸満市西崎町3-7-12","26.149096","127.663571"
"県営西崎第２団地","沖縄県糸満市西崎町3-7-9","26.149197","127.66198"
"みなと公園","沖縄県糸満市西崎町4-14","26.139773","127.65754"
"西川区コミュニティセンター","沖縄県糸満市西川町27-1","26.137129","127.669137"
"高嶺小学校","沖縄県糸満市大里1901","26.127651","127.689453"
"高嶺中学校","沖縄県糸満市大里1902","26.127016","127.688289"
"糸満市役所","沖縄県糸満市潮崎町1-1","26.123554","127.665772"
"糸満南小学校","沖縄県糸満市潮崎町3-1","26.120185","127.666877"
"南浜公園","沖縄県糸満市潮崎町4-29","26.117585","127.661899"
"潮平小学校","沖縄県糸満市潮平634-2","26.145524","127.674315"
"県営潮平高層住宅","沖縄県糸満市潮平791","26.150756","127.670695"
"琉球ガラス村駐車場","沖縄県糸満市福地169","26.097573","127.678044"
"ひめゆり観光センターでいご駐車場","沖縄県糸満市米須1056","26.096342","127.691376"
"米須小学校","沖縄県糸満市米須632","26.096552","127.698772"
"糸満市観光農園","沖縄県糸満市摩文仁1018","26.103001","127.71736"
"平和祈念公園","沖縄県糸満市摩文仁444","26.094945","127.72328"
"翁長児童公園","沖縄県西原町字翁長445","26.234677","127.751459"
"西原運動公園","沖縄県西原町字翁長956","26.235207","127.754731"
"我謝児童公園","沖縄県西原町字我謝474","26.216502","127.757269"
"掛保久後間毛","沖縄県西原町字掛保久1-1","26.22821","127.77032"
"幸地児童公園","沖縄県西原町字幸地53","26.23244","127.744389"
"西原台団地公園","沖縄県西原町字小橋川286","26.235211","127.759736"
"小那覇児童公園","沖縄県西原町字小那覇395-4","26.225886","127.770293"
"小波津児童公園","沖縄県西原町字小波津220","26.22398","127.751749"
"棚原児童公園","沖縄県西原町字棚原151","26.242434","127.752966"
"津花波児童公園","沖縄県西原町字津花波182","26.228181","127.761662"
"東崎都市緑地","沖縄県西原町字東崎15-1","26.214067","127.772888"
"東崎公園","沖縄県西原町字東崎5-1","26.216209","127.774094"
"桃原児童公園","沖縄県西原町字桃原59","26.220477","127.750273"
"内間児童公園","沖縄県西原町字内間63","26.229986","127.767921"
"九区児童公園","沖縄県西原町字与那城286-2","26.22079","127.7637"
"与那城児童公園","沖縄県西原町字与那城383","26.218196","127.760739"
"上原高台公園","沖縄県西原町上原1-20-4","26.240995","127.762703"
"上原南公園","沖縄県西原町上原1-5-16","26.23959","127.759248"
"上原西公園","沖縄県西原町上原2-21-7","26.244647","127.762976"
"上原東公園","沖縄県西原町上原2-4","26.242467","127.765095"
"白河公園","沖縄県西原町棚原1-14-14","26.243579","127.754436"
"伊原間はんな岳","沖縄県石垣市伊原間155-12","24.515751","124.282414"
"トムル岳","沖縄県石垣市伊原間155-2","24.533364","124.3005"
"伊原間中学校","沖縄県石垣市伊原間28","24.508729","124.281517"
"宮良小学校","沖縄県石垣市宮良331-1","24.355756","124.223277"
"産業廃棄物処理場前付近","沖縄県石垣市宮良422-6","24.355804","124.231586"
"崎枝小中学校","沖縄県石垣市崎枝530-18","24.440809","124.104656"
"県営新川団地２号棟　（５階以上の通路及び階段）","沖縄県石垣市字新川2212-1","24.355643","124.143164"
"ドリームハイツ空　（５階以上の通路及び階段）","沖縄県石垣市字真栄里307-6","24.336478","124.182676"
"ドリームタウン宮鳥　（５階以上の通路及び階段）","沖縄県石垣市字真栄里349-5","24.338152","124.186312"
"石垣市役所","沖縄県石垣市字真栄里672","24.344419","124.185245"
"福祉避難所兼ふれあい交流施設「結い心センター」","沖縄県石垣市字大川100-3","24.345291","124.162593"
"石垣市健康福祉センター","沖縄県石垣市字登野城1357-1","24.34783","124.17107"
"ホテルルートイングランティア石垣　（５階以上）","沖縄県石垣市新栄町21","24.342526","124.151305"
"新栄公園","沖縄県石垣市新栄町3-1","24.340719","124.153455"
"海上保安庁新栄町宿舎　（５階供用廊下、屋上）","沖縄県石垣市新栄町58","24.346583","124.147288"
"新川公園","沖縄県石垣市新川2395-1","24.351538","124.146391"
"ホテルロイヤルマリンパレス（５階以上）","沖縄県石垣市新川2459-1","24.355312","124.13597"
"石垣中学校","沖縄県石垣市新川307","24.347766","124.154192"
"石垣青少年の家","沖縄県石垣市新川868","24.368767","124.143646"
"県営平真団地（高層１・２号棟５階以上）","沖縄県石垣市真栄里109","24.334912","124.170042"
"真栄里公園","沖縄県石垣市真栄里109-3","24.333006","124.168253"
"ブルーシーナリー真栄里（５階以上）","沖縄県石垣市真栄里204-64","24.332732","124.177885"
"ドリームハイツ　（５階以上の通路及び階段）","沖縄県石垣市真栄里307-1","24.336836","124.182882"
"ＡＮＡインターコンチネンタル石垣リゾート（５階以上）","沖縄県石垣市真栄里354-1","24.335924","124.18937"
"沖縄県八重山合同庁舎　（５階会議室・研修室）","沖縄県石垣市真栄里438-1","24.340334","124.1878"
"八重山運輸事務所北三又路","沖縄県石垣市真栄里820-1","24.351411","124.188408"
"コンフォート真栄里（５階以上）","沖縄県石垣市真栄里97-4","24.334442","124.168683"
"石垣小学校","沖縄県石垣市石垣204","24.345332","124.158698"
"ポーサーおばさん食卓前公園","沖縄県石垣市川平1216-156","24.447455","124.168107"
"吉原小学校","沖縄県石垣市川平1218-137","24.447705","124.158046"
"大嵩公民館","沖縄県石垣市川平1218-194","24.438992","124.134957"
"川平ロータリー付近","沖縄県石垣市川平862","24.462851","124.137405"
"川平小中学校","沖縄県石垣市川平969","24.459059","124.1393"
"八重山農林高校","沖縄県石垣市大川477-1","24.345108","124.164445"
"大浜中学校（校舎２階以上）","沖縄県石垣市大浜103","24.346462","124.19517"
"石垣島徳洲会病院　（５階以上の通路、階段）","沖縄県石垣市大浜446-1","24.339903","124.18976"
"ホテルグランビュー（５階以上）","沖縄県石垣市登野城1","24.338125","124.158275"
"石垣第二中学校","沖縄県石垣市登野城1078","24.344689","124.167575"
"石垣市中央運動公園","沖縄県石垣市登野城1408-1","24.344923","124.173025"
"ホテルハッピーホリデー石垣島　（５階以上）","沖縄県石垣市登野城16","24.337158","124.159171"
"バンナ公園北口広場","沖縄県石垣市登野城2241-1","24.384053","124.17479"
"八重山高校","沖縄県石垣市登野城275","24.3418","124.164846"
"登野城小学校","沖縄県石垣市登野城290","24.342335","124.163675"
"丸栄タイル商会ビル（３階広場）","沖縄県石垣市登野城552-2","24.334671","124.166136"
"合同宿舎石垣住宅１１号棟　（５階供用廊下・エレベーターホール）","沖縄県石垣市登野城589","24.335507","124.167942"
"合同宿舎石垣住宅１０号棟　（５階供用廊下）","沖縄県石垣市登野城589","24.335419","124.168361"
"合同宿舎石垣住宅１２号棟　（５階供用廊下・エレベーターホール）","沖縄県石垣市登野城589","24.335742","124.168023"
"大里公民館","沖縄県石垣市桃里165-189","24.420156","124.245204"
"とりなき山","沖縄県石垣市桃里165-550","24.439469","124.242277"
"番屋","沖縄県石垣市桃里200-16","24.451668","124.241524"
"金比羅","沖縄県石垣市桃里200-227","24.468412","124.245408"
"ゆなむり","沖縄県石垣市白保1057-76","24.36685","124.234437"
"アパホテル石垣島（５階以上）","沖縄県石垣市八島町1-2-3","24.335043","124.159348"
"ホテルチューリップ石垣島　（５階以上の通路、階段及び７階屋上）","沖縄県石垣市八島町1-3-5","24.334628","124.159057"
"ホテルピースアイランド石垣島　（５階以上）","沖縄県石垣市美崎町11-1","24.339714","124.154682"
"ホテルイーストチャイナシー　（５階以上の通路及び階段）","沖縄県石垣市美崎町2-8","24.337163","124.158334"
"南の美ら花ホテル　ミヤヒラ　（５階以上）","沖縄県石垣市美崎町4-9","24.338473","124.155111"
"南の美ら花ホテル　ミヤヒラ（美崎館）　（５階以上の通路及び階段、９階屋上）","沖縄県石垣市美崎町4-9","24.338165","124.155992"
"ホテルエメラルドアイル石垣島　（５階以上の通路及び階段、屋上）","沖縄県石垣市美崎町7-14","24.338888","124.154924"
"石垣島ホテル　クルル（５階以上）","沖縄県石垣市美崎町8-1","24.338995","124.156892"
"ベッセルホテル石垣島　（５階以上通路、階段及び屋上）","沖縄県石垣市浜崎町1-2-7","24.33967","124.151584"
"蓬莱閣マンション（５階以上）","沖縄県石垣市浜崎町2-1-7","24.341107","124.151992"
"東横イン石垣島（５階以上）","沖縄県石垣市浜崎町3-2-12","24.338561","124.148623"
"石ムルク","沖縄県石垣市平久保226-73","24.58221","124.314021"
"久宇良公民館","沖縄県石垣市平久保234-231","24.561941","124.289715"
"明石集落北方携帯基地局付近","沖縄県石垣市平久保234-541","24.545799","124.297585"
"平野公民館","沖縄県石垣市平久保424","24.6009","124.326053"
"多良間公民館","沖縄県石垣市野底1204","24.493609","124.234206"
"栄公民館","沖縄県石垣市野底455-1","24.507951","124.250896"
"兼城公民館","沖縄県石垣市野底932","24.49973","124.244496"
"富野公民館","沖縄県石垣市桴海148-55","24.453124","124.203972"
"伊土名集落南方高台","沖縄県石垣市桴海337-77","24.477909","124.229392"
"米原ヤシ群落駐車場","沖縄県石垣市桴海546","24.451855","124.194882"
"多良間村地域振興拠点施設屋上","沖縄県多良間村字塩川445-1","24.671082","124.706161"
"水納島津波避難施設","沖縄県多良間村字水納1","24.749213","124.699492"
"八重山遠見台","沖縄県多良間村仲筋1098-1","24.67167","124.696464"
"多良間浄水場","沖縄県多良間村仲筋557","24.672487","124.700789"
"父母の森","沖縄県多良間村仲筋703","24.670995","124.69919"
"多良間村コミュニティー施設屋上","沖縄県多良間村仲筋89","24.669719","124.701699"
"大宜味小学校、大宜味中学校","沖縄県大宜味村字塩屋1306-6","26.68255","128.102522"
"旧塩屋小学校","沖縄県大宜味村字塩屋538","26.66991","128.10723"
"押川公民館","沖縄県大宜味村字押川156","26.672637","128.132319"
"旧喜如嘉小学校","沖縄県大宜味村字喜如嘉2083","26.70704","128.152414"
"上原公民館","沖縄県大宜味村字上原193","26.68717","128.113522"
"旧大宜味小学校","沖縄県大宜味村字大宜味1","26.702162","128.119246"
"大宜味村役場","沖縄県大宜味村字大兼久157","26.701778","128.120106"
"道の駅　やんばるの森ビジターセンター","沖縄県大宜味村字津波95","26.660974","128.101688"
"大保ダム地域防災センター","沖縄県大宜味村字田港1357-18","26.649999","128.146336"
"大保ダム脇ダム横平場","沖縄県大宜味村字田港1357-18","26.646386","128.15081"
"大保ダム脇ダム横平場","沖縄県大宜味村字田港1357-18","26.646386","128.15081"
"江洲公民館","沖縄県大宜味村字白浜442","26.637278","128.120947"
"渡名喜村防災支援センター","沖縄県渡名喜村字サウジ445","26.375308","127.145111"
"宮城区グラウンド","沖縄県東村字宮城184-1","26.625096","128.184438"
"イノーガマ農村公園","沖縄県東村字宮城454-1","26.6291","128.206271"
"魚泊農村公園","沖縄県東村字宮城599-1","26.631996","128.218001"
"ふれあいひるぎ公園","沖縄県東村字慶佐次54-1","26.604261","128.144837"
"高江小学校グラウンド","沖縄県東村字高江83-27","26.662158","128.252791"
"高江農村公園","沖縄県東村字高江98-1","26.662872","128.251201"
"川田農村公園","沖縄県東村字川田1072-2","26.629681","128.169179"
"東小中学校グラウンド","沖縄県東村字川田746","26.630836","128.165945"
"宇出那覇農村公園","沖縄県東村字平良147","26.637126","128.144627"
"東村営グラウンド","沖縄県東村字平良550-2","26.630941","128.154363"
"東村村民の森（児童公園＋イベント広場）","沖縄県東村字平良861-51","26.63918","128.158543"
"有銘小学校グラウンド","沖縄県東村字有銘839-1","26.603492","128.121365"
"風水ふれあい広場","沖縄県読谷村字喜名2272-1","26.395329","127.751083"
"観音堂公園","沖縄県読谷村字喜名448-1","26.400199","127.755549"
"宇座東公園","沖縄県読谷村字高志保1601","26.411696","127.735347"
"セーラの森公園","沖縄県読谷村字座喜味1975","26.395052","127.728854"
"読谷村運動広場・読谷平和の森球場・読谷村陸上競技場","沖縄県読谷村字座喜味2976","26.398575","127.743644"
"楚辺東公園","沖縄県読谷村字楚辺1272-5","26.385731","127.736956"
"有限会社カデナ自動車学校","沖縄県読谷村字楚辺1512","26.385708","127.73486"
"長浜地区運動広場","沖縄県読谷村字長浜364","26.419884","127.736313"
"井之原公園","沖縄県読谷村字波平424-2","26.403304","127.732576"
"新都心公園","沖縄県那覇市おもろまち3-2-1","26.228955","127.695797"
"安謝小学校（運動場）","沖縄県那覇市安謝2-15-28","26.237373","127.689314"
"さつき小学校（運動場）","沖縄県那覇市宇栄原1-12-1","26.191453","127.665043"
"小禄中学校（運動場）","沖縄県那覇市宇栄原2-23-1","26.189014","127.667465"
"奥武山公園","沖縄県那覇市奥武山","26.204514","127.675171"
"与儀公園","沖縄県那覇市寄宮1-1","26.20856","127.692622"
"真和志小学校（運動場）","沖縄県那覇市寄宮3-1-1","26.206587","127.699934"
"上山中学校（運動場）","沖縄県那覇市久米1-3-1","26.21544","127.673809"
"天妃小学校（運動場）","沖縄県那覇市久米1-3-2","26.214572","127.674298"
"久茂地公園","沖縄県那覇市久茂地2-16-7","26.218925","127.682258"
"鏡原中学校（運動場）","沖縄県那覇市鏡原町36-1","26.196826","127.678662"
"がじゃんびら公園","沖縄県那覇市金城1-4-1","26.204679","127.665974"
"小禄金城公園","沖縄県那覇市金城3-2-1","26.199217","127.665739"
"金城小学校（運動場）","沖縄県那覇市金城4-3-1","26.198186","127.662624"
"金城中学校（運動場）","沖縄県那覇市金城4-4-1","26.199127","127.663644"
"松島中学校（運動場）","沖縄県那覇市古島2-11-2","26.225758","127.70833"
"松島小学校（運動場）","沖縄県那覇市古島2-30-12","26.227943","127.708093"
"漫湖公園","沖縄県那覇市古波蔵","26.197936","127.685857"
"古蔵小学校（運動場）","沖縄県那覇市古波蔵1-33-1","26.199909","127.691914"
"古蔵中学校（運動場）","沖縄県那覇市古波蔵4-8-1","26.197237","127.68907"
"新港ふ頭東緑地","沖縄県那覇市港町1-3-6","26.23121","127.681239"
"新港ふ頭中央緑地","沖縄県那覇市港町2-10-1","26.241628","127.678573"
"新港ふ頭北緑地","沖縄県那覇市港町3-3-1","26.244683","127.678283"
"高良小学校（運動場）","沖縄県那覇市高良2-12-1","26.183051","127.663857"
"高前原公園","沖縄県那覇市高良2-5","26.185519","127.664222"
"垣花小学校（運動場）","沖縄県那覇市山下町17-1","26.20217","127.670365"
"国場前原公園（こくばめーばる公園）","沖縄県那覇市字国場251-5","26.194229","127.702171"
"識名公園","沖縄県那覇市字識名1226","26.204976","127.715044"
"宇栄原小学校（運動場）","沖縄県那覇市字小禄1066","26.186404","127.674681"
"森口公園","沖縄県那覇市字小禄1127","26.198235","127.673401"
"小禄小学校（運動場）","沖縄県那覇市字小禄1150","26.19819","127.67234"
"真嘉比小学校（運動場）","沖縄県那覇市字真嘉比1-17-1","26.222837","127.700371"
"真地小学校（運動場）","沖縄県那覇市字真地313","26.199573","127.718363"
"大道小学校（運動場）","沖縄県那覇市字大道146-1","26.216135","127.698793"
"真和志中学校（運動場）","沖縄県那覇市字大道158","26.214762","127.698094"
"仲井真小学校（運動場）","沖縄県那覇市字仲井真173","26.196849","127.707436"
"仲井真中学校（運動場）","沖縄県那覇市字仲井真189","26.194803","127.708435"
"大石公園","沖縄県那覇市識名1-675-1","26.207899","127.705775"
"識名小学校（運動場）","沖縄県那覇市識名2-2-1","26.207923","127.707903"
"旭ヶ丘公園","沖縄県那覇市若狭1-24-1","26.220089","127.672264"
"若狭海浜公園","沖縄県那覇市若狭1-26","26.222864","127.674501"
"若狭小学校（運動場）","沖縄県那覇市若狭2-16-1","26.222303","127.676097"
"若狭公園","沖縄県那覇市若狭3-19","26.223693","127.677279"
"首里崎山公園","沖縄県那覇市首里崎山町1-39","26.215244","127.719627"
"城南小学校（運動場）","沖縄県那覇市首里崎山町4-35-2","26.2134","127.722692"
"城西小学校（運動場）","沖縄県那覇市首里真和志町1-5","26.219154","127.717072"
"城北中学校（運動場）","沖縄県那覇市首里石嶺町1-112","26.227824","127.727118"
"城北小学校（運動場）","沖縄県那覇市首里石嶺町1-162","26.227467","127.721472"
"石嶺中学校（運動場）","沖縄県那覇市首里石嶺町2-109","26.226913","127.73124"
"城東小学校（運動場）","沖縄県那覇市首里石嶺町2-74-1","26.223884","127.732588"
"石嶺小学校（運動場）","沖縄県那覇市首里石嶺町4-360-8","26.230825","127.731517"
"虎瀬公園","沖縄県那覇市首里赤平町2-68","26.223066","127.722505"
"大名小学校（運動場）","沖縄県那覇市首里大名町1-49","26.232401","127.711995"
"弁ヶ岳公園","沖縄県那覇市首里鳥堀町4-121","26.217717","127.731388"
"首里中学校（運動場）","沖縄県那覇市首里汀良町2-55","26.219613","127.723837"
"末吉公園","沖縄県那覇市首里末吉町1-3-1","26.228481","127.715651"
"曙小学校（運動場）","沖縄県那覇市曙2-18-1","26.240804","127.682718"
"小禄南小学校（運動場）","沖縄県那覇市小禄4-14-1","26.190186","127.67247"
"松山公園","沖縄県那覇市松山1-17","26.21837","127.677231"
"那覇中学校（運動場）","沖縄県那覇市松山2-24-1","26.221544","127.679226"
"松川小学校（運動場）","沖縄県那覇市松川1-7-1","26.214157","127.70291"
"真嘉比東公園（まかんじゃーら公園）","沖縄県那覇市松島1-5","26.223169","127.706419"
"松尾公園","沖縄県那覇市松尾2-59","26.212325","127.686226"
"真嘉比南公園","沖縄県那覇市真嘉比1-19","26.222937","127.701934"
"真嘉比西公園","沖縄県那覇市真嘉比2-7","26.226174","127.701214"
"真嘉比中央公園","沖縄県那覇市真嘉比3-16","26.223719","127.704253"
"開南小学校（運動場）","沖縄県那覇市泉崎1-1-6","26.211574","127.679865"
"前島東公園","沖縄県那覇市前島1-15-5","26.221637","127.686944"
"那覇小学校（運動場）","沖縄県那覇市前島1-7-1","26.220575","127.685947"
"泊ふ頭泊緑地","沖縄県那覇市前島3-25","26.224834","127.68443"
"城岳公園","沖縄県那覇市楚辺1-168","26.209752","127.684795"
"城岳小学校（運動場）","沖縄県那覇市楚辺2-1-1","26.205961","127.685841"
"寄宮中学校（運動場）","沖縄県那覇市長田1-13-65","26.204308","127.700454"
"上間小学校（運動場）","沖縄県那覇市長田2-11-60","26.201516","127.702856"
"天久ちゅらまち公園","沖縄県那覇市天久1-3","26.231798","127.688537"
"天久小学校（運動場）","沖縄県那覇市天久1-4-1","26.231199","127.690509"
"田原公園","沖縄県那覇市田原3-4-1","26.196172","127.66922"
"泊小学校（運動場）","沖縄県那覇市泊2-23-9","26.22464","127.688484"
"新屋敷公園","沖縄県那覇市泊3-12-10","26.226846","127.684216"
"松城中学校（運動場）","沖縄県那覇市繁多川3-15-1","26.213684","127.712484"
"繁多川公園","沖縄県那覇市繁多川4-548","26.212735","127.714479"
"石田中学校（運動場）","沖縄県那覇市繁多川5-17-1","26.20966","127.710469"
"中央公園","沖縄県那覇市樋川1-15","26.206806","127.686998"
"神原小学校（運動場）","沖縄県那覇市樋川2-7-1","26.210481","127.691576"
"神原中学校（運動場）","沖縄県那覇市樋川2-8-1","26.209776","127.690691"
"緑ヶ丘公園","沖縄県那覇市牧志1-4","26.217192","127.685031"
"希望ヶ丘公園","沖縄県那覇市牧志3-116-5","26.215223","127.689835"
"壺屋小学校（運動場）","沖縄県那覇市牧志3-14-12","26.216773","127.692206"
"銘苅小学校（運動場）","沖縄県那覇市銘苅2-3-20","26.231097","127.698868"
"安岡中学校（運動場）","沖縄県那覇市銘苅3-10-26","26.235604","127.698517"
"与儀小学校（運動場）","沖縄県那覇市与儀1-1-1","26.206047","127.690921"
"愛地構造改善センター","沖縄県南城市玉城字愛地373","26.158173","127.744901"
"奥武島グラウンド","沖縄県南城市玉城字奥武19-1","26.130852","127.774859"
"奥武公民館","沖縄県南城市玉城字奥武80","26.130627","127.773102"
"玉城小学校","沖縄県南城市玉城字屋嘉部3","26.1461","127.765287"
"屋嘉部公民館","沖縄県南城市玉城字屋嘉部34","26.146738","127.765663"
"玉城こども園","沖縄県南城市玉城字屋嘉部76","26.147834","127.767162"
"垣花構造改善センター","沖縄県南城市玉城字垣花137","26.148789","127.793299"
"玉城勤労者体育センター（喜良原体育館）","沖縄県南城市玉城字喜良原57","26.152833","127.775823"
"喜良原野球場","沖縄県南城市玉城字喜良原69","26.152353","127.776469"
"グスクロード公園","沖縄県南城市玉城字玉城1212","26.143963","127.774628"
"玉城公民館","沖縄県南城市玉城字玉城165-1","26.13911","127.78301"
"志堅原公民館","沖縄県南城市玉城字志堅原48-1","26.133317","127.768552"
"南城市構造改善センター","沖縄県南城市玉城字糸数168-16","26.150899","127.760887"
"糸数上原公園","沖縄県南城市玉城字糸数245-1","26.15318","127.759486"
"糸数公民館","沖縄県南城市玉城字糸数44","26.153021","127.761065"
"親慶原公民館","沖縄県南城市玉城字親慶原163","26.156378","127.781217"
"船越公民館","沖縄県南城市玉城字船越108","26.153193","127.754461"
"船越小学校","沖縄県南城市玉城字船越960","26.153156","127.751756"
"南城市前川観光交流・防災機能拠点施設","沖縄県南城市玉城字前川180-1","26.145397","127.749353"
"中山公民館","沖縄県南城市玉城字中山75","26.138692","127.776814"
"仲村渠児童館","沖縄県南城市玉城字仲村渠725","26.14565","127.792308"
"百名公民館","沖縄県南城市玉城字百名104-1","26.141355","127.791153"
"南城市福祉センター","沖縄県南城市玉城字百名1252","26.134489","127.786453"
"新原公民館","沖縄県南城市玉城字百名1422","26.13472","127.790356"
"百名小学校","沖縄県南城市玉城字百名54","26.142585","127.791377"
"玉城中学校","沖縄県南城市玉城字富里153","26.145044","127.765974"
"玉城野球場","沖縄県南城市玉城字富里186-1","26.145976","127.766967"
"玉城総合体育館","沖縄県南城市玉城字富里200","26.146125","127.769448"
"玉城陸上競技場","沖縄県南城市玉城字富里222","26.144922","127.769946"
"富里公民館","沖縄県南城市玉城字富里92","26.142877","127.769634"
"堀川公民館","沖縄県南城市玉城字堀川523","26.133444","127.761279"
"當山公民館","沖縄県南城市玉城字當山54","26.141467","127.765802"
"伊原公民館","沖縄県南城市佐敷字伊原287","26.174063","127.80668"
"伊原農村広場","沖縄県南城市佐敷字伊原409","26.174915","127.808971"
"屋比久公民館","沖縄県南城市佐敷字屋比久14","26.175699","127.802556"
"外間農村広場","沖縄県南城市佐敷字屋比久159-1","26.176875","127.799391"
"外間公民館","沖縄県南城市佐敷字屋比久189","26.177288","127.798082"
"屋比久児童公園","沖縄県南城市佐敷字屋比久67-1","26.176003","127.802212"
"佐敷中学校","沖縄県南城市佐敷字兼久16-1","26.171193","127.785311"
"兼久構造改善センター","沖縄県南城市佐敷字兼久37-1","26.17177","127.782375"
"つきしろの宮","沖縄県南城市佐敷字佐敷1151","26.166156","127.787273"
"佐敷小学校","沖縄県南城市佐敷字佐敷1193","26.167434","127.784994"
"佐敷幼稚園","沖縄県南城市佐敷字佐敷1246-2","26.167503","127.783222"
"つきしろ公民館","沖縄県南城市佐敷字佐敷1678-199","26.159848","127.792438"
"つきしろ児童公園","沖縄県南城市佐敷字佐敷1678-259","26.159574","127.791891"
"佐敷農村広場","沖縄県南城市佐敷字佐敷20-1","26.167203","127.791714"
"南城市文化センター","沖縄県南城市佐敷字佐敷307","26.170185","127.787538"
"佐敷公民館","沖縄県南城市佐敷字佐敷420","26.167886","127.790127"
"手登根農村広場","沖縄県南城市佐敷字手登根1-1","26.171202","127.801231"
"手登根公民館","沖縄県南城市佐敷字手登根52","26.170963","127.800914"
"小谷農村広場","沖縄県南城市佐敷字小谷1-1","26.174119","127.7646"
"小谷構造改善センター","沖縄県南城市佐敷字小谷46","26.173584","127.76475"
"第２団地自治会連絡事務所","沖縄県南城市佐敷字新開1-236","26.178351","127.777097"
"新開公園","沖縄県南城市佐敷字新開1-237","26.177325","127.777484"
"南城市佐敷農産物直売所","沖縄県南城市佐敷字新開1-240","26.17392","127.777524"
"老人福祉センター","沖縄県南城市佐敷字新開1-240","26.173519","127.777555"
"県営団地自治会連絡事務所","沖縄県南城市佐敷字新開1-315","26.175333","127.77871"
"南城市営新開球場","沖縄県南城市佐敷字新開1-417","26.174499","127.77639"
"新開スポーツ公園","沖縄県南城市佐敷字新開1-417","26.176064","127.774513"
"南城市新開多目的広場","沖縄県南城市佐敷字新開1-418","26.174105","127.777967"
"佐敷農村婦人の家","沖縄県南城市佐敷字新開1-419","26.173597","127.77797"
"新開公民館","沖縄県南城市佐敷字新開1-70","26.177781","127.77619"
"ひまわり児童館","沖縄県南城市佐敷字新開1-73","26.178408","127.776008"
"新里農村広場","沖縄県南城市佐敷字新里21-1","26.169413","127.77382"
"新里公民館","沖縄県南城市佐敷字新里677-2","26.170396","127.772615"
"仲伊保公民館","沖縄県南城市佐敷字仲伊保388-2","26.181123","127.794653"
"冨祖崎公園","沖縄県南城市佐敷字仲伊保390-2","26.177973","127.791398"
"さしきスポレクセンター","沖縄県南城市佐敷字仲伊保390-2","26.178391","127.791076"
"仲伊保団地集会場","沖縄県南城市佐敷字仲伊保488-1","26.179951","127.799822"
"津波古児童公園","沖縄県南城市佐敷字津波古1415-2","26.183427","127.772419"
"津波古公民館","沖縄県南城市佐敷字津波古144","26.182247","127.77372"
"馬天小学校","沖縄県南城市佐敷字津波古1800","26.181105","127.768432"
"馬天児童公園","沖縄県南城市佐敷字津波古374","26.183179","127.778139"
"冨祖崎公民館","沖縄県南城市佐敷字冨祖崎385-1","26.174976","127.791952"
"湧稲国農村集落総合管理施設","沖縄県南城市大里字稲嶺1095-1","26.160628","127.736074"
"大里南児童館","沖縄県南城市大里字稲嶺2101-89","26.169667","127.742898"
"大里グリーンタウン集会所","沖縄県南城市大里字稲嶺2127-231","26.168358","127.744113"
"大里第２グリーンタウン集会所","沖縄県南城市大里字稲嶺2234-164","26.168153","127.745691"
"目取真農村集落総合管理施設","沖縄県南城市大里字稲嶺2760","26.163847","127.741605"
"稲嶺構造改善センター","沖縄県南城市大里字稲嶺808","26.167027","127.73858"
"島袋コミュニティーセンター","沖縄県南城市大里字古堅1379","26.189957","127.747313"
"古堅農村集落総合管理施設","沖縄県南城市大里字古堅155-1","26.187588","127.75088"
"福原コミュニティーセンター","沖縄県南城市大里字古堅800-2","26.190324","127.742223"
"銭又コミュニティーセンター","沖縄県南城市大里字高平473","26.180689","127.736868"
"平川コミュニティーセンター","沖縄県南城市大里字高平704","26.174726","127.738756"
"高宮城公民館","沖縄県南城市大里字高平85","26.173788","127.743883"
"稲福高齢者健康センター","沖縄県南城市大里字大城1779","26.169882","127.756663"
"真境名公民館","沖縄県南城市大里字大城2249","26.177085","127.757624"
"大里第２団地集会所","沖縄県南城市大里字大城2525","26.175149","127.752316"
"大里中央児童館","沖縄県南城市大里字大城2555-1","26.176444","127.749877"
"大城集落センター","沖縄県南城市大里字大城775","26.164264","127.757133"
"大里内原公園","沖縄県南城市大里字大里1071","26.190216","127.760108"
"南風原農村集落総合管理施設","沖縄県南城市大里字大里2010-1","26.185399","127.75517"
"高齢者能力活用センター","沖縄県南城市大里字大里2231-1","26.182988","127.750787"
"大里城址公園","沖縄県南城市大里字大里386-1","26.186551","127.762331"
"西原公民館","沖縄県南城市大里字大里485","26.185415","127.760751"
"当間集落センター","沖縄県南城市大里字仲間108-2","26.180809","127.743134"
"農業団地センター","沖縄県南城市大里字仲間1155","26.174068","127.747047"
"大里南小学校","沖縄県南城市大里字仲間1375","26.173034","127.748724"
"大里こども園","沖縄県南城市大里字仲間918","26.175537","127.74512"
"南城市大里農村環境改善センター","沖縄県南城市大里字仲間928","26.176461","127.745591"
"仲程農村集落総合管理施設","沖縄県南城市大里字仲間934-1","26.176889","127.746375"
"大里団地集会所","沖縄県南城市大里字仲間969","26.179257","127.744954"
"大里中学校","沖縄県南城市大里字仲間978","26.179422","127.745996"
"大里北小学校","沖縄県南城市大里字嶺井392","26.190232","127.752325"
"大里北児童館","沖縄県南城市大里字嶺井515-1","26.196178","127.747828"
"嶺井公民館","沖縄県南城市大里字嶺井66","26.195581","127.755216"
"南城市安座真観光交流・防災機能拠点施設","沖縄県南城市知念字安座真151","26.177455","127.822188"
"知念漁民研修センター","沖縄県南城市知念字海野1-7","26.190113","127.811568"
"海野公民館","沖縄県南城市知念字海野244-2","26.188308","127.811192"
"吉富コミュニティ供用施設","沖縄県南城市知念字吉富106-2","26.168492","127.820875"
"久高島離島復興総合センター","沖縄県南城市知念字久高231-2","26.155543","127.886739"
"離島体験宿泊交流施設","沖縄県南城市知念字久高249-1","26.158287","127.888848"
"久高地区津波避難施設","沖縄県南城市知念字久高46","26.156848","127.886341"
"久高小中学校","沖縄県南城市知念字久高46","26.156736","127.886738"
"久手堅公民館","沖縄県南城市知念字久手堅103","26.169933","127.823117"
"南城市知念児童館","沖縄県南城市知念字久手堅22","26.170013","127.821104"
"南城市知念社会福祉センター","沖縄県南城市知念字久手堅453","26.168703","127.826597"
"岬公園","沖縄県南城市知念字久手堅523","26.167495","127.829799"
"知念体育館","沖縄県南城市知念字久手堅532","26.167488","127.828558"
"知念小学校","沖縄県南城市知念字久手堅679","26.170807","127.819571"
"知念こども園","沖縄県南城市知念字久手堅679","26.171518","127.821023"
"知念中学校","沖縄県南城市知念字久手堅700","26.172785","127.819157"
"具志堅公民館","沖縄県南城市知念字具志堅22","26.155838","127.809096"
"山里公民館","沖縄県南城市知念字山里22","26.156642","127.806075"
"志喜屋公民館","沖縄県南城市知念字志喜屋428","26.151378","127.800356"
"志喜屋漁港多目的広場","沖縄県南城市知念字志喜屋9-2","26.149938","127.808122"
"知念公民館","沖縄県南城市知念字知念536","26.159731","127.816049"
"知念農村広場","沖縄県南城市知念字知念915-1","26.159608","127.81524"
"守礼カントリークラブ","沖縄県南城市知念字知名1029","26.179312","127.811638"
"知名公民館","沖縄県南城市知念字知名107","26.184514","127.818024"
"喜屋武集落センター","沖縄県南風原町字喜屋武139","26.185856","127.729615"
"南風原町立中央公民館","沖縄県南風原町字喜屋武236","26.188109","127.73094"
"翔南小学校","沖縄県南風原町字喜屋武450","26.183805","127.728869"
"宮城構造改善センター","沖縄県南風原町字宮城218","26.204171","127.742927"
"宮城公園","沖縄県南風原町字宮城242-3","26.205726","127.739813"
"宮平ハイツ集会所","沖縄県南風原町字宮平1028-35","26.190241","127.738182"
"ウガンヌ前公園","沖縄県南風原町字宮平161","26.198198","127.737128"
"北丘小学校","沖縄県南風原町字宮平336","26.202385","127.732587"
"北丘ハイツ集会所","沖縄県南風原町字宮平381-59","26.204267","127.731316"
"北丘運動公園","沖縄県南風原町字宮平386-38","26.204893","127.732967"
"北丘児童館","沖縄県南風原町字宮平489-1","26.200128","127.733607"
"総合保健福祉防災センター","沖縄県南風原町字宮平697-10","26.191832","127.732948"
"黄金森公園陸上競技場","沖縄県南風原町字宮平718-1","26.190596","127.733383"
"宮平地域振興資料館","沖縄県南風原町字宮平785-1","26.195459","127.735677"
"兼城公園","沖縄県南風原町字兼城170","26.194159","127.729956"
"沖縄県立沖縄盲学校","沖縄県南風原町字兼城473","26.197025","127.721233"
"南風原小学校","沖縄県南風原町字兼城685","26.191999","127.729568"
"南風原町役場","沖縄県南風原町字兼城686","26.191034","127.728668"
"町民広場","沖縄県南風原町字兼城689","26.190569","127.72891"
"第一団地集会所","沖縄県南風原町字兼城709","26.190187","127.728966"
"南風原中学校","沖縄県南風原町字兼城780","26.192451","127.731996"
"兼城公民館","沖縄県南風原町字兼城84","26.193673","127.728652"
"兼城児童館","沖縄県南風原町字兼城84","26.193798","127.728684"
"山川集落センター","沖縄県南風原町字山川202","26.177123","127.722754"
"照屋農村コミュニティーセンター","沖縄県南風原町字照屋134","26.185273","127.72531"
"南星中学校","沖縄県南風原町字照屋200","26.187146","127.723092"
"新川コミュニティーセンター","沖縄県南風原町字新川148-12","26.202188","127.726112"
"東新川災害時避難施設","沖縄県南風原町字新川584","26.213231","127.729384"
"神里構造改善センター","沖縄県南風原町字神里120-1","26.172713","127.731573"
"神里ふれあい公園","沖縄県南風原町字神里712-1","26.174957","127.731369"
"大名公民館","沖縄県南風原町字大名148","26.207227","127.737056"
"第二団地集会所","沖縄県南風原町字津嘉山1116","26.194689","127.718766"
"津嘉山公園","沖縄県南風原町字津嘉山1265-2","26.190642","127.717271"
"津嘉山児童館","沖縄県南風原町字津嘉山663-1","26.185846","127.715877"
"津嘉山小学校","沖縄県南風原町字津嘉山684","26.184566","127.717835"
"津嘉山地域振興資料館","沖縄県南風原町字津嘉山690","26.185586","127.716681"
"本部児童館","沖縄県南風原町字本部116","26.188994","127.724519"
"本部公民館","沖縄県南風原町字本部117","26.1891","127.724674"
"本部公園","沖縄県南風原町字本部352","26.189919","127.723505"
"兼本ハイツ集会所","沖縄県南風原町字本部434-52","26.191724","127.724449"
"与那覇コミュニティーセンター","沖縄県南風原町字与那覇59","26.201201","127.746194"
"伊覇中央公園","沖縄県八重瀬町伊覇土地区画整理２７街区","26.158822","127.71843"
"八重瀬町図書館・こども学習センター","沖縄県八重瀬町字屋宜原515-1","26.162329","127.726891"
"屋宜原中央公園","沖縄県八重瀬町字屋宜原517-1","26.162099","127.726292"
"具志頭社会体育館","沖縄県八重瀬町字具志頭1","26.119504","127.743534"
"八重瀬町中央公民館具志頭分館","沖縄県八重瀬町字具志頭1","26.119559","127.744366"
"八重瀬町スポーツ観光交流施設","沖縄県八重瀬町字具志頭1305","26.131522","127.745256"
"南の駅やえせ","沖縄県八重瀬町字具志頭659","26.121496","127.742671"
"具志頭小学校","沖縄県八重瀬町字具志頭666","26.12221","127.742561"
"具志頭中学校","沖縄県八重瀬町字具志頭690","26.124067","127.74101"
"向陽高等学校広場","沖縄県八重瀬町字港川150","26.12716","127.754898"
"白川小学校","沖縄県八重瀬町字小城551","26.162231","127.709704"
"新城小学校","沖縄県八重瀬町字新城1381","26.135877","127.735496"
"港川遺跡公園","沖縄県八重瀬町字長毛290-22","26.128817","127.75895"
"東風平運動公園","沖縄県八重瀬町字東風平1076","26.15366","127.71466"
"八重瀬町社会福祉会館","沖縄県八重瀬町字東風平1318-1","26.156236","127.725957"
"八重瀬町保健センター","沖縄県八重瀬町字東風平1318-3","26.156525","127.725807"
"東風平中学校","沖縄県八重瀬町字東風平267","26.151169","127.724281"
"東風平小学校","沖縄県八重瀬町字東風平304","26.153403","127.723107"
"西部プラザ公園","沖縄県八重瀬町字当銘282","26.151987","127.704283"
"南部工業高等学校運動場","沖縄県八重瀬町字富盛1338","26.136819","127.726221"
"八重瀬公園","沖縄県八重瀬町字富盛1607","26.130683","127.719908"
"南部商業高等学校運動場","沖縄県八重瀬町字友寄850","26.170292","127.722773"
"豊見城中学校グラウンド","沖縄県豊見城市宜保1-1-2","26.178099","127.68059"
"上田小学校グラウンド","沖縄県豊見城市宜保1-1-4","26.177807","127.679489"
"宜保ふるじま公園","沖縄県豊見城市宜保1-4","26.178831","127.679604"
"伊良波中学校グラウンド","沖縄県豊見城市字伊良波273","26.172146","127.672384"
"伊良波小学校グラウンド","沖縄県豊見城市字伊良波300","26.173881","127.672596"
"豊見城南高等学校グラウンド","沖縄県豊見城市字翁長520","26.159596","127.671702"
"嘉数地区コミュニティ共用施設広場","沖縄県豊見城市字嘉数1","26.188959","127.698218"
"豊見城ニュータウンテニスコート","沖縄県豊見城市字嘉数671-1","26.187662","127.69713"
"我那覇児童公園","沖縄県豊見城市字我那覇189-1","26.181035","127.668029"
"平和台太陽公園","沖縄県豊見城市字宜保3-4-2","26.179609","127.675065"
"とよみ小学校グラウンド","沖縄県豊見城市字高安1132-2","26.184874","127.688913"
"高安台公園","沖縄県豊見城市字高安676-23","26.17989","127.687024"
"豊見城小学校グラウンド","沖縄県豊見城市字高嶺439-2","26.167464","127.699681"
"豊見城団地緑地","沖縄県豊見城市字高嶺446-59","26.167685","127.698569"
"豊見城ニュータウン第２号公園","沖縄県豊見城市字根差部108-14","26.188061","127.695496"
"豊見城ニュータウン第１号公園","沖縄県豊見城市字根差部123-1","26.189543","127.694024"
"座安小学校グラウンド","沖縄県豊見城市字座安230-1","26.165679","127.672857"
"とよみ公園","沖縄県豊見城市字真玉橋428-21","26.192827","127.697783"
"瀬長島展望広場","沖縄県豊見城市字瀬長155","26.174562","127.642748"
"長堂公民館広場","沖縄県豊見城市字長堂71","26.182529","127.705638"
"県営渡橋名団地多目的広場","沖縄県豊見城市字渡橋名160","26.166497","127.676824"
"豊見城総合公園","沖縄県豊見城市字平良468-3","26.174729","127.691224"
"保栄茂馬場公園","沖縄県豊見城市字保栄茂246","26.159784","127.681208"
"すみれ児童公園","沖縄県豊見城市字豊見城422","26.182198","127.675881"
"ゆたか小学校グラウンド","沖縄県豊見城市字豊見城601-1","26.180621","127.681878"
"空手会館駐車場","沖縄県豊見城市字豊見城854-1","26.187425","127.68208"
"豊崎中学校グラウンド","沖縄県豊見城市字豊崎1-1","26.157082","127.664774"
"豊崎小学校グラウンド","沖縄県豊見城市字豊崎1-406","26.157596","127.663442"
"国道３３１号与根高架橋","沖縄県豊見城市字与根584","26.165956","127.651511"
"長嶺小学校グラウンド","沖縄県豊見城市字饒波1018","26.181196","127.694697"
"長嶺中学校グラウンド","沖縄県豊見城市字饒波1068-2","26.18284","127.696742"
"奈留川西公園","沖縄県北谷町字伊平1-4-1","26.321518","127.760973"
"ナガサ公園","沖縄県北谷町字伊平2-8","26.323918","127.757595"
"謝苅公園","沖縄県北谷町字吉原110-1","26.317146","127.772214"
"宇地原公園","沖縄県北谷町字吉原1133-1","26.314121","127.767804"
"北谷中学校グラウンド","沖縄県北谷町字吉原480","26.320549","127.779581"
"桃原公園","沖縄県北谷町字吉原554-1","26.322309","127.777081"
"北玉小学校グラウンド","沖縄県北谷町字吉原875","26.31332","127.773375"
"北玉公園","沖縄県北谷町字吉原910-1","26.312109","127.771842"
"宮城公園","沖縄県北谷町字宮城1-171","26.327637","127.748025"
"浜川小学校グラウンド","沖縄県北谷町字宮城1-172","26.326233","127.748599"
"宮城北公園","沖縄県北谷町字宮城3-142","26.332415","127.743712"
"北谷高等学校グラウンド","沖縄県北谷町字桑江414","26.322137","127.764705"
"桑江公園","沖縄県北谷町字桑江440","26.324898","127.767437"
"上勢桑江公園","沖縄県北谷町字桑江555-1","26.325387","127.773689"
"北谷第二小学校グラウンド","沖縄県北谷町字桑江567-1","26.325269","127.772726"
"桑江総合運動場","沖縄県北谷町字桑江595-2","26.323919","127.769491"
"港公園","沖縄県北谷町字港17","26.321789","127.751649"
"砂辺馬場公園","沖縄県北谷町字砂辺1-4","26.333859","127.745006"
"砂辺第一公園","沖縄県北谷町字砂辺311-4","26.331868","127.750465"
"上勢頭南公園","沖縄県北谷町字上勢頭622-2","26.328399","127.774101"
"上勢頭北公園","沖縄県北谷町字上勢頭709","26.330528","127.771753"
"あしびなぁ公園","沖縄県北谷町字上勢頭830-1","26.327865","127.768595"
"桃原東公園","沖縄県北谷町字桃原10-3","26.32156","127.77996"
"桃原西公園","沖縄県北谷町字桃原2-1","26.32041","127.777821"
"北谷公園","沖縄県北谷町字美浜2","26.312843","127.757485"
"美浜第一公園","沖縄県北谷町美浜1-2-9","26.310817","127.761741"
"桑江中学校グラウンド","沖縄県北谷町美浜1-4-7","26.311135","127.760525"
"美浜第二公園","沖縄県北谷町美浜2-4-1","26.315636","127.759542"
"美浜第三公園","沖縄県北谷町美浜2-7-1","26.31871","127.758694"
"美浜第四公園","沖縄県北谷町美浜3-2-3","26.32105","127.757634"
"美浜第五公園","沖縄県北谷町美浜3-5-1","26.323672","127.755476"
"北前第三公園","沖縄県北谷町北前1-14-1","26.297549","127.760019"
"北前第二公園","沖縄県北谷町北前1-5-5","26.300248","127.759426"
"安良波公園","沖縄県北谷町北谷2-21","26.30241","127.758914"
"北前第一公園","沖縄県北谷町北谷2-4-4","26.30527","127.760954"
"イオンモール沖縄ライカム駐車場","沖縄県北中城村字ライカム1","26.313631","127.796736"
"若松公園","沖縄県北中城村字安谷屋131","26.297722","127.789047"
"イームイ公園","沖縄県北中城村字安谷屋223","26.295037","127.787523"
"農村広場","沖縄県北中城村字荻道185","26.290656","127.796145"
"屋宜原公園","沖縄県北中城村字屋宜原794","26.311106","127.792027"
"北中城小学校","沖縄県北中城村字喜舎場1","26.30143","127.794618"
"喜舎場児童公園","沖縄県北中城村字喜舎場192","26.30463","127.79503"
"喜舎場保育所","沖縄県北中城村字喜舎場240","26.302511","127.796695"
"北中城村中央広場","沖縄県北中城村字喜舎場253","26.302362","127.795712"
"北中城幼稚園","沖縄県北中城村字喜舎場255-1","26.302053","127.796347"
"北中城中学校","沖縄県北中城村字喜舎場306","26.298613","127.796088"
"兄弟広場","沖縄県北中城村字大城140-1","26.291574","127.799444"
"大城広場","沖縄県北中城村字大城70","26.290315","127.799047"
"北中城中央公民館","沖縄県北中城村字仲順435","26.304242","127.801335"
"仲順児童館","沖縄県北中城村字仲順60","26.301869","127.79874"
"仲順公園","沖縄県北中城村字仲順85","26.302857","127.799698"
"渡口みどり公園","沖縄県北中城村字渡口362","26.304891","127.808229"
"渡口多目的広場","沖縄県北中城村字渡口457-1","26.302103","127.813735"
"島袋中央公園","沖縄県北中城村字島袋100","26.319668","127.799305"
"島袋小学校","沖縄県北中城村字島袋1234","26.321363","127.805522"
"島袋児童館","沖縄県北中城村字島袋215","26.318621","127.799844"
"ロカイ公園","沖縄県北中城村字島袋261","26.319396","127.801103"
"あおい公園","沖縄県北中城村字島袋600-9","26.321925","127.802128"
"ゆうな公園","沖縄県北中城村字島袋606","26.322498","127.800647"
"しおさい公苑","沖縄県北中城村字熱田2070-16","26.296941","127.811835"
"熱田緑地公園","沖縄県北中城村字熱田2070-4","26.295364","127.812182"
"熱田公園","沖縄県北中城村字熱田304","26.297128","127.804641"
"北中城村老人デイサービスセンターしおさい","沖縄県北中城村字美崎262","26.303758","127.821953"
"美崎広場","沖縄県北中城村字美崎265","26.304016","127.82148"
"伊豆味小中学校","沖縄県本部町字伊豆味13","26.650508","127.946503"
"伊豆味公民館（伊豆味構造改善センター）","沖縄県本部町字伊豆味95","26.650478","127.947619"
"石くびり公園","沖縄県本部町字伊野波472","26.659681","127.910625"
"伊野波公民館（伊野波コミュニティ供用施設）","沖縄県本部町字伊野波487","26.660531","127.909977"
"大嘉陽農村公園","沖縄県本部町字伊野波5","26.652178","127.908388"
"浦崎公民館（本部町立浦崎地区公民館）","沖縄県本部町字浦崎46","26.678583","127.892439"
"本部町民体育館","沖縄県本部町字浦崎467-1","26.675919","127.895071"
"本部町運動公園","沖縄県本部町字浦崎467-1","26.674903","127.895199"
"嘉津宇公民館（嘉津宇コミュニティ供用施設）","沖縄県本部町字嘉津宇11","26.687686","127.908203"
"具志堅公民館（本部町立具志堅地区公民館）","沖縄県本部町字具志堅158","26.698622","127.913195"
"健堅公民館","沖縄県本部町字健堅1061-1","26.647186","127.880977"
"本部小学校旧健堅分校","沖縄県本部町字健堅145","26.64907","127.883286"
"古島公民館（古島集落センター）","沖縄県本部町字古島2","26.679169","127.898856"
"崎本部小学校","沖縄県本部町字崎本部127","26.629017","127.889318"
"崎本部公民館","沖縄県本部町字崎本部15","26.629772","127.887784"
"海洋博前給油所","沖縄県本部町字山川147-1","26.680484","127.886178"
"豊川公民館","沖縄県本部町字山川716-1","26.688636","127.884085"
"山里公民館","沖縄県本部町字山里498","26.666523","127.909938"
"謝花公民館（本部町立謝花地区公民館）","沖縄県本部町字謝花124","26.683325","127.895132"
"新里公民館（新里コミュニティーセンター）","沖縄県本部町字新里593","26.699617","127.893725"
"瀬底集落センター","沖縄県本部町字瀬底1788-1","26.649258","127.867451"
"水納小中学校","沖縄県本部町字瀬底6260","26.649002","127.815723"
"瀬底小学校","沖縄県本部町字瀬底693","26.64788","127.862899"
"大堂公民館（大堂集落センター）","沖縄県本部町字大堂377","26.678761","127.919295"
"大浜土地改良区","沖縄県本部町字大浜304","26.653576","127.887038"
"大浜公民館（大浜コミュニティ供用施設）","沖縄県本部町字大浜867-1","26.654763","127.884352"
"本部町立中央公民館","沖縄県本部町字大浜874-1","26.655714","127.884203"
"本部町地域福祉センター","沖縄県本部町字大浜881-4","26.658262","127.884655"
"障害者支援施設　本部海陽園","沖縄県本部町字谷茶268","26.655151","127.891655"
"老人デイサービスセンター本部園","沖縄県本部町字谷茶310","26.656188","127.891077"
"谷茶公民館（本部町立谷茶地区公民館）","沖縄県本部町字谷茶445-13","26.658308","127.888171"
"渡久地公民館（渡久地コミュニティ供用施設）","沖縄県本部町字渡久地123","26.65875","127.894211"
"本部中学校","沖縄県本部町字渡久地231-1","26.66073","127.898302"
"本部高等学校","沖縄県本部町字渡久地377","26.663253","127.896503"
"東公民館（本部町立東地区公民館）","沖縄県本部町字東430-1","26.657596","127.901704"
"本部町役場","沖縄県本部町字東5","26.657581","127.897823"
"本部小学校","沖縄県本部町字東605","26.660126","127.901623"
"ゆがふいんＢＩＳＥ","沖縄県本部町字備瀬1147-1","26.696057","127.880703"
"備瀬南土地改良区","沖縄県本部町字備瀬1583-2","26.698314","127.884863"
"備瀬公民館（備瀬構造改善センター）","沖縄県本部町字備瀬457","26.702781","127.88086"
"浜元公民館（本部町立浜元地区公民館）","沖縄県本部町字浜元121","26.671428","127.890529"
"マリンピアザオキナワ","沖縄県本部町字浜元410","26.675933","127.887138"
"並里公民館（並里コミュニティ供用施設）","沖縄県本部町字並里15-2","26.658104","127.915323"
"八重岳桜の森公園","沖縄県本部町字並里921","26.651623","127.916405"
"辺名地公民館","沖縄県本部町字辺名地51","26.653176","127.893943"
"上本部小学校","沖縄県本部町字北里1317","26.692379","127.899974"
"北里公民館","沖縄県本部町字北里153-1","26.688938","127.902617"
"上本部中学校","沖縄県本部町字北里573","26.694342","127.898216"
"野原公民館","沖縄県本部町字野原1","26.667937","127.89828"
"名護特別支援学校後方交差点","沖縄県名護市","26.599833","127.957861"
"安部区津波避難目標地点１","沖縄県名護市安部","26.542472","128.0915"
"安部区津波避難目標地点２","沖縄県名護市安部","26.541694","128.085639"
"県職員住宅入口","沖縄県名護市宇茂佐428-15","26.598556","127.954222"
"あだね川公園","沖縄県名護市宇茂佐の森4-9","26.601106","127.962411"
"宮里キリストの教会駐車場","沖縄県名護市宮里3-30-30","26.594543","127.96708"
"宮里公園","沖縄県名護市宮里4-7","26.599807","127.969935"
"名護市立大宮小学校","沖縄県名護市宮里5-13-22","26.597111","127.973778"
"名護厚生園","沖縄県名護市宮里5-4-29","26.600046","127.971271"
"名護市立中央図書館","沖縄県名護市宮里5-6-1","26.59961","127.970604"
"名護市民会館屋上","沖縄県名護市港2-1-1","26.590737","127.975197"
"稲嶺区津波避難目標地点（クイユーのＴ字路）","沖縄県名護市字","26.630222","128.041889"
"山川股","沖縄県名護市字安部123-9","26.54451","128.095703"
"カヌチャベイリゾート駐車場","沖縄県名護市字安部156-2","26.548595","128.077425"
"琉球セメント事務所屋上","沖縄県名護市字安和1008","26.61312","127.925121"
"部間権現の鳥居","沖縄県名護市字安和2640","26.607223","127.900919"
"伊差川運動公園","沖縄県名護市字伊差川32-2","26.61132","128.005258"
"北部地区医師会北部看護学校駐車場","沖縄県名護市字為又1219-91","26.612522","127.97157"
"為又公園","沖縄県名護市字為又420","26.610554","127.97452"
"名護療育園駐車場","沖縄県名護市字宇茂佐1765","26.608138","127.964327"
"運天原共同墓地駐車場","沖縄県名護市字運天原575-1","26.668757","128.004656"
"農業用２号給水所","沖縄県名護市字運天原676-3","26.66842","128.000665"
"ナガマシのあじまぁ","沖縄県名護市字運天原89","26.671693","128.007854"
"屋我の拝所","沖縄県名護市字屋我272","26.65321","128.028134"
"勝山ガーデンゴルフ練習場前","沖縄県名護市字屋部","26.604944","127.943889"
"屋部区津波避難目標地点（国道４４９号上）","沖縄県名護市字屋部","26.605806","127.956083"
"名護市ポンプ場横一帯","沖縄県名護市字嘉陽","26.554083","128.109583"
"上城（拝所）","沖縄県名護市字嘉陽","26.553306","128.108389"
"嘉陽区津波避難目標地点","沖縄県名護市字嘉陽","26.546667","128.099361"
"山口バス停前","沖縄県名護市字我部1119","26.662247","127.997989"
"我部祖河之御嶽","沖縄県名護市字我部祖河33-1","26.620709","128.002485"
"喜瀬ビーチパレスホテル","沖縄県名護市字喜瀬115-2","26.536225","127.945235"
"喜瀬カントリークラブ宿舎前","沖縄県名護市字喜瀬1345-1","26.524401","127.939636"
"みらい４号館","沖縄県名護市字久志283","26.514722","128.016172"
"久志公園","沖縄県名護市字久志790-1","26.517355","128.006978"
"スーパーホテル沖縄名護","沖縄県名護市字宮里1018","26.604558","127.974197"
"ホテルゆがふいんおきなわ","沖縄県名護市字宮里453-1","26.593356","127.965109"
"許田区津波避難目標地点","沖縄県名護市字許田","26.53942","127.971507"
"源河区津波避難目標地点２","沖縄県名護市字源河","26.631222","128.068167"
"源河区津波避難目標地点１","沖縄県名護市字源河1856","26.632034","128.070978"
"嵐山展望台","沖縄県名護市字呉我1460-2","26.642961","127.989081"
"嵐山茶工場","沖縄県名護市字呉我940-2","26.638593","127.994971"
"赤混田原高台","沖縄県名護市字幸喜","26.539278","127.958306"
"沖縄サンコーストホテル","沖縄県名護市字幸喜108","26.538177","127.949004"
"ベストウェスタン沖縄幸喜ビーチ","沖縄県名護市字幸喜117","26.538885","127.948509"
"仲兼久原高台","沖縄県名護市字幸喜336-4","26.536486","127.954703"
"幸喜貯水タンク前","沖縄県名護市字幸喜655","26.535951","127.951273"
"伊是名高台１","沖縄県名護市字済井出","26.666472","128.014306"
"伊是名高台２","沖縄県名護市字済井出","26.664806","128.015222"
"三原区津波避難目標地点","沖縄県名護市字三原","26.569694","128.069917"
"安和区津波避難目標地点（山入端１３号線）","沖縄県名護市字山入端","26.61","127.933222"
"山入端区津波避難目標地点","沖縄県名護市字山入端","26.6115","127.936611"
"山入端区津波避難目標地点１","沖縄県名護市字山入端","26.606222","127.936639"
"山小屋","沖縄県名護市字勝山378-1","26.613345","127.933938"
"真喜屋公民館","沖縄県名護市字真喜屋73","26.630246","128.038533"
"真喜屋阿社義","沖縄県名護市字真喜屋84","26.629074","128.038719"
"仲尾区津波避難目標地点","沖縄県名護市字親川","26.627528","128.016417"
"親川公民館","沖縄県名護市字親川67-1","26.624008","128.016545"
"数久田タンク場前","沖縄県名護市字数久田","26.565361","127.987528"
"世冨慶区運動公園","沖縄県名護市字世冨慶139-1","26.574931","127.986139"
"名護市食肉センター駐車場","沖縄県名護市字世冨慶755","26.571502","127.991444"
"エナジックカントリークラブ駐車場","沖縄県名護市字瀬嵩463-3","26.552581","128.056639"
"川上公民館","沖縄県名護市字川上3","26.619238","128.018456"
"大浦シンナトウ","沖縄県名護市字大浦151","26.554798","128.043815"
"大川区津波避難目標地点１","沖縄県名護市字大川","26.571972","128.031556"
"大川区津波避難目標地点２","沖縄県名護市字大川","26.574167","128.039972"
"中山公民館","沖縄県名護市字中山129","26.621864","127.965469"
"羽地大橋","沖縄県名護市字仲尾次","26.628472","128.027528"
"屋之上（ヤーノウイ）","沖縄県名護市字仲尾次1067-1","26.624616","128.028815"
"名護市立羽地中学校","沖縄県名護市字仲尾次756","26.624395","128.021539"
"羽地地区センター","沖縄県名護市字仲尾次829","26.623074","128.023814"
"汀間区津波避難場所","沖縄県名護市字汀間","26.555556","128.060417"
"有津津波避難目標地点１","沖縄県名護市字天仁屋","26.587972","128.127389"
"有津簡易水道タンク","沖縄県名護市字天仁屋","26.585833","128.123167"
"天仁屋公民館","沖縄県名護市字天仁屋273","26.569937","128.134972"
"底仁屋公民館","沖縄県名護市字天仁屋696-1","26.572448","128.122318"
"山田公園","沖縄県名護市字田井等909","26.612452","128.011373"
"デイサービス二見の里","沖縄県名護市字二見241-7","26.547293","128.024133"
"辺野古紫雲道場","沖縄県名護市字辺野古134-15","26.523866","128.03133"
"辺野古運動公園","沖縄県名護市字辺野古360-79","26.521568","128.033086"
"名護市立久辺小学校","沖縄県名護市字豊原208","26.519892","128.023755"
"名護市立久辺中学校","沖縄県名護市字豊原208","26.521514","128.023127"
"豊原公民館","沖縄県名護市字豊原221-24","26.520698","128.020822"
"名護城公園ノッポ椰子の広場","沖縄県名護市字名護","26.58975","127.992333"
"伊是名高台３","沖縄県名護市字饒平名","26.663139","128.016194"
"屋我地支所","沖縄県名護市字饒平名1177-1","26.660916","128.012557"
"饒平名区津波避難目標地点","沖縄県名護市字饒平名1243-1","26.659584","128.008464"
"うみのほし幼稚園","沖縄県名護市大西2-1-20","26.593694","127.983122"
"大西公民館","沖縄県名護市大西3-8-12","26.596507","127.983604"
"名護市産業支援センター","沖縄県名護市大中1-19-24","26.590507","127.985388"
"大中緑地公園","沖縄県名護市大中3-17","26.595185","127.986105"
"嵩原公園","沖縄県名護市大中5-1","26.59404","127.99022"
"大東区公園","沖縄県名護市大東3-11-18","26.591829","127.991367"
"ホテルデルフィーノ名護","沖縄県名護市大南1-5-14","26.592305","127.980027"
"大中公園","沖縄県名護市大北1-28","26.598439","127.989348"
"大北公民館","沖縄県名護市大北1-7-1","26.601264","127.994453"
"柳児童公園","沖縄県名護市大北5-9-11","26.60552","127.983574"
"名護城大橋津波避難目標地点","沖縄県名護市東江2","26.587278","127.99175"
"オリオンビール（株）名護工場事務所屋上","沖縄県名護市東江2-2-1","26.58636","127.988982"
"県営東江高層住宅","沖縄県名護市東江5-1-1","26.585007","127.983631"
"ホテルルートイン名護","沖縄県名護市東江5-11-3","26.58034","127.98488"
"第一修道院","沖縄県与那原町字上与那原323-1","26.200529","127.753087"
"上与那原公民館","沖縄県与那原町字上与那原84-2","26.198618","127.753672"
"東浜野球場","沖縄県与那原町字東浜25","26.207608","127.759592"
"与那古浜公園","沖縄県与那原町字東浜77","26.204162","127.762789"
"板良敷区公民館","沖縄県与那原町字板良敷353","26.195273","127.767299"
"与那原東小学校","沖縄県与那原町字板良敷50","26.199385","127.768275"
"町高齢者能力活用センター","沖縄県与那原町字板良敷751","26.18934","127.772475"
"港地区コミュニティセンター","沖縄県与那原町字与那原120","26.202048","127.760135"
"大見武集落センター","沖縄県与那原町字与那原2720-7","26.20531","127.747949"
"浜田地区公民館","沖縄県与那原町字与那原2998-90","26.202961","127.753304"
"与那原町交流センターひざし","沖縄県与那原町字与那原3090-2","26.200057","127.755277"
"与那原カトリック教会","沖縄県与那原町字与那原3090-4","26.200313","127.753666"
"森下区事務所","沖縄県与那原町字与那原3090-7","26.200465","127.755138"
"与那原町商工会館","沖縄県与那原町字与那原3090-8","26.199873","127.755589"
"与那原町観光交流施設","沖縄県与那原町字与那原3179","26.198969","127.756118"
"上の森公園","沖縄県与那原町字与那原3179","26.199374","127.756623"
"町営阿知利団地（集会場）","沖縄県与那原町字与那原3209","26.197697","127.757215"
"与那原町大綱曳倉庫・作業場","沖縄県与那原町字与那原3274-1","26.197055","127.75722"
"江口公民館","沖縄県与那原町字与那原3691-79","26.198988","127.763199"
"町営江口団地（広間）","沖縄県与那原町字与那原3857-1","26.198602","127.763674"
"町営江口団地（だんらん）","沖縄県与那原町字与那原3857-1","26.198693","127.7637"
"中島区事務所","沖縄県与那原町字与那原450-2","26.201883","127.758105"
"与那原中学校","沖縄県与那原町字与那原57","26.201451","127.762412"
"与那原町コミュニティセンター","沖縄県与那原町字与那原712","26.203654","127.755403"
"与那原小学校","沖縄県与那原町字与那原735","26.204605","127.754858"
"与原近隣公園","沖縄県与那原町字与那原897","26.207936","127.75396"
"あかぎ児童館","沖縄県与那原町字与那原912","26.206627","127.755648"
"与原区公民館","沖縄県与那原町字与那原912","26.206699","127.755686"
"与那国町立与那国中学校グランド","沖縄県与那国町字与那国1021","24.468401","123.008969"
"与那国町保健センター裏広場","沖縄県与那国町字与那国1078-1","24.471184","123.005274"
"イベント広場","沖縄県与那国町字与那国1110-2","24.469725","123.009519"
"与那国町離島振興総合センター","沖縄県与那国町字与那国3465","24.442579","122.979054"
"与那国町立久部良中学校グランド","沖縄県与那国町字与那国4021","24.454494","122.943528"
"久部良公園","沖縄県与那国町字与那国4022-520","24.451471","122.945721"