"緊急避難場所","施設名称","住所","地震・大火","津波","備考","経度","緯度","分類"
"○","本庄小学校グラウンド","神戸市東灘区青木4-4-1","○","×","","135.2887744","34.7205442634364","屋外の緊急避難場所"
"○","本庄中学校グラウンド","神戸市東灘区青木4-4-2","○","×","","135.2878902","34.7200913634358","屋外の緊急避難場所"
"○","本庄中央公園","神戸市東灘区青木5-18","○","×","","135.2850366","34.719555833435","屋外の緊急避難場所"
"○","神戸大学テニスコート","神戸市東灘区青木4-1","○","×","","135.2884419","34.7196558334352","屋外の緊急避難場所"
"○","本山第二小学校グラウンド","神戸市東灘区西岡本1-3-1","○","○","","135.2697398","34.7248995134422","屋外の緊急避難場所"
"○","本山中学校グラウンド","神戸市東灘区岡本3-3-1","○","○","","135.270999","34.7251178734425","屋外の緊急避難場所"
"○","住吉小学校グラウンド","神戸市東灘区住吉東町4-1-31","○","○","","135.2647052","34.7167294034313","屋外の緊急避難場所"
"○","住吉宮町公園","神戸市東灘区住吉宮町3-2","○","○","","135.2635727","34.7167953634313","屋外の緊急避難場所"
"○","住吉公園","神戸市東灘区住吉宮町3-3","○","○","","135.2624276","34.7162364334306","屋外の緊急避難場所"
"○","御影小学校グラウンド","神戸市東灘区御影石町3-1-1","○","○","","135.2516708","34.7144219734282","屋外の緊急避難場所"
"○","御影幼稚園グラウンド","神戸市東灘区御影石町3-13-1","○","○","","135.2509169","34.7153599434294","屋外の緊急避難場所"
"○","渦が森小学校グラウンド","神戸市東灘区渦森台1-12-1","○","○","","135.2506612","34.7388364334609","屋外の緊急避難場所"
"○","福池小学校グラウンド","神戸市東灘区本山南町4-4-28","○","○","","135.2792437","34.7214732934376","屋外の緊急避難場所"
"○","小寄公園","神戸市東灘区本山南町4-4","○","○","","135.280288","34.7217030334379","屋外の緊急避難場所"
"○","神大附属中等教育学校グラウンド","神戸市東灘区住吉山手5-11-1","○","○","","135.2543272","34.7316455434513","屋外の緊急避難場所"
"○","本山南中学校グラウンド","神戸市東灘区田中町4-12-1","○","○","","135.2708927","34.7233584834401","屋外の緊急避難場所"
"○","手水公園","神戸市東灘区田中町3-16","○","○","","135.2714449","34.7241141734412","屋外の緊急避難場所"
"○","御影中学校グラウンド","神戸市東灘区御影中町5-1-1","○","○","","135.2535562","34.7156447334298","屋外の緊急避難場所"
"○","御影公園","神戸市東灘区御影中町5-1","○","○","","135.2541769","34.7149921034289","屋外の緊急避難場所"
"○","魚崎中学校グラウンド","神戸市東灘区魚崎南町1-2-1","○","×","","135.2796862","34.7134094334268","屋外の緊急避難場所"
"○","瀬戸公園","神戸市東灘区魚崎南町1-2","○","×","","135.2801512","34.7127397334259","屋外の緊急避難場所"
"○","森公園","神戸市東灘区森南町2-10","○","○","","135.290864","34.7298510334488","屋外の緊急避難場所"
"○","神戸大学","神戸市灘区六甲台町1-1","○","○","","135.2336932","34.7256602334432","屋外の緊急避難場所"
"○","成徳小学校グラウンド","神戸市灘区備後町1-3-1","○","○","","135.2423584","34.7152821434293","屋外の緊急避難場所"
"○","成徳公園","神戸市灘区備後町1-3","○","○","","135.2421362","34.7147488734286","屋外の緊急避難場所"
"○","大和公園","神戸市灘区中郷町5-1　他","○","○","","135.2429643","34.716518773431","屋外の緊急避難場所"
"○","六甲風の郷公園","神戸市灘区六甲町2-4-25","○","○","","135.235168","34.7155260334296","屋外の緊急避難場所"
"○","六甲道南公園","神戸市灘区桜口4　他","○","○","","135.238937","34.712787033426","屋外の緊急避難場所"
"○","王子公園","神戸市灘区王子町2-1　他","○","○","","135.2169476","34.7100258334223","屋外の緊急避難場所"
"○","西郷川河口公園","神戸市灘区摩耶海岸通2-1","○","○","","135.2248194","34.7021519334117","屋外の緊急避難場所"
"○","摩耶海岸通公園","神戸市灘区摩耶海岸通1-2","○","×","《津波時》念のため海岸から離れ、北へ避難","135.2215447","34.7000798334089","屋外の緊急避難場所"
"○","上筒井小学校グラウンド","神戸市中央区野崎通1-1-2","○","○","","135.2114205","34.7104877434229","屋外の緊急避難場所"
"○","筒井台中学校グラウンド","神戸市中央区野崎通1-1-3","○","○","","135.2098023","34.709861453422","屋外の緊急避難場所"
"○","葺合高校グラウンド","神戸市中央区野崎通1-1-1","○","○","","135.2105789","34.7101870434225","屋外の緊急避難場所"
"○","なぎさ公園","神戸市中央区脇浜海岸通1-2","○","×","","135.2146065","34.6969216334047","屋外の緊急避難場所"
"○","脇浜海岸通公園","神戸市中央区脇浜海岸通4-2","○","×","","135.209196","34.6950050334021","屋外の緊急避難場所"
"○","なぎさ小学校グラウンド","神戸市中央区脇浜海岸通2-4-1","○","○","","135.2106638","34.697893683406","屋外の緊急避難場所"
"○","渚中学校グラウンド","神戸市中央区脇浜海岸通2-1-1","○","○","","135.2172601","34.7007198934098","屋外の緊急避難場所"
"○","東遊園地","神戸市中央区加納町6-4","○","○","再整備のため一部使用できません","135.196064","34.6887998333938","屋外の緊急避難場所"
"○","磯上公園","神戸市中央区八幡通2-1","○","○","再整備のため使用できません","135.199181","34.6914860333974","屋外の緊急避難場所"
"○","メリケンパーク","神戸市中央区波止場町2","○","×","","135.1889965","34.6832092333862","屋外の緊急避難場所"
"○","大倉山公園","神戸市中央区楠町7-4","○","○","","135.1729242","34.6863970333905","屋外の緊急避難場所"
"○","湊翔楠中グラウンド","神戸市中央区楠町4-2-5","○","○","","135.1722152","34.6838296133871","屋外の緊急避難場所"
"○","生田川公園（ＨＡＴゆめ公園）","神戸市中央区脇浜海岸通3","○","×","","135.2047218","34.6934542634","屋外の緊急避難場所"
"○","神戸震災復興記念公園（みなとのもり公園）","神戸市中央区小野浜町3","○","×","","135.2008475","34.686750743391","屋外の緊急避難場所"
"○","湊川公園","神戸市兵庫区荒田町1-20","○","○","","135.1662804","34.6799670333819","屋外の緊急避難場所"
"○","荒田公園","神戸市兵庫区荒田町2-19","○","○","","135.1668247","34.6823501333851","屋外の緊急避難場所"
"○","夢野中学校第２グラウンド","神戸市兵庫区鵯越町10-1","○","○","","135.1533091","34.6823332333851","屋外の緊急避難場所"
"○","夢野台公園","神戸市兵庫区滝山町","○","○","","135.151344","34.6828279533857","屋外の緊急避難場所"
"○","会下山公園","神戸市兵庫区会下山町3","○","○","","135.1568222","34.677117473378","屋外の緊急避難場所"
"○","会下山配水場","神戸市兵庫区湊川町10","○","○","","135.1551652","34.6781428033794","屋外の緊急避難場所"
"○","キャナルタウン広場（駅前）","神戸市兵庫区駅南通5-1","○","○","","135.164987","34.6676177433653","屋外の緊急避難場所"
"○","兵庫駅南公園","神戸市兵庫区駅南通5-2","○","○","","135.160556","34.6646969133613","屋外の緊急避難場所"
"○","正慶町公園","神戸市兵庫区駅南通4-1","○","○","","135.1606865","34.6638656333602","屋外の緊急避難場所"
"○","キャナルタウン広場（西）","神戸市兵庫区駅南通5-2","○","○","","135.1610602","34.6650587133618","屋外の緊急避難場所"
"○","御崎公園","神戸市兵庫区御崎町1-2","○","×","《津波時》JRより北などへ避難が困難な場合はノエビアスタジアムへ避難","135.1701277","34.6576663333519","屋外の緊急避難場所"
"○","菊水公園","神戸市兵庫区菊水町3","○","○","","135.1624445","34.6863052333904","屋外の緊急避難場所"
"○","鈴蘭公園","神戸市北区南五葉5-1","○","－","","135.1355404","34.722500633439","屋外の緊急避難場所"
"○","南五葉小学校グラウンド","神戸市北区南五葉3-1-1","○","－","","135.1338564","34.7217753934381","屋外の緊急避難場所"
"○","鵯越墓園","神戸市北区山田町下谷上字中一里山12-1","○","－","","135.1387434","34.6940680434008","屋外の緊急避難場所"
"○","長田南小学校グラウンド","神戸市長田区神楽町1-3-1","○","○","","135.1505957","34.6620795333578","屋外の緊急避難場所"
"○","神楽公園","神戸市長田区細田町1-2","○","○","","135.1505901","34.6630488333591","屋外の緊急避難場所"
"○","新湊川公園","神戸市長田区細田町1","○","○","","135.1510736","34.66372534336","屋外の緊急避難場所"
"○","蓮池小学校グラウンド","神戸市長田区大谷町1-1-10","○","○","","135.1436637","34.6626718033586","屋外の緊急避難場所"
"○","西代蓮池公園","神戸市長田区蓮池町","○","○","","135.1440462","34.6641265333605","屋外の緊急避難場所"
"○","水笠通公園","神戸市長田区水笠通2","○","○","","135.143986","34.6603140333554","屋外の緊急避難場所"
"○","若松公園","神戸市長田区若松町6-3","○","○","","135.1439465","34.6554106333488","屋外の緊急避難場所"
"○","駒ヶ林中学校グラウンド","神戸市長田区若松町7-1-23","○","○","","135.143413","34.6546768133478","屋外の緊急避難場所"
"○","駅前広場","神戸市長田区若松町4-2","○","○","","135.1454668","34.6571524133512","屋外の緊急避難場所"
"○","千歳公園","神戸市須磨区千歳町2","○","○","","135.1392949","34.6558675633494","屋外の緊急避難場所"
"○","だいち小学校グラウンド","神戸市須磨区大池町5-15-1","○","○","","135.134587","34.6536906033465","屋外の緊急避難場所"
"○","須磨海浜公園","神戸市須磨区若宮町1　他","○","×","《津波時》念のため海岸から離れ、JR線より北へ避難。令和３年より再整備工事、一部利用不可","135.126225","34.6435360333328","屋外の緊急避難場所"
"○","須磨離宮公園","神戸市須磨区東須磨1-1","○","○","","135.1179127","34.6527467633452","屋外の緊急避難場所"
"○","須磨浦公園","神戸市須磨区一ノ谷町5","○","×","《津波時》念のため海岸から離れること。","135.0990622","34.6368234333238","屋外の緊急避難場所"
"○","妙法寺川公園","神戸市須磨区戸政町1","○","○","","135.130654","34.6561480333498","屋外の緊急避難場所"
"○","下中島公園","神戸市須磨区中島町1","○","○","","135.1297941","34.6512965933433","屋外の緊急避難場所"
"○","妙法寺川左岸公園","神戸市須磨区大池町5-1","○","○","","135.1312818","34.6504416933421","屋外の緊急避難場所"
"○","鷹取駅北公園","神戸市須磨区大池町5-7","○","○","","135.1354231","34.6544838633476","屋外の緊急避難場所"
"○","塩屋中学校グラウンド","神戸市垂水区塩屋町字大谷","○","○","","135.0775417","34.6434643333327","屋外の緊急避難場所"
"○","青山台東公園","神戸市垂水区青山台4-1","○","○","","135.0756724","34.6427532333318","屋外の緊急避難場所"
"○","平磯芝生公園","神戸市垂水区平磯1","○","×","《津波時》念のため海岸から離れること。","135.0616837","34.6275435733112","屋外の緊急避難場所"
"○","平磯緑地","神戸市垂水区平磯1","○","×","《津波時》念のため海岸から離れること。","135.0631429","34.6283734433124","屋外の緊急避難場所"
"○","マリンピア神戸","神戸市垂水区海岸通12","○","×","《津波時》念のため海岸から離れること。※工事中のため一部使用できません","135.049261","34.6264270333097","屋外の緊急避難場所"
"○","アジュール舞子","神戸市垂水区海岸通11","○","×","《津波時》念のため海岸から離れること。","135.0376812","34.628840433313","屋外の緊急避難場所"
"○","舞子墓園","神戸市垂水区舞子陵1-1","○","○","","135.0459026","34.6470497333376","屋外の緊急避難場所"
"○","舞子中学校グラウンド","神戸市垂水区狩口台3-1-1","○","○","","135.0295985","34.6494212033407","屋外の緊急避難場所"
"○","西舞子小学校グラウンド","神戸市垂水区狩口台3-1-2","○","○","","135.0307916","34.6492533533405","屋外の緊急避難場所"
"○","矢元台公園","神戸市垂水区狩口台2-7","○","○","","135.0256817","34.6494765333408","屋外の緊急避難場所"
