"緊急避難場所","避難所の利用","施設名称","住所","電話番号","土砂災害","洪水","津波","備考","経度","緯度","分類"
"○","○","東灘小学校","神戸市東灘区深江北町2-4-1","078-411-0556","○","○","〇","","135.2944292","34.7248161334421","屋内の緊急避難場所"
"○","○","本庄小学校","神戸市東灘区青木4-4-1","078-411-0339","○","○","×","","135.2886997","34.721020253437","屋内の緊急避難場所"
"○","○","本庄中学校","神戸市東灘区青木4-4-2","078-411-2261","○","○","×","","135.2875439","34.7204612634363","屋内の緊急避難場所"
"○","○","東灘高校","神戸市東灘区深江浜町50","078-452-9600","○","○","×","","135.3010486","34.7099789334222","屋内の緊急避難場所"
"○","○","神戸大学海洋政策科学部","神戸市東灘区深江南町5-1-1","078-431-6200","○","○","×","","135.2883578","34.718744433434","屋内の緊急避難場所"
"○","○","魚崎小学校","神戸市東灘区魚崎中町4-10-8","078-411-6196","○","○","○","","135.271257","34.7149660334289","屋内の緊急避難場所"
"○","○","灘中・高校","神戸市東灘区魚崎北町8-5-1","078-411-7234","○","○","○","","135.2684539","34.7191636334345","屋内の緊急避難場所"
"○","○","本山第一小学校","神戸市東灘区本山北町3-10-1","078-411-1974","○","○","○","","135.2789056","34.7289433334476","屋内の緊急避難場所"
"○","○","甲南女子中・高校","神戸市東灘区森北町5-6-1","078-411-2531","○","○","○","","135.2917292","34.7349206334557","屋内の緊急避難場所"
"○","","甲南女子大学","神戸市東灘区森北町6-2-23","078-431-0391","○","○","○","","135.287471","34.7348020334555","屋内の緊急避難場所"
"○","○","神戸薬科大学","神戸市東灘区本山北町4-19-1","078-453-0031","△","○","○","《土砂災害時》正門が土砂災害警戒区域内にあるので注意、早めに避難","135.2832689","34.7331150334532","屋内の緊急避難場所"
"○","○","本山第二小学校","神戸市東灘区西岡本1-3-1","078-431-1441","○","○","○","","135.2695758","34.7253269334428","屋内の緊急避難場所"
"○","○","本山中学校","神戸市東灘区岡本3-3-1","078-411-3742","○","○","○","","135.2709397","34.7256325334432","屋内の緊急避難場所"
"○","○","甲南大学","神戸市東灘区岡本8-9-1","078-431-4341","△","○","○","《土砂災害時》土砂災害警戒区域外（本山第二小学校）へ避難。ただし、警戒区域外への避難が困難な方や余裕のない場合は利用可","135.2679925","34.7297340334487","屋内の緊急避難場所"
"○","○","本山第三小学校","神戸市東灘区本山中町1-2-35","078-411-0005","○","○","○","","135.2864103","34.7280906334465","屋内の緊急避難場所"
"○","○","住吉小学校","神戸市東灘区住吉東町4-1-31","078-851-2887","○","○","○","","135.264485","34.7175747334324","屋内の緊急避難場所"
"○","○","住之江公民館","神戸市東灘区住吉宮町2-2-3","078-822-1300","○","○","○","","135.2636564","34.7139751334276","屋内の緊急避難場所"
"○","○","住之江公民館別館","神戸市東灘区住吉宮町2-1-3","078-822-1300","○","○","○","","135.2646774","34.714302333428","屋内の緊急避難場所"
"○","○","呉田会館","神戸市東灘区住吉南町4-6-23","078-841-4060","○","○","○","","135.2624866","34.7107873334233","屋内の緊急避難場所"
"○","○","御影小学校","神戸市東灘区御影石町3-1-1","078-851-3673","○","○","○","","135.2515083","34.7148111334287","屋内の緊急避難場所"
"○","○","御影高校","神戸市東灘区御影石町4-1-1","078-841-1501","○","○","○","","135.250575","34.7169608334316","屋内の緊急避難場所"
"○","○","御影公会堂","神戸市東灘区御影石町4-4-1","078-841-2281","○","○","○","","135.2492512","34.7160708334304","屋内の緊急避難場所"
"○","○","御影北小学校","神戸市東灘区御影山手1-12-1","078-851-6809","○","○","○","","135.2488056","34.7246294334419","屋内の緊急避難場所"
"○","○","頌栄短期大学","神戸市東灘区御影山手1-18-1","078-842-2541","△","○","○","《土砂災害時》正門が土砂災害警戒区域内にあるので注意","135.2491389","34.7274431334456","屋内の緊急避難場所"
"○","○","渦が森小学校","神戸市東灘区渦森台1-12-1","078-851-3185","○","○","○","","135.2503494","34.7389833334611","屋内の緊急避難場所"
"○","","幼保連携型認定こども園同朋住吉台こども園","神戸市東灘区住吉台25-7","078-846-6011","○","○","○","","135.2567989","34.7386169334606","屋内の緊急避難場所"
"○","○","六甲アイランド小学校","神戸市東灘区向洋町中2-7","078-857-3121","－","－","○","","135.2744986","34.6888558333938","屋内の緊急避難場所"
"○","○","向洋中学校","神戸市東灘区向洋町中2","078-857-2481","－","－","○","","135.2740625","34.6899361333953","屋内の緊急避難場所"
"○","○","六甲アイランド高校","神戸市東灘区向洋町中4-4","078-858-4000","－","－","○","","135.2714269","34.6848339333884","屋内の緊急避難場所"
"○","○","福池小学校","神戸市東灘区本山南町4-4-28","078-452-5595","○","○","○","","135.2787669","34.7212831334374","屋内の緊急避難場所"
"○","○","本山南小学校","神戸市東灘区本山南町8-2-1","078-452-0071","○","○","○","","135.2824636","34.7235717334404","屋内の緊急避難場所"
"○","○","神戸大学白鴎寮","神戸市東灘区本山南町1-4-50","078-431-6231","○","△","○","《洪水時》一部洪水による浸水想定区域に入っているため注意","135.2876408","34.7235202334404","屋内の緊急避難場所"
"○","○","向洋小学校","神戸市東灘区向洋町中6","078-857-2450","－","－","○","","135.2644942","34.6876808333923","屋内の緊急避難場所"
"○","○","甲南小学校","神戸市東灘区住吉本町1-12-1","078-841-1201","○","○","○","","135.2639961","34.7222717334387","屋内の緊急避難場所"
"○","○","神大附属中等教育学校","神戸市東灘区住吉山手5-11-1","078-811-0232","○","○","○","","135.2544994","34.7320231334518","屋内の緊急避難場所"
"○","○","本山南中学校","神戸市東灘区田中町4-12-1","078-412-2033","○","○","○","","135.2705342","34.7231161334398","屋内の緊急避難場所"
"○","○","住吉中学校","神戸市東灘区住吉山手1-11-1","078-851-3752","○","○","○","","135.2587214","34.7258628334435","屋内の緊急避難場所"
"○","○","御影中学校","神戸市東灘区御影中町5-1-1","078-841-2541","○","○","○","","135.2535331","34.7159417334302","屋内の緊急避難場所"
"○","○","魚崎中学校","神戸市東灘区魚崎南町1-2-1","078-411-1631","○","×","×","","135.2790506","34.7131200334264","屋内の緊急避難場所"
"○","○","東灘体育館","神戸市東灘区魚崎南町6-5-11","078-452-9279","○","×","×","","135.278116","34.7146660334285","屋内の緊急避難場所"
"○","○","鶴甲小学校","神戸市灘区鶴甲2-10-1","078-821-0444","△","○","○","《土砂災害時》正門が土砂災害警戒区域内にあるので注意、西門を利用","135.2363925","34.7335836334539","屋内の緊急避難場所"
"○","○","神戸大学農学部","神戸市灘区六甲台町1-1","078-803-5921(昼)、078-803-5777(夜)","○","○","○","","135.233272","34.7246400334419","屋内の緊急避難場所"
"○","○","神戸大学工学部","神戸市灘区六甲台町1-1","078-803-6333(昼)、078-803-6361(夜)","△","○","○","《土砂災害時》施設の一部・施設までの道のりの一部が土砂災害警戒区域内にあるので注意、早めに避難","135.237488","34.726994033445","屋内の緊急避難場所"
"○","○","神戸大学大学院人間発達環境学研究科","神戸市灘区鶴甲３-11","078-803-7905(昼)、078-803-7941(夜)","○","○","○","","135.2345373","34.7334524734537","屋内の緊急避難場所"
"○","","神戸松蔭女子学院大学","神戸市灘区篠原伯母野山町1-2-1","078-882-6121","○","○","○","","135.2295239","34.7273600334455","屋内の緊急避難場所"
"○","○","成徳小学校","神戸市灘区備後町1-3-1","078-821-1001","○","○","○","","135.2422119","34.7156136334298","屋内の緊急避難場所"
"○","○","高羽小学校","神戸市灘区高羽町3-11-11","078-841-0541","○","○","○","","135.2394699","34.72326713344","屋内の緊急避難場所"
"○","","親和女子高校・親和中学校","神戸市灘区土山町6-1","078-854-3800","△","○","○","《土砂災害時》施設の一部・施設までの道のりの一部が土砂災害警戒区域内にあるので注意、早めに避難","135.242026","34.7267560334447","屋内の緊急避難場所"
"○","○","西郷小学校","神戸市灘区大石東町6-2-1","078-861-2888","○","○","○","","135.232752","34.7069712334182","屋内の緊急避難場所"
"○","○","六甲小学校","神戸市灘区八幡町4-4-1","078-881-1071","○","○","○","","135.2333847","34.7176856334326","屋内の緊急避難場所"
"○","○","福住小学校","神戸市灘区福住通7-1-1","078-861-2424","△","○","○","《土砂災害時》土砂災害警戒区域外（稗田小学校・王子スポーツセンター）へ避難。ただし、警戒区域外への避難が困難な方や余裕のない場合は利用可","135.2184924","34.7131542334265","屋内の緊急避難場所"
"○","○","神戸高校","神戸市灘区城の下通1-5-1","078-861-0434","○","○","○","","135.2139531","34.7183517334334","屋内の緊急避難場所"
"○","○","王子スポーツセンター","神戸市灘区青谷町1-1-1","078-802-0223","○","○","○","","135.2127184","34.7112438334239","屋内の緊急避難場所"
"○","○","西灘小学校","神戸市灘区船寺通3-4-1","078-861-8851","○","○","○","","135.2277828","34.7078003334193","屋内の緊急避難場所"
"○","○","原田中学校","神戸市灘区船寺通2-4-1","078-861-0431","○","○","○","","135.228747","34.7079570334195","屋内の緊急避難場所"
"○","○","稗田小学校","神戸市灘区岸地通4-2-1","078-871-0721","○","○","○","","135.2224081","34.711338933424","屋内の緊急避難場所"
"○","○","美野丘小学校","神戸市灘区箕岡通1-3-17","078-871-1381","○","○","○","","135.22118","34.7230792334398","屋内の緊急避難場所"
"○","○","上野中学校","神戸市灘区国玉通1-1-1","078-871-9681","△","○","○","《土砂災害時》正門が土砂災害警戒区域内にあるので注意、早めに避難","135.2228913","34.7193020234347","屋内の緊急避難場所"
"○","○","摩耶小学校","神戸市灘区畑原通4-1-1","078-861-3172","△","○","○","《土砂災害時》土砂災害警戒区域外（稗田小学校・上野中学校）へ避難、ただし、警戒区域外への避難が困難な方や余裕のない場合は利用可","135.2205719","34.7157272334299","屋内の緊急避難場所"
"○","○","灘小学校","神戸市灘区千旦通1-5-1","078-871-0481","○","○","○","","135.2325461","34.7132556334266","屋内の緊急避難場所"
"○","○","六甲山小学校","神戸市灘区六甲山町北六甲4512-42","078-891-0328","○","－","－","","135.2322536","34.7573864334857","屋内の緊急避難場所"
"○","○","鷹匠中学校","神戸市灘区高徳町2-2-19","078-841-0041","△","○","○","《土砂災害時》土砂災害警戒区域外（高羽小学校）へ避難すること、ただし、警戒区域外への避難が困難な方や余裕のない場合は利用可","135.2438533","34.7201547334359","屋内の緊急避難場所"
"○","○","烏帽子中学校","神戸市灘区烏帽子町1-2-1","078-851-5777","○","○","○","","135.2376273","34.7106720334231","屋内の緊急避難場所"
"○","○","長峰中学校","神戸市灘区長峰台2-2-1","078-861-3781","△","○","○","《土砂災害時》正門が土砂災害警戒区域内にあるので注意、早めに避難","135.222605","34.7248011334421","屋内の緊急避難場所"
"〇","〇","灘の浜小学校","神戸市灘区摩耶海岸通2-2-1","078-802-1750","〇","〇","〇","","135.223696","34.7020050334115","屋内の緊急避難場所"
"○","○","上筒井小学校","神戸市中央区野崎通1-1-2","078-241-1080","○","○","○","","135.2114173","34.7099224934221","屋内の緊急避難場所"
"○","○","筒井台中学校","神戸市中央区野崎通1-1-3","078-241-3201","○","○","○","","135.2100675","34.7093111334213","屋内の緊急避難場所"
"○","○","葺合高校","神戸市中央区野崎通1-1-1","078-291-0771","○","○","○","","135.2102842","34.7110108334236","屋内の緊急避難場所"
"○","○","宮本小学校","神戸市中央区宮本通2-1-36","078-221-1600","○","○","○","","135.2117731","34.7067197334178","屋内の緊急避難場所"
"○","○","科学技術高校","神戸市中央区脇浜町1-4-70","078-272-9900","○","○","○","","135.2135256","34.7043033334146","屋内の緊急避難場所"
"○","○","葺合中学校","神戸市中央区熊内町1-4-28","078-241-0444","×","○","○","《土砂災害時》土砂災害警戒区域外の緊急避難場所（雲中小学校、春日野小学校）へ避難","135.2032542","34.706844433418","屋内の緊急避難場所"
"○","○","春日野小学校","神戸市中央区宮本通7-1-6","078-231-2461","○","○","○","","135.206143","34.7056615034164","屋内の緊急避難場所"
"○","○","なぎさ小学校","神戸市中央区脇浜海岸通2-4-1","078-252-5611","○","○","○","","135.2110122","34.6977428334058","屋内の緊急避難場所"
"○","○","渚中学校","神戸市中央区脇浜海岸通2-1-1","078-242-4501","○","○","○","","135.2175697","34.7004675334094","屋内の緊急避難場所"
"○","○","雲中小学校","神戸市中央区熊内町3-1-7","078-231-3441","○","○","○","","135.2001544","34.7059667334168","屋内の緊急避難場所"
"○","○","布引中学校","神戸市中央区熊内町6-7-1","078-241-0010","×","○","○","《土砂災害時》土砂災害警戒区域外の緊急避難場所（雲中小学校、中央小学校）へ避難","135.1991572","34.7094081334214","屋内の緊急避難場所"
"○","○","中央小学校","神戸市中央区神若通7-1-1","078-231-2421","○","○","○","","135.1996908","34.7017422334111","屋内の緊急避難場所"
"○","○","コミスタこうべ（生涯学習支援センター）","神戸市中央区吾妻通4-1-6","078-251-4731","○","○","○","","135.2046319","34.6982261334064","屋内の緊急避難場所"
"○","○","葺合公民館","神戸市中央区真砂通2-1-1","078-232-4026","○","○","○","","135.204535","34.6949830334021","屋内の緊急避難場所"
"○","○","磯上体育館","神戸市中央区八幡通2-1-38","078-251-6622","○","○","○","","135.199317","34.6921820333983","屋内の緊急避難場所"
"○","","こうべ市民福祉交流センター","神戸市中央区磯上通3-1-32","078-271-5314","○","○","○","","135.2017676","34.6928637333992","屋内の緊急避難場所"
"○","○","こうべ小学校","神戸市中央区中山手通4-23-2","078-221-2539","○","○","○","","135.18247","34.6935569334002","屋内の緊急避難場所"
"○","","浄福寺","神戸市中央区北野町4-11-19","078-221-3052","○","○","○","","135.1881541","34.700165383409","屋内の緊急避難場所"
"○","○","海外移住と文化の交流センター","神戸市中央区山本通3-19-8","078-272-2362","×","○","○","《土砂災害時》土砂災害警戒区域外の緊急避難場所（こうべ小学校）へ避難","135.1846367","34.6974231334053","屋内の緊急避難場所"
"○","○","神戸生田中学校","神戸市中央区北長狭通4-10-1","078-334-1850","○","○","○","","135.1856644","34.6899906333954","屋内の緊急避難場所"
"○","○","山の手小学校","神戸市中央区中山手通7-31-1","078-341-8911","○","○","○","","135.1757292","34.6906489333962","屋内の緊急避難場所"
"○","○","中央図書館","神戸市中央区楠町7-2-1","078-371-3301","○","○","○","","135.1741492","34.6856249333895","屋内の緊急避難場所"
"○","○","湊翔楠中学校","神戸市中央区楠町4-2-5","078-351-2152","○","○","○","","135.1716466","34.6839972333873","屋内の緊急避難場所"
"○","○","中央体育館","神戸市中央区楠町4-1-1","078-341-7971","○","○","○","","135.1744294","34.6827886333857","屋内の緊急避難場所"
"○","○","湊小学校","神戸市中央区東川崎町1-4-1","078-360-1200","○","○","×","","135.1808511","34.6768975333778","屋内の緊急避難場所"
"○","","産業振興センター","神戸市中央区東川崎1-8-4","078-360-3214","○","○","△","《津波時》3階以上へ避難すること。","135.1817956","34.6806028333827","屋内の緊急避難場所"
"○","○","こうべまちづくり会館","神戸市中央区元町通4-2-14","078-361-4523","○","○","×","","135.1829065","34.6860973333901","屋内の緊急避難場所"
"○","○","義務教育学校港島学園","神戸市中央区港島中町3-2-2","078-302-1661,1771","－","－","○","建物に被害が無ければ、原則自宅避難","135.2140986","34.669656933368","屋内の緊急避難場所"
"○","○","神戸国際展示場","神戸市中央区港島中町6-11-1","078-302-1020","－","－","○","建物に被害が無ければ、原則自宅避難","135.2126072","34.66373003336","屋内の緊急避難場所"
"○","○","ワールド記念ホール","神戸市中央区港島中町6-12-2","078-302-8781","－","－","○","建物に被害が無ければ、原則自宅避難","135.2101714","34.6639883333604","屋内の緊急避難場所"
"○","○","ポートアイランドスポーツセンター","神戸市中央区港島中町6-12-1","078-302-1031","－","－","○","建物に被害が無ければ、原則自宅避難","135.210735","34.6631078333592","屋内の緊急避難場所"
"○","○","バンドー神戸青少年科学館","神戸市中央区港島中町7-7-6","078-302-5177","－","－","○","建物に被害が無ければ、原則自宅避難","135.2182844","34.6659964333631","屋内の緊急避難場所"
"○","○","神戸学院大学","神戸市中央区港島1-1-3","078-974-1551","－","－","○","建物に被害が無ければ、原則自宅避難","135.2039939","34.6694625333677","屋内の緊急避難場所"
"○","○","神戸祇園小学校","神戸市兵庫区下三条町11-1","078-511-2600","○","○","○","","135.166986","34.6879110333926","屋内の緊急避難場所"
"○","","ネイチャー　スタジオ","神戸市兵庫区雪御所町2-18-201","078-521-2370","○","○","○","","135.0954323","34.4123204330187","屋内の緊急避難場所"
"○","○","建設局中央水環境センター鈴蘭台処理場","神戸市兵庫区烏原町字譲原","078-521-0020","×","○","○","《土砂災害時》土砂災害警戒区域外（神戸祇園小学校）へ避難","135.1482163","34.6984246334067","屋内の緊急避難場所"
"○","○","友生支援学校","神戸市兵庫区夢野町1-1","078-576-6120","○","○","○","","135.1603502","34.6862663333904","屋内の緊急避難場所"
"○","○","夢野中学校","神戸市兵庫区鵯越町10-1","078-511-5555","○","○","○","","135.153004","34.6820730333847","屋内の緊急避難場所"
"○","","夢野こどもホーム（一階地域交流スペース）","神戸市兵庫区夢野町4-3-13","078-511-3445","○","○","○","","135.1562126","34.6835817333868","屋内の緊急避難場所"
"○","○","夢野の丘小学校","神戸市兵庫区東山町4-20","078-521-7340","○","○","○","","135.1605583","34.6816692333842","屋内の緊急避難場所"
"○","○","会下山小学校","神戸市兵庫区上沢通1-3-26","078-577-1501","○","○","○","","135.1652133","34.6792201333809","屋内の緊急避難場所"
"○","○","湊川中学校・楠高校","神戸市兵庫区松本通1-1-1","078-521-4874","○","○","○","","135.1641303","34.6799525333819","屋内の緊急避難場所"
"○","○","神港橘高校","神戸市兵庫区会下山町3-16-1","078-579-2000","○","○","○","","135.156764","34.6752090333755","屋内の緊急避難場所"
"○","○","兵庫大開小学校","神戸市兵庫区大開通4-1-39","078-575-4773","○","○","○","","135.1663192","34.6736700333734","屋内の緊急避難場所"
"○","○","水木小学校","神戸市兵庫区水木通9-1-8","078-575-8360","○","○","○","","135.1594761","34.6703563333689","屋内の緊急避難場所"
"○","○","兵庫中学校","神戸市兵庫区永沢町4-3-36","078-577-0744","○","○","○","","135.169955","34.6736533333734","屋内の緊急避難場所"
"○","○","明親小学校","神戸市兵庫区須佐野通4-1-19","078-651-2855","○","○","○","","135.1661081","34.6651625333619","屋内の緊急避難場所"
"○","○","須佐野中学校","神戸市兵庫区松原通1-1-44","078-671-4261","○","○","△","《津波時》JR より北や明親小学校へ避難することが困難な場合は利用可","135.1697442","34.664460033361","屋内の緊急避難場所"
"○","○","和田岬小学校","神戸市兵庫区和田宮通6-1-18","078-671-1105","○","○","×","《津波時》JRより北などへ避難が困難な場合はノエビアスタジアムへ避難","135.1754714","34.6551500333485","屋内の緊急避難場所"
"○","○","兵庫工業高校","神戸市兵庫区和田宮通2-1-63","078-671-1431","○","○","△","《津波時》JRより北などへ避難が困難な場合はノエビアスタジアムへ避難が困難な場合はD棟３階以上へ避難","135.1737856","34.6595550333544","屋内の緊急避難場所"
"○","○","浜山小学校","神戸市兵庫区材木町4-2","078-651-3890","○","○","○","","135.1662009","34.6577497333519","屋内の緊急避難場所"
"○","○","吉田中学校","神戸市兵庫区吉田町1-5-1","078-681-3545","○","○","×","《津波時》JRより北などへ避難が困難な場合はノエビアスタジアムへ避難","135.1711849","34.6521824333445","屋内の緊急避難場所"
"○","","高齢者ケアセンターひょうご","神戸市兵庫区里山町1-48","078-612-3335","○","○","○","","135.1409349","34.6926209333989","屋内の緊急避難場所"
"○","○","鵯台中学校","神戸市北区ひよどり台1-15-31","078-743-0072","○","○","－","","135.119395","34.6940922334009","屋内の緊急避難場所"
"○","○","ひよどり台小学校","神戸市北区ひよどり台3-3","078-743-0062","○","○","－","","135.1248861","34.6978361334059","屋内の緊急避難場所"
"○","○","星和台中学校","神戸市北区星和台1-6","078-593-8400","○","○","－","","135.1285742","34.7191089334345","屋内の緊急避難場所"
"○","○","星和台小学校","神戸市北区星和台6-21","078-593-8200","○","○","－","","135.123755","34.7238111334408","屋内の緊急避難場所"
"○","○","鈴蘭台中学校","神戸市北区北五葉2-10-32","078-591-4521","○","○","－","","135.1325319","34.7293744334482","屋内の緊急避難場所"
"○","○","北五葉小学校","神戸市北区北五葉3-7-1","078-591-1196","○","○","－","","135.1364567","34.7305658334498","屋内の緊急避難場所"
"○","○","藍那小河地域福祉センター","神戸市北区山田町藍那字下の町77-8","078-203-1543","○","○","－","","135.1130516","34.7345144734551","屋内の緊急避難場所"
"○","○","君影小学校","神戸市北区君影町1-11-13","078-592-0059","○","○","－","","135.1362431","34.7143622334281","屋内の緊急避難場所"
"○","○","南五葉小学校","神戸市北区南五葉3-1-1","078-591-1314","○","○","－","","135.1335958","34.7220808334385","屋内の緊急避難場所"
"○","○","鈴蘭台小学校","神戸市北区鈴蘭台南町2-14-24","078-592-8181","○","○","－","","135.1409536","34.7253611334429","屋内の緊急避難場所"
"○","○","小部小学校","神戸市北区鈴蘭台北町3-8-1","078-591-1761","○","○","－","","135.1481373","34.7296452334486","屋内の緊急避難場所"
"○","○","小部中学校","神戸市北区山田町小部字向井谷23-1","078-592-1177","○","○","－","","135.1552522","34.7304383334497","屋内の緊急避難場所"
"○","○","小部東小学校","神戸市北区鈴蘭台北町7-11-22","078-592-0086","○","○","－","《土砂災害時》北門が土砂災害警戒区域内にあるので注意、西門を利用","135.1570161","34.7277472334461","屋内の緊急避難場所"
"○","○","泉台小学校","神戸市北区泉台3-1-4","078-593-7771","○","○","－","","135.1374203","34.7384094334603","屋内の緊急避難場所"
"○","○","桜の宮小学校","神戸市北区若葉台1-3-15","078-591-1009","○","○","－","","135.1544244","34.7405872334633","屋内の緊急避難場所"
"○","○","桜の宮中学校","神戸市北区大脇台6-1","078-593-8001","○","○","－","","135.1598575","34.73812083346","屋内の緊急避難場所"
"○","○","大原中学校","神戸市北区大原1-19","078-581-6661","○","○","－","","135.1439031","34.7459253334704","屋内の緊急避難場所"
"○","○","桂木小学校","神戸市北区桂木1-2-5","078-582-4001","○","○","－","","135.14575","34.7478194334729","屋内の緊急避難場所"
"○","○","甲緑小学校","神戸市北区緑町7-12-10","078-581-1221","○","○","－","《土砂災害時》南門が土砂災害警戒区域内にあるので注意、北門を利用","135.1501775","34.7445700334686","屋内の緊急避難場所"
"○","○","箕谷小学校","神戸市北区松が枝町1-11","078-581-8030","○","○","－","","135.1494689","34.758298933487","屋内の緊急避難場所"
"○","○","広陵小学校","神戸市北区筑紫が丘2-9-1","078-583-0191","○","○","－","","135.1652094","34.7484919334739","屋内の緊急避難場所"
"○","○","広陵中学校","神戸市北区小倉台5-1-1","078-583-1313","○","○","－","","135.1698603","34.7494190334751","屋内の緊急避難場所"
"○","○","筑紫が丘小学校","神戸市北区筑紫が丘3-4-1","078-581-1006","○","○","－","","135.1626847","34.7442508334682","屋内の緊急避難場所"
"○","○","山田中学校","神戸市北区山田町下谷上字宮ノ前15","078-581-1068","△","○","－","《土砂災害時》正門及び西門が土砂災害警戒区域にあるため、東門を利用","135.15656","34.7631097334934","屋内の緊急避難場所"
"○","○","谷上小学校","神戸市北区山田町下谷上字中上16","078-581-3351","○","○","－","","135.1695683","34.7633560334938","屋内の緊急避難場所"
"○","○","山田小学校","神戸市北区山田町中字長尾サ1","078-581-0055","〇","○","－","","135.1315793","34.7655384334967","屋内の緊急避難場所"
"○","○","花山小学校","神戸市北区花山東町3-1","078-583-1120","○","○","－","","135.1851184","34.7652070334962","屋内の緊急避難場所"
"○","○","大池中学校","神戸市北区西大池2-24-3","078-581-8034","○","○","－","","135.1959735","34.7722335335056","屋内の緊急避難場所"
"○","○","大池小学校","神戸市北区西大池2-24-1","078-581-8032","○","○","－","","135.1985989","34.7721855335055","屋内の緊急避難場所"
"○","○","六甲が丘会館","神戸市北区東大池1-5-8","078-981-8806","○","○","－","","135.2000142","34.7794996335153","屋内の緊急避難場所"
"○","○","唐櫃中学校","神戸市北区唐櫃台4-36-1","078-982-6461","○","○","－","","135.2116828","34.7849856335226","屋内の緊急避難場所"
"○","○","唐櫃小学校","神戸市北区唐櫃台2-39-1","078-981-5926","○","○","－","","135.2140461","34.7898350335291","屋内の緊急避難場所"
"○","○","神戸北高校","神戸市北区唐櫃台2-41-1","078-981-0131","○","○","－","","135.2166767","34.7884603335273","屋内の緊急避難場所"
"○","○","有馬小学校","神戸市北区有馬町1274","078-904-0170","○","○","－","","135.2484678","34.800937233544","屋内の緊急避難場所"
"○","○","五社ふれあい館","神戸市北区有野町有野878-1","-","○","○","－","《土砂災害時》避難場所への進入経路が土砂災害警戒区域内にあるので注意","135.2153928","34.8051587335496","屋内の緊急避難場所"
"○","○","有馬中学校","神戸市北区有野台7-18","078-981-5101","○","○","－","","135.2264669","34.8096414335556","屋内の緊急避難場所"
"○","○","ありの台小学校","神戸市北区有野台5-2","078-981-5111","○","○","－","","135.229927","34.8141050335615","屋内の緊急避難場所"
"○","○","藤原台小学校","神戸市北区藤原台南町1-13-1","078-982-5880","○","○","－","","135.2081294","34.8128017335598","屋内の緊急避難場所"
"○","○","有野小学校","神戸市北区藤原台中町3-17-1","078-981-5341","○","○","－","","135.2178647","34.8206678335703","屋内の緊急避難場所"
"○","○","有野中学校","神戸市北区藤原台中町5-2-1","078-982-2700","○","○","－","","135.214115","34.8220619335721","屋内の緊急避難場所"
"○","○","有野北中学校","神戸市北区藤原台北町6-4-1","078-987-3057","○","○","－","","135.2231308","34.8297614335824","屋内の緊急避難場所"
"○","○","ＪＡ兵庫六甲（神戸北文化センター）","神戸市北区有野中町2-12-13","078-981-6550","○","○","－","夜間、土休日は閉館のため避難の際は北神区役所（981-5377）に問い合わせ","135.2261756","34.8266315335782","屋内の緊急避難場所"
"○","○","西山小学校","神戸市北区西山1-67","078-952-1800","○","○","－","","135.2182786","34.8388828335945","屋内の緊急避難場所"
"○","○","西二郎集会所","神戸市北区有野町有野3556-1","-","○","○","－","","135.2270181","34.8379940335933","屋内の緊急避難場所"
"○","○","道場小学校","神戸市北区道場町塩田1460","078-985-4016","○","×","－","《水害時》別の避難場所へ避難","135.2324854","34.8695656636353","屋内の緊急避難場所"
"○","○","生野自治会館","神戸市北区道場町生野285","078-985-5322","○","×","－","《水害時》別の避難場所へ避難","135.250965","34.866292033631","屋内の緊急避難場所"
"○","○","平田自治会館","神戸市北区道場町平田553","078-985-5866","○","○","－","","135.2390834","34.8514614336112","屋内の緊急避難場所"
"○","○","生野高原安心コミュニティプラザ","神戸市北区道場町生野1172-1022","-","○","○","－","","135.2709696","34.8481991936069","屋内の緊急避難場所"
"○","○","義務教育学校八多学園","神戸市北区八多町附物876","078-982-0048(前期課程)、078-982-0049(後期課程)","○","○","－","","135.1956558","34.8225998335729","屋内の緊急避難場所"
"○","○","中公民館","神戸市北区八多町中1177","078-951-0303","○","○","－","","135.216607","34.8493620336085","屋内の緊急避難場所"
"○","○","大沢小・中学校","神戸市北区大沢町中大沢976","078-954-0310(小)、078-954-0142(中)","○","○","－","","135.1651806","34.8550778336161","屋内の緊急避難場所"
"○","○","上大沢ふれあい会館","神戸市北区大沢町上大沢3080","078-954-0633","○","○","－","","135.1836861","34.8488791336078","屋内の緊急避難場所"
"○","○","長尾小学校","神戸市北区上津台3-4-1","078-986-2074","○","○","－","","135.1944764","34.8657092336302","屋内の緊急避難場所"
"○","○","岩谷公会堂","神戸市北区長尾町上津4270","078-986-2510","○","○","－","","135.1733832","34.883609533654","屋内の緊急避難場所"
"○","○","鹿の子台小学校","神戸市北区鹿の子台北町6-34-1","078-952-1720","○","○","－","","135.2183289","34.8610031336239","屋内の緊急避難場所"
"○","○","北神戸中学校","神戸市北区鹿の子台北町2-8-1","078-951-0821","○","○","－","","135.22287","34.8629167336265","屋内の緊急避難場所"
"○","○","好徳小学校","神戸市北区淡河町野瀬487","078-958-0004","○","○","－","","135.1501956","34.8224556335726","屋内の緊急避難場所"
"○","○","淡河中学校","神戸市北区淡河町行原字中沢179-2","078-958-0301","○","○","－","","135.1240617","34.8195472335688","屋内の緊急避難場所"
"○","○","淡河小学校","神戸市北区淡河町萩原524","078-959-0113","○","○","－","","135.1021525","34.8163308335645","屋内の緊急避難場所"
"○","○","室内小学校","神戸市長田区前原町1-17-1","078-691-0917","○","○","○","","135.1543644","34.6734728333731","屋内の緊急避難場所"
"○","○","長田公民館","神戸市長田区四番町4-51","078-575-1374","○","○","○","","135.1545541","34.6697571333681","屋内の緊急避難場所"
"○","○","夢野台高校","神戸市長田区房王寺町2-1-1","078-691-1546","○","○","○","","135.1534672","34.677083333378","屋内の緊急避難場所"
"○","○","名倉小学校","神戸市長田区房王寺町4-7-15","078-691-6181","△","○","○","《土砂災害時》土砂災害警戒区域外の緊急避難場所（丸山中学校）へ避難。ただし、警戒区域外への避難が困難な方や余裕のない場合は利用可。","135.1479261","34.6799497333819","屋内の緊急避難場所"
"○","○","丸山中学校","神戸市長田区大丸町2-17-1","078-691-0005","○","○","○","","135.1487342","34.6780025333792","屋内の緊急避難場所"
"○","○","雲雀丘中学校","神戸市長田区雲雀ヶ丘1-1-1","078-631-8748","○","○","○","","135.1343131","34.6915231333974","屋内の緊急避難場所"
"○","○","丸山ひばり小学校","神戸市長田区西丸山町3-2-1","078-691-8552","○","○","○","","135.1375906","34.6864350333906","屋内の緊急避難場所"
"○","○","総合療育センター","神戸市長田区丸山町2-3-50","078-646-5291","○","○","○","","135.1400806","34.6833695333864","屋内の緊急避難場所"
"○","○","丸山コミュニティ・センター","神戸市長田区西丸山町1-7-5","078-643-3447","○","○","○","","135.1409072","34.68599103339","屋内の緊急避難場所"
"○","○","宮川小学校","神戸市長田区長田町4-1-1","078-631-2721","○","○","○","","135.1472888","34.6722262333715","屋内の緊急避難場所"
"○","○","池田小学校","神戸市長田区池田上町19","078-691-1661","△","○","○","《土砂災害時》土砂災害警戒区域外の緊急避難場所（宮川小学校、長田高校、蓮池小学校）へ避難。ただし、警戒区域外への避難が困難な方や余裕のない場合は利用可。","135.1449296","34.6678811333656","屋内の緊急避難場所"
"○","○","西代中学校","神戸市長田区上池田2-4-1","078-691-1521","×","○","○","《土砂災害時》土砂災害警戒区域外の緊急避難場所（宮川小学校、長田高校、蓮池小学校）へ避難","135.1396686","34.668181433366","屋内の緊急避難場所"
"○","○","長田高校","神戸市長田区池田谷町2-5","078-621-4101","○","○","○","","135.1435322","34.6702422333688","屋内の緊急避難場所"
"○","○","蓮池小学校","神戸市長田区大谷町1-1-10","078-691-4215","○","○","○","","135.1432128","34.6624350333583","屋内の緊急避難場所"
"○","○","神戸常盤大学","神戸市長田区大谷町2-6-2","078-611-1821","△","○","○","《土砂災害時》土砂災害警戒区域外の緊急避難場所（蓮池小学校）へ避難。ただし、警戒区域外への避難が困難な方や余裕のない場合は利用可。","135.1411825","34.6654958333624","屋内の緊急避難場所"
"○","○","長田小学校","神戸市長田区西山町2-4-1","078-631-2731","○","○","○","","135.1428822","34.6725142333718","屋内の緊急避難場所"
"○","○","高取台中学校","神戸市長田区高取山町1-1-1","078-611-6325","△","○","○","《土砂災害時》土砂災害警戒区域外の緊急避難場所（長田小学校、五位の池小学校）へ避難すること。ただし、警戒区域外への避難が困難な方や余裕のない場合は利用可。","135.1372353","34.6713811333703","屋内の緊急避難場所"
"○","○","育英高校","神戸市長田区長尾町2-1-15","078-611-6001","×","○","○","《土砂災害時》土砂災害警戒区域外の緊急避難場所（長田小学校、五位の池小学校）へ避難","135.1348078","34.6684842333664","屋内の緊急避難場所"
"○","○","五位の池小学校","神戸市長田区五位ノ池町2-3-1","078-631-2741","○","○","○","","135.1363515","34.6660659333632","屋内の緊急避難場所"
"○","○","御蔵小学校","神戸市長田区一番町4-1","078-575-2226","○","○","○","","135.1550418","34.6663688333636","屋内の緊急避難場所"
"○","○","真野小学校","神戸市長田区苅藻通3-4-32","078-671-0190","○","△","○","《洪水時》避難経路の通行に注意が必要","135.1540769","34.657031333351","屋内の緊急避難場所"
"○","○","長田中学校","神戸市長田区真野町8-1","078-671-3757","○","○","○","","135.1531092","34.6614128333569","屋内の緊急避難場所"
"○","○","長田南小学校","神戸市長田区神楽町1-3-1","078-691-1702","○","○","○","","135.1498543","34.6618374333575","屋内の緊急避難場所"
"○","○","駒ヶ林中学校","神戸市長田区若松町7-1-23","078-611-0082","○","○","○","","135.1434603","34.6551358333484","屋内の緊急避難場所"
"○","○","真陽小学校","神戸市長田区二葉町1-5-5","078-611-0456","○","△","○","《洪水時》避難経路の通行に注意が必要","135.1512872","34.6555025333489","屋内の緊急避難場所"
"○","○","ふたば学舎","神戸市長田区二葉町7-1-18","078-646-8128","○","○","○","","135.146261","34.6517707333439","屋内の緊急避難場所"
"○","○","駒ケ林小学校","神戸市長田区野田町6-1-16","078-731-7061","○","○","○","","135.1414645","34.6500314333416","屋内の緊急避難場所"
"○","○","若宮小学校","神戸市須磨区若宮町2-1-21","078-731-0007","○","×","○","《洪水時》別の避難場所へ避難","135.1314996","34.6463436333366","屋内の緊急避難場所"
"○","○","鷹取中学校","神戸市須磨区青葉町3-1-1","078-731-0066","○","×","○","《洪水時》別の避難場所へ避難","135.1326031","34.6479475333388","屋内の緊急避難場所"
"○","○","南須磨公民館","神戸市須磨区青葉町2-2-3","078-735-2770","○","×","○","《洪水時》別の避難場所へ避難","135.1333241","34.6488167333399","屋内の緊急避難場所"
"○","○","西須磨小学校","神戸市須磨区行幸町3-4-18","078-731-0295","○","○","○","","135.1204206","34.646658633337","屋内の緊急避難場所"
"○","○","須磨一の谷プラザ","神戸市須磨区一ノ谷町5-2-1","078-731-8353","△","○","○","《土砂災害時》土砂災害警戒区域外（西須磨小学校）へ避難、ただし、警戒区域外への避難が困難な方や余裕のない場合は利用可","135.1060922","34.6411794333296","屋内の緊急避難場所"
"○","○","北須磨小学校","神戸市須磨区離宮西町2-1-1","078-731-8149","○","○","○","","135.1152711","34.6526467333451","屋内の緊急避難場所"
"○","○","だいち小学校","神戸市須磨区大池町5-15-1","078-739-1502","○","○","○","","135.1342833","34.6542553333473","屋内の緊急避難場所"
"○","○","太田中学校","神戸市須磨区大黒町5-1-1","078-732-0854","○","○","○","","135.1329026","34.6576629333518","屋内の緊急避難場所"
"○","○","東須磨小学校","神戸市須磨区堀池町1‐2-1","078-731-0448","○","○","○","","135.1276478","34.654805033348","屋内の緊急避難場所"
"○","○","須磨体育館","神戸市須磨区中島町1-2-2","078-734-5588","○","○","○","","135.1289669","34.6507528333426","屋内の緊急避難場所"
"○","○","飛松中学校","神戸市須磨区大手町8-4-25","078-731-9494","○","○","○","","135.1257339","34.6582739333527","屋内の緊急避難場所"
"○","○","高倉台小学校","神戸市須磨区高倉台4-1-1","078-734-1766","○","○","○","","135.1041192","34.65626283335","屋内の緊急避難場所"
"○","○","高倉中学校","神戸市須磨区高倉台1-8-1","078-733-1140","○","○","○","","135.1074356","34.6536575333465","屋内の緊急避難場所"
"○","○","板宿小学校","神戸市須磨区菊池町1-1-1","078-732-4055","○","○","○","","135.1331303","34.6630653333591","屋内の緊急避難場所"
"○","○","多井畑小学校","神戸市須磨区友が丘3-106","078-792-0450","△","○","○","《土砂災害時》西門が土砂災害警戒区域内にあるので注意、正門を利用","135.0943419","34.668877833367","屋内の緊急避難場所"
"○","○","友が丘中学校","神戸市須磨区友が丘7-283-1","078-792-5567","○","○","○","","135.0994969","34.6731275333727","屋内の緊急避難場所"
"○","○","多井畑自治会館","神戸市須磨区多井畑字東所22","078-741-5020","○","○","○","","135.0931745","34.6608772333562","屋内の緊急避難場所"
"○","○","横尾小学校","神戸市須磨区横尾5-3","078-743-4511","○","○","○","","135.1115681","34.6704253333691","屋内の緊急避難場所"
"○","○","横尾中学校","神戸市須磨区横尾2-1-2","078-743-7322","△","○","○","《土砂災害時》通用門が土砂災害警戒区域内にあるので注意、正門を利用","135.1157451","34.6728241333723","屋内の緊急避難場所"
"○","○","妙法寺小学校","神戸市須磨区妙法寺字桜界地106-1","078-741-2559","△","○","○","《土砂災害時》西門が土砂災害警戒区域内にあるので注意、南校舎側の門を利用","135.1172147","34.6760865333767","屋内の緊急避難場所"
"○","○","神戸星城高校","神戸市須磨区緑ヶ丘1-12-1","078-741-1860","○","○","○","","135.1162619","34.6820128333846","屋内の緊急避難場所"
"○","○","南落合小学校","神戸市須磨区南落合3-11-1","078-792-5244","○","○","○","","135.1014661","34.6763078333769","屋内の緊急避難場所"
"○","○","竜が台小学校","神戸市須磨区竜が台6-15-1","078-793-1833","○","○","○","","135.0911614","34.6745411333746","屋内の緊急避難場所"
"○","○","竜が台中学校","神戸市須磨区竜が台4-1","078-791-0762","○","○","○","","135.0882228","34.675590833376","屋内の緊急避難場所"
"○","○","菅の台小学校","神戸市須磨区菅の台4-3-2","078-791-0233","△","○","○","《土砂災害時》西門が土砂災害警戒区域付近にあるので注意、正門を利用","135.0836983","34.6721939333714","屋内の緊急避難場所"
"○","○","花谷小学校","神戸市須磨区東落合1-4-1","078-791-8272","○","○","○","","135.1012968","34.680073233382","屋内の緊急避難場所"
"○","○","東落合中学校","神戸市須磨区東落合2-15-1","078-792-5558","○","○","○","","135.0994494","34.6823986333852","屋内の緊急避難場所"
"○","○","西落合小学校","神戸市須磨区西落合7-1-3","078-792-5556","○","○","○","","135.0892339","34.6819375333845","屋内の緊急避難場所"
"○","○","北須磨文化センター","神戸市須磨区中落合3-1-2","078-791-0840","○","○","○","","135.0954409","34.6839355333872","屋内の緊急避難場所"
"○","○","西落合中学校","神戸市須磨区西落合4-1-1","078-791-8444","○","○","○","","135.0824564","34.6851425333888","屋内の緊急避難場所"
"○","○","須磨翔風高校","神戸市須磨区西落合1-1-5","078-798-4155","○","○","○","","135.0887922","34.6779933333792","屋内の緊急避難場所"
"○","○","若草小学校","神戸市須磨区若草町1-13","078-743-7311","○","○","○","","135.1148719","34.6876362333922","屋内の緊急避難場所"
"○","○","須磨北中学校","神戸市須磨区東白川台5-1-1","078-741-6465","○","○","○","","135.1102097","34.6920283333981","屋内の緊急避難場所"
"○","○","東落合小学校","神戸市須磨区東落合2-18-1","078-793-1844","○","○","○","","135.1009689","34.6852289333889","屋内の緊急避難場所"
"○","○","松尾小学校","神戸市須磨区北落合2-13-1","078-791-8422","△","○","○","《土砂災害時》正門が土砂災害警戒区域内にあるので注意、東門を利用","135.0917225","34.6866175333908","屋内の緊急避難場所"
"○","○","神の谷小学校","神戸市須磨区神の谷5-1-1","078-791-8277","○","○","○","","135.0854611","34.6885015333934","屋内の緊急避難場所"
"○","○","白川小学校","神戸市須磨区白川台7-3-2","078-792-2619","○","○","○","","135.1006022","34.6960794334036","屋内の緊急避難場所"
"○","○","白川台中学校","神戸市須磨区白川台1-25-2","078-792-5711","○","○","○","","135.0964414","34.6927503333991","屋内の緊急避難場所"
"○","○","塩屋小学校","神戸市垂水区塩屋町3-18-1","078-751-4400","○","○","○","","135.0813161","34.6379922333253","屋内の緊急避難場所"
"○","○","塩屋中学校","神戸市垂水区塩屋町字大谷","078-753-2271","○","○","○","","135.0771217","34.6439331333333","屋内の緊急避難場所"
"○","","兵庫県自治研修所","神戸市垂水区塩屋町5-3-1","078-752-1321","○","○","○","","135.077551","34.6331110333187","屋内の緊急避難場所"
"○","○","塩屋北小学校","神戸市垂水区塩屋北町4-10-1","078-752-7575","○","○","○","","135.0906539","34.6470275333375","屋内の緊急避難場所"
"○","○","塩屋台自治会館","神戸市垂水区塩屋台1-21","-","○","○","○","","135.0835281","34.6418375333305","屋内の緊急避難場所"
"○","○","下畑台小学校","神戸市垂水区桃山台3-20","078-752-6780","○","○","○","","135.0830569","34.6560514333497","屋内の緊急避難場所"
"○","○","桃山台中学校","神戸市垂水区桃山台4-8","078-752-1201","○","○","○","","135.0797656","34.6579178333522","屋内の緊急避難場所"
"○","○","下畑公会堂","神戸市垂水区下畑町字谷川2120","-","○","○","○","","135.086614","34.6527060333452","屋内の緊急避難場所"
"○","○","つつじが丘小学校","神戸市垂水区つつじが丘3-1385-79","078-709-7751","○","○","○","","135.0786778","34.6574376333515","屋内の緊急避難場所"
"○","○","福田小学校","神戸市垂水区乙木3-3-1","078-753-3515","○","○","○","","135.0665735","34.6411637333296","屋内の緊急避難場所"
"○","○","東垂水小学校","神戸市垂水区王居殿2-5-25","078-751-2623","○","○","○","","135.0711864","34.6348258333211","屋内の緊急避難場所"
"○","","視覚特別支援学校","神戸市垂水区城が山4-2-1","078-751-3291","○","○","○","","135.0692837","34.6331960333189","屋内の緊急避難場所"
"○","○","乙木小学校","神戸市垂水区美山台2-1-1","078-752-4205","○","○","○","","135.0709614","34.6403306333285","屋内の緊急避難場所"
"○","○","垂水東中学校","神戸市垂水区青山台3-4-1","078-751-6139","○","○","○","","135.0721917","34.6409722333294","屋内の緊急避難場所"
"○","○","東垂水公民館","神戸市垂水区東垂水1-1-1","078-753-5025","○","○","○","","135.0684339","34.6368394333238","屋内の緊急避難場所"
"○","○","名谷小学校","神戸市垂水区名谷町1896","078-707-2481","○","○","○","","135.0709858","34.6633169333595","屋内の緊急避難場所"
"○","○","福田中学校","神戸市垂水区名谷町字猿倉254","078-708-1670","△","○","○","《土砂災害時》武道場・体育館は使用できません","135.0605674","34.6515827333437","屋内の緊急避難場所"
"○","","神戸聴覚特別支援学校","神戸市垂水区福田1-3-1","078-709-9301","〇","〇","〇","","135.063445","34.6404390333286","屋内の緊急避難場所"
"○","○","高丸小学校","神戸市垂水区大町2-6-9","078-707-8877","○","○","○","","135.0613262","34.6381384333255","屋内の緊急避難場所"
"○","○","千鳥が丘小学校","神戸市垂水区千鳥が丘3-10-37","078-709-1655","○","○","○","","135.0581761","34.6433439333326","屋内の緊急避難場所"
"○","○","垂水小学校","神戸市垂水区日向2-4-6","078-707-6006","○","○","○","","135.0558767","34.6315758333167","屋内の緊急避難場所"
"○","○","垂水年金会館","神戸市垂水区平磯1-2-5","078-752-4181","○","○","○","","135.0590125","34.628079233312","屋内の緊急避難場所"
"○","○","垂水体育館","神戸市垂水区平磯1-1-56","078-751-0500","○","○","○","","135.0601363","34.6262785233096","屋内の緊急避難場所"
"○","○","霞ヶ丘小学校","神戸市垂水区霞ヶ丘4-6-16","078-706-0156","○","○","○","","135.0427583","34.6333700333191","屋内の緊急避難場所"
"○","○","歌敷山中学校","神戸市垂水区歌敷山2-4-1","078-707-8864","○","○","○","","135.0412611","34.6363944333232","屋内の緊急避難場所"
"○","○","東舞子小学校","神戸市垂水区舞子台4-10-1","078-782-2712","○","○","○","","135.0364975","34.6393497333272","屋内の緊急避難場所"
"○","○","舞子小学校","神戸市垂水区西舞子4-7-43","078-782-2332","○","○","○","","135.0303701","34.6437937333332","屋内の緊急避難場所"
"○","○","西舞子小学校","神戸市垂水区狩口台3-1-2","078-781-0004","○","○","○","","135.0307367","34.6497317333412","屋内の緊急避難場所"
"○","○","舞子中学校","神戸市垂水区狩口台3-1-1","078-781-0001","△","○","○","《土砂災害時》格技室・体育館は使用できないため、近隣の避難所へ避難してください。","135.0298064","34.6496650333411","屋内の緊急避難場所"
"○","○","神陵台小学校","神戸市垂水区神陵台3-1-1","078-781-3843","○","○","○","","135.0340639","34.6598917333549","屋内の緊急避難場所"
"○","○","神陵台中学校","神戸市垂水区神陵台3-1-2","078-781-0700","○","○","○","","135.0332281","34.6601417333552","屋内の緊急避難場所"
"○","○","多聞台小学校","神戸市垂水区多聞台3-9-29","078-782-0375","○","○","○","","135.040405","34.6621528333579","屋内の緊急避難場所"
"○","○","西脇小学校","神戸市垂水区西脇1-8-6","078-781-9531","○","○","○","","135.0387581","34.6560033333496","屋内の緊急避難場所"
"○","○","千代が丘小学校","神戸市垂水区上高丸1-4-2","078-708-8801","○","○","○","","135.0517939","34.6410918333295","屋内の緊急避難場所"
"○","○","垂水中学校","神戸市垂水区上高丸1-4-1","078-707-6363","○","○","○","","135.0516019","34.6408164333292","屋内の緊急避難場所"
"○","○","本多聞中学校","神戸市垂水区本多聞2-16-1","078-784-6310","○","○","○","","135.0460825","34.6565978333504","屋内の緊急避難場所"
"○","○","舞多聞小学校","神戸市垂水区舞多聞西5-11-12","078-787-3700","○","○","○","","135.049208","34.6668700333643","屋内の緊急避難場所"
"○","○","多聞の丘小学校","神戸市垂水区本多聞5-2-1","078-784-4477","○","○","○","","135.0466269","34.6528678333454","屋内の緊急避難場所"
"○","○","小束山小学校","神戸市垂水区小束山7-868-362","078-784-2656","○","○","○","","135.0612669","34.6664886333637","屋内の緊急避難場所"
"○","○","星陵台中学校","神戸市垂水区星陵台4-3-3","078-709-8810","○","○","○","","135.0478936","34.6465297333369","屋内の緊急避難場所"
"○","○","星陵高校","神戸市垂水区星陵台4-3-2","078-707-6565","○","○","○","","135.0495769","34.6449103333347","屋内の緊急避難場所"
"○","○","神戸商業高校","神戸市垂水区星陵台4-3-1","078-707-6464","○","○","○","","135.0477467","34.6438522333332","屋内の緊急避難場所"
"○","○","多聞東小学校","神戸市垂水区学が丘4-1-1","078-783-5868","○","○","○","","135.0552622","34.6586283333532","屋内の緊急避難場所"
"○","○","多聞東中学校","神戸市垂水区学が丘3-1-1","078-783-5888","△","○","○","《土砂災害時》体育館は使用できません","135.0542236","34.6546706333478","屋内の緊急避難場所"
"○","○","舞子高校","神戸市垂水区学が丘3-2","078-783-5151","○","○","○","","135.0551067","34.6559647333496","屋内の緊急避難場所"
"○","○","太山寺小学校","神戸市西区伊川谷町前開860","078-974-0007","○","○","－","","135.0553447","34.6962522334038","屋内の緊急避難場所"
"○","○","伊川谷小学校","神戸市西区北別府3-3-1","078-974-0006","○","△","－","《洪水時》南別府1～5丁目からの避難については、河川がはん濫したら、有瀬小学校へ避難","135.0123878","34.6719400333711","屋内の緊急避難場所"
"○","○","長坂小学校","神戸市西区伊川谷町長坂910-1","078-974-2333","○","○","－","","135.0375386","34.6690519333672","屋内の緊急避難場所"
"○","○","長坂中学校","神戸市西区伊川谷町長坂841-1","078-974-3830","○","○","－","","135.0374164","34.6707128333694","屋内の緊急避難場所"
"○","○","伊川谷高校","神戸市西区伊川谷町長坂910-5","078-974-5630","○","○","－","","135.0356914","34.6709433333697","屋内の緊急避難場所"
"○","○","有瀬小学校","神戸市西区伊川谷町有瀬1137-1","078-974-2709","○","○","－","","135.0186403","34.6641328333606","屋内の緊急避難場所"
"○","○","伊川谷中学校","神戸市西区伊川谷町上脇1005-2","078-974-0005","×","○","－","《土砂災害時》土砂災害警戒区域外（伊川谷小学校）へ避難","135.0193008","34.6779617333792","屋内の緊急避難場所"
"○","○","小寺小学校","神戸市西区学園西町5-5","078-791-2950","○","○","－","","135.0545452","34.683734733387","屋内の緊急避難場所"
"○","○","兵庫県立大学（神戸商科キャンパス）","神戸市西区学園西町8-2-1","078-794-5245","○","○","－","","135.0520776","34.6782465533796","屋内の緊急避難場所"
"○","○","東町小学校","神戸市西区学園東町5-5","078-794-4000","○","○","－","","135.0648386","34.6844064333879","屋内の緊急避難場所"
"○","○","太山寺中学校","神戸市西区学園東町2-2","078-791-7090","○","○","－","","135.0605806","34.6846672333882","屋内の緊急避難場所"
"○","○","神戸市外国語大学","神戸市西区学園東町9-1","078-794-8121","×","○","－","《土砂災害時》土砂災害警戒区域外（太山寺中学校）へ避難","135.0604031","34.6798088333817","屋内の緊急避難場所"
"○","○","工業高等専門学校","神戸市西区学園東町8-3","078-795-3311","×","○","－","《土砂災害時》土砂災害警戒区域外（東町小学校）へ避難","135.0675356","34.679323633381","屋内の緊急避難場所"
"○","○","井吹東小学校","神戸市西区井吹台東町5-32","078-997-0820","○","○","－","","135.0380156","34.7040231334142","屋内の緊急避難場所"
"○","○","井吹台中学校","神戸市西区井吹台西町2-3","078-997-0850","○","○","－","","135.0303164","34.6968239334046","屋内の緊急避難場所"
"○","○","井吹西小学校","神戸市西区井吹台西町4-3","078-997-0114","○","○","－","","135.0228586","34.6934683334001","屋内の緊急避難場所"
"○","○","井吹の丘小学校","神戸市西区井吹台北町2-18","078-990-5533","○","○","－","","135.030916","34.7055290334163","屋内の緊急避難場所"
"○","○","春日台小学校","神戸市西区春日台4-1","078-961-0251","○","○","－","","134.9957164","34.7088081334206","屋内の緊急避難場所"
"○","○","平野中学校","神戸市西区春日台2-20","078-961-0058","○","○","－","","134.9982078","34.7096692334218","屋内の緊急避難場所"
"○","○","西体育館","神戸市西区春日台5-436","078-961-1381","○","○","－","","134.9890086","34.7029142334127","屋内の緊急避難場所"
"○","○","美賀多台小学校","神戸市西区美賀多台6-1","078-991-7659","○","○","－","","135.0056153","34.7199569334356","屋内の緊急避難場所"
"○","○","平野小学校","神戸市西区平野町宮前301","078-961-0011","○","○","－","","134.9820253","34.7062146334172","屋内の緊急避難場所"
"○","○","櫨谷小学校","神戸市西区櫨谷町池谷203-2","078-991-0004","○","○","－","","135.0256053","34.7100417334223","屋内の緊急避難場所"
"○","○","糀台小学校","神戸市西区糀台3-32-1","078-991-1635","○","○","－","","135.0234694","34.7197461334353","屋内の緊急避難場所"
"○","○","櫨谷中学校","神戸市西区糀台1-2","078-991-0026","○","○","－","","135.0286272","34.7179436334329","屋内の緊急避難場所"
"○","○","狩場台小学校","神戸市西区狩場台3-6-1","078-991-3415","○","○","－","","135.0323936","34.7227904434394","屋内の緊急避難場所"
"○","○","竹の台小学校","神戸市西区竹の台2-10-2","078-991-4471","○","○","－","","135.0127814","34.7126633334258","屋内の緊急避難場所"
"○","○","西神中学校","神戸市西区竹の台5-21","078-992-2700","○","○","－","","135.0096733","34.7142075334279","屋内の緊急避難場所"
"○","○","樫野台小学校","神戸市西区樫野台3-3-1","078-992-2500","○","○","－","","135.0016297","34.7065139334176","屋内の緊急避難場所"
"○","○","木津小学校","神戸市西区桜が丘東町5-149-31","078-994-0003","○","○","－","","135.0654018","34.7432542334668","屋内の緊急避難場所"
"○","○","桜が丘小学校","神戸市西区桜が丘中町3-3-2","078-994-8010","○","○","－","","135.0583913","34.7451914334694","屋内の緊急避難場所"
"○","○","桜が丘中学校","神戸市西区桜が丘東町2-11-1","078-994-8822","○","○","－","","135.0608211","34.7487378334742","屋内の緊急避難場所"
"○","○","押部谷小学校","神戸市西区押部谷町福住552-3","078-994-0002","○","○","－","","135.0376092","34.7556728334835","屋内の緊急避難場所"
"○","○","北山小学校","神戸市西区北山台3-26-1","078-994-8020","○","○","－","","135.0313931","34.7627022334929","屋内の緊急避難場所"
"○","○","押部谷中学校","神戸市西区押部谷町押部722","078-994-0013","○","○","－","","135.0443642","34.7573756334858","屋内の緊急避難場所"
"○","○","月が丘小学校","神戸市西区月が丘7-2","078-995-3171","○","○","－","","135.0491254","34.7595488334887","屋内の緊急避難場所"
"○","○","高和小学校","神戸市西区押部谷町高和565","078-994-0004","○","○","－","","135.0128176","34.741123433464","屋内の緊急避難場所"
"○","○","玉津第一小学校","神戸市西区小山1-4-1","078-928-3790","○","△","－","《洪水時》玉津町二ツ屋（櫨谷川以東）からの避難については、河川がはん濫したら、玉津中学校へ避難","134.9877978","34.6847800333884","屋内の緊急避難場所"
"○","○","出合小学校","神戸市西区中野1-22-1","078-928-5516","○","○","－","","134.9726714","34.6774028333784","屋内の緊急避難場所"
"○","○","王塚台中学校","神戸市西区王塚台4-58","078-928-1277","○","○","－","","134.9735438","34.674103293374","屋内の緊急避難場所"
"○","○","枝吉小学校","神戸市西区枝吉2-95","078-928-0880","○","○","－","","134.9778628","34.6647678333614","屋内の緊急避難場所"
"○","○","高津橋小学校","神戸市西区玉津町高津橋640-1","078-917-6501","○","○","－","","134.9949753","34.6702592333688","屋内の緊急避難場所"
"○","○","玉津南公民館","神戸市西区玉津町上池314","078-914-4300","○","〇","－","","134.9908175","34.6602492733553","屋内の緊急避難場所"
"○","○","玉津中学校","神戸市西区玉津町今津364","078-918-2266","○","○","－","","134.9924864","34.6783472333797","屋内の緊急避難場所"
"○","○","神出小学校","神戸市西区神出町田井444","078-965-0006","○","○","－","","134.9877333","34.7473706334724","屋内の緊急避難場所"
"○","○","神出中学校","神戸市西区神出町東1167","078-965-0025","△","○","－","《土砂災害時》山腹崩壊に注意","134.9964433","34.7548142334823","屋内の緊急避難場所"
"○","○","岩岡小学校","神戸市西区岩岡町古郷267","078-967-0013","○","○","－","","134.9442931","34.7182292334333","屋内の緊急避難場所"
"○","○","岩岡中学校","神戸市西区岩岡町古郷249-1","078-967-0016","○","○","－","","134.9433792","34.7162822334307","屋内の緊急避難場所"
