13．守山区,,"令和6年4月1日現在
名古屋市が設置した都市公園",,
1.都市公園,,,,
No.,名　　称,所　　在　　地,"面積
（ha）","開園
年度"
1,天神橋緑地,"守山区瀬古一丁目、大字瀬古字高見、
　　大字守山字川田
北区上飯田東町２丁目、５丁目
　　上飯田北町４丁目、
　　辻町６丁目、字古新田、山田北町１丁目、
　　山田北町２丁目",9.35 ,S42
2,矢田川橋緑地,"守山区鳥羽見一丁目、市場、新守山、
北区山田北町１丁目、矢田町１丁目
東区矢田町２丁目、字寺畑",10.79 ,S42
3,千代田橋緑地,"守山区大字廿軒家字八反、大字小幡字川崎、
　　字小六、大字守山字更屋敷
千種区千代田橋一丁目
東区砂田橋二丁目、砂田橋三丁目、砂田橋四丁目",15.00 ,S42
4,金屋第一公園,守山区金屋一丁目,0.16 ,S43
5,金屋第二公園,守山区金屋二丁目,0.36 ,S43
6,守牧公園,守山区守牧町,0.32 ,S43
7,白沢公園,守山区白沢町,0.31 ,S47
8,志中公園,守山区大字中志段味字可良素、字湿ケ,0.08 ,S48
9,深沢公園,守山区深沢二丁目,0.03 ,S49
10,唐池公園,守山区大字中志段味字唐池,0.09 ,S49
11,西新田公園,守山区大森二丁目,0.19 ,S49
12,五反田公園,守山区大森一丁目,0.19 ,S49
13,白晴公園,守山区大森四丁目,0.25 ,S49
14,山ノ田公園,守山区大森五丁目,0.20 ,S49
15,定納公園,守山区向台二丁目,0.15 ,S49
16,白山公園,守山区本地が丘,0.02 ,S49
17,山下公園,守山区村合町,1.38 ,S50
18,松坂公園,守山区松坂町,0.27 ,S50
19,川村公園,守山区川村町,0.41 ,S50
20,稲荷前公園,守山区小幡中二丁目,0.01 ,S50
21,上島公園,守山区深沢一丁目,0.08 ,S50
22,深沢西公園,守山区深沢一丁目,0.15 ,S50
23,小六公園,守山区小六町,0.13 ,S51
24,脇田公園,守山区脇田町,0.23 ,S52
25,西城公園,守山区西城二丁目,0.03 ,S52
26,高島公園,守山区高島町,0.31 ,S53
27,檀ノ浦公園,守山区御膳洞,0.41 ,S53
28,北山公園,守山区大字小幡字北山,0.02 ,S53
29,元牧公園,守山区村前町,0.28 ,S54
30,東島公園,守山区大森三丁目,0.25 ,S54
31,下市場公園,守山区天子田一丁目,1.67 ,S54
32,稲荷前南公園,守山区小幡中二丁目,0.06 ,S54
33,白山南公園,守山区森孝東二丁目,0.03 ,S54
34,松坂南公園,守山区松坂町,0.02 ,S55
35,宮前橋緑地,守山区大字守山字町南、字山ノ上,1.53 ,S55
36,大森中央公園,守山区元郷一丁目,2.67 ,S56
37,八釼公園,守山区八剣二丁目,0.19 ,S56
38,守牧東公園,守山区守山二丁目,0.02 ,S56
39,吉長東公園,守山区百合が丘,0.12 ,S56
40,吉長北公園,守山区大森北二丁目,0.21 ,S56
41,吉長南公園,守山区大森北二丁目,0.13 ,S56
42,小原橋緑地,"守山区小幡千代田、小幡宮ノ腰、小幡太田、
　　苗代一丁目、苗代二丁目
千種区竹越一丁目、香流橋一丁目、東千種台",10.12 ,S56
43,すいどうみち緑道,"守山区川北町、川宮町、森宮町、村合町、永森町、
　　西城一丁目、大牧町、大屋敷、更屋敷、
　　東山町、廿軒家",2.43 ,S56
44,永森公園,守山区永森町,0.30 ,S57
45,大永公園,守山区大永寺町,0.35 ,S57
46,山屋敷公園,守山区向台三丁目,0.30 ,S57
47,杉ノ木公園,守山区大谷町,0.08 ,S57
48,川北西公園,守山区川北町,0.30 ,S58
49,天子田公園,守山区天子田二丁目,0.19 ,S58
50,南原第一公園,守山区大字中志段味字南原,0.08 ,S58
51,小林公園,守山区小幡五丁目,0.13 ,S58
52,森孝西公園,守山区森孝一丁目,0.19 ,S58
53,松川橋緑地,守山区幸心三丁目、川宮町,2.73 ,S59
54,川田公園,守山区川宮町,1.60 ,S60
55,城土公園,守山区城土町,1.04 ,S60
56,長廻間緑地,守山区百合が丘,0.48 ,S60
57,薮田公園,守山区藪田町,0.34 ,S61
58,川上公園,守山区川上町,0.17 ,S61
59,新守公園,守山区新守町,0.28 ,S61
60,小幡稲荷公園,守山区小幡中三丁目,0.86 ,S62
61,雨池公園,守山区御膳洞,1.17 ,S62
62,白山第一公園,守山区白山一丁目,0.33 ,H2
63,白山第三公園,守山区白山三丁目,0.22 ,H2
64,白山第四公園,守山区白山四丁目,0.25 ,H2
65,瀬古公園,守山区瀬古二丁目,0.56 ,H2
66,川北公園,守山区川北町,0.24 ,H3
67,白山第二公園,守山区白山二丁目,0.54 ,H3
68,大森橋東緑地,"守山区大字大森字元郷、字下市場、字六反田、
　　字天子田、字野田、字今尻",4.47 ,H3
69,南原第二公園,守山区大字志段味字南原,0.04 ,H3
70,長廻間公園,守山区青山台,0.03 ,H3
71,長廻間北公園,守山区青山台,0.03 ,H3
72,四軒家南公園,守山区四軒家二丁目,0.07 ,H4
73,西浦市場公園,守山区大牧町,0.39 ,H6
74,四軒家公園,守山区四軒家二丁目,0.02 ,H6
75,南原第三公園,守山区大字中志段味字南原,0.05 ,H7
76,八竜公園,守山区大森八龍一丁目,0.04 ,H7
77,御膳洞公園,守山区御膳洞,0.07 ,H8
78,小幡北山緑地,守山区小幡四丁目,0.37 ,H9
79,小幡中公園,守山区小幡中二丁目,0.03 ,H11
80,ひょうたん山公園,守山区西島町,0.47 ,H12
81,西新公園,守山区西新,0.08 ,H12
82,新城公園,守山区新城,0.20 ,H14
83,至来公園,守山区桔梗平一丁目,0.23 ,H15
84,笹ヶ根公園,守山区笹ヶ根三丁目,0.17 ,H15
85,釜ヶ洞公園,守山区笹ヶ根一丁目,0.19 ,H15
86,平池北公園,守山区平池東,0.06 ,H15
87,平池南公園,守山区平池東,0.04 ,H15
88,太鼓ヶ根南公園,守山区百合が丘,0.25 ,H15
89,吉根仲田公園,守山区吉根一丁目,0.35 ,H15
90,下江公園,守山区吉根三丁目,0.25 ,H15
91,平池東公園,守山区花咲台二丁目,0.22 ,H15
92,太鼓ヶ根北公園,守山区鼓が丘二丁目,0.32 ,H15
93,平池緑地,守山区花咲台一丁目,0.11 ,H16
94,太鼓ヶ根緑地,"守山区花咲台二丁目、鼓が丘二丁目、
　　百合が丘、青山台",1.01 ,H16
95,日ノ後緑地,守山区日の後、泉が丘,0.46 ,H16
96,山島公園,守山区吉根二丁目,0.35 ,H17
97,日ノ後池公園,守山区泉が丘,1.99 ,H18
98,幸心なかよし公園,守山区幸心三丁目,0.09 ,H18
99,釜ヶ洞北公園,守山区吉根南,1.50 ,H19
100,吉根公園,守山区吉根三丁目,1.56 ,H19
101,小幡駅南公園,守山区小幡駅南一丁目,0.18 ,H19
102,平池中央公園,守山区平池東,1.65 ,H20
103,風越池緑地,守山区桜坂一丁目、桜坂五丁目,0.59 ,H22
104,大牧緑地,守山区大牧町,0.07 ,H23
105,長戸公園,守山区下志段味一丁目,0.23 ,H24
106,東新田公園,守山区下志段味一丁目,0.15 ,H24
107,風越公園,守山区桜坂二丁目,0.30 ,H24
108,島の口公園,守山区下志段味二丁目,0.26 ,H25
109,八竜緑地,守山区大森八龍一丁目,4.37 ,H25
110,下志段味公園,守山区桜坂五丁目,1.63 ,H26
111,しだみ中央公園,"守山区下志段味五丁目、大字中志段味字舟場、
　　字申新田",1.45 ,H27
112,小幡ちよだ公園,守山区小幡千代田,0.09 ,H28
113,しんこうじ公園,守山区下志段味五丁目,0.20 ,H29
114,幸心南公園,守山区幸心一丁目,0.10 ,H31
115,東禅寺公園,守山区東禅寺,0.10 ,H31
116,太鼓ケ根西公園,守山区大字吉根字太鼓ケ根,0.25 ,R2
117,西の原公園,守山区東禅寺,1.55 ,R2
118,葉山西公園,守山区大字上志段味字東谷,0.10 ,R3
119,桜坂公園,守山区桜坂三丁目、大字中志段味字吉田洞,0.58 ,R3
120,西新外公園,守山区下志段味三丁目,0.22 ,R4
121,所下北公園,守山区大字上志段味字東山,0.10 ,R4
