"施設名称","所在地","施設名かな","カテゴリ","分類","TEL","FAX","URL","URL2","バリアフリー情報","詳細情報","備考","経度","緯度","分類"
"東淡路町公園地域集会所・老人憩の家","大阪市東淀川区東淡路4-24","ひがしあわじちょうこうえんちいきしゅうかいしょ・ろうじんいこいのいえ","会館・ホール","地域集会施設","06-4809-9734(区役所)","","","","","","","135.5201559","34.7387390000003","地域集会施設"
"焼野地域集会所","大阪市鶴見区焼野1-南10-4","やけのちいきしゅうかいしょ","会館・ホール","地域集会施設","06-6913-9191","","","","","地域集会施設","","135.5838012","34.7154882400002","地域集会施設"
"海老江西コミュニティセンター","大阪市福島区海老江西6-6-19","えびえにしこみゅにてぃせんたー","会館・ホール","地域集会施設","06-6458-0011","","","","","","","135.470164000001","34.6984188200004","地域集会施設"
"南市岡会館","大阪市港区南市岡2-7-18","みなみいちおかかいかん","会館・ホール","地域集会施設","06-6582-4269","","","","","","","135.468415000001","34.6661296700005","地域集会施設"
"墨江福祉会館","大阪市住吉区墨江4丁目15番22号","すみえふくしかいかん","会館・ホール","地域集会施設","6678-9286","","","","","","","135.4948113","34.6057080000004","地域集会施設"
"北区民センター","大阪市北区扇町2-1-27","きたくみんせんたー","会館・ホール","区役所附設会館","06-6315-1500","","https://www.city.osaka.lg.jp/shimin/page/0000016598.html","","","","","135.5104723","34.7052886500003","区役所附設会館"
"高殿地域集会所（高殿会館）","大阪市旭区高殿6-16-5","たかどのちいきしゅうかいしょ（たかどのかいかん）","会館・ホール","地域集会施設","","","","","","","","135.5459668","34.7185781000003","地域集会施設"
"もと淡路老人憩の家","大阪市東淀川区淡路4-23-6","あわじろうじんいこいのいえ","会館・ホール","地域集会施設","06-4809-9857(区役所)","","","","","","","135.5138128","34.7415979000003","地域集会施設"
"住之江会館","大阪市住之江区南加賀屋3-1-20","すみのえかいかん","会館・ホール","区役所附設会館","06-6683-2882","06-6683-2040","https://osaka-suminoekaikan.jp/","","","","","135.474770800001","34.6063512900005","区役所附設会館"
"大阪南港ポートタウン管理センター集会室","大阪市住之江区南港中2-1-99","おおさかなんこうぽーとたうんかんりせんたーしゅうかいしつ","会館・ホール","地域集会施設","06-6613-0201","","","","","","","135.426441900001","34.6313419000006","地域集会施設"
"新庄社福会館老人憩の家","大阪市東淀川区上新庄2-7-9","しんじょうしゃふくかいかんろうじんいこいのいえ","会館・ホール","地域集会施設","06-6323-1156","","","","","","","135.530167","34.7470189000003","地域集会施設"
"大隅西老人憩の家","大阪市東淀川区瑞光3-3-30","おおすみにしろうじんいこいのいえ","会館・ホール","地域集会施設","06-6327-9436","","","","","","","135.5432915","34.7511607200003","地域集会施設"
"下新庄老人憩の家","大阪市東淀川区下新庄5-3-1","しもしんじょうろうじんいこいのいえ","会館・ホール","地域集会施設","06-6322-7120","","","","","","","135.5217656","34.7454704900003","地域集会施設"
"菅原老人憩の家","大阪市東淀川区菅原3-3-5","すがはらろうじんいこいのいえ","会館・ホール","地域集会施設","06-4809-9734(区役所)","","","","","","","135.5257666","34.7383240000003","地域集会施設"
"東淡路会館","大阪市東淀川区東淡路2-4-23","ひがしあわじかいかん","会館・ホール","地域集会施設","06-6321-5249","","","","","","","135.5169006","34.7360716100003","地域集会施設"
"東井高野老人憩の家","大阪市東淀川区井高野3-3-77","ひがしいたかのろうじんいこいのいえ","会館・ホール","地域集会施設","06-4809-9857(区役所)","","","","","","","135.5447923","34.7656489200002","地域集会施設"
"大桐老人憩の家","大阪市東淀川区大桐3-8-18","だいどうろうじんいこいのいえ","会館・ホール","地域集会施設","06-4809-9857(区役所)","","","","","","","135.5456807","34.7473910300002","地域集会施設"
"豊新老人憩の家","大阪市東淀川区豊新4-18-9","ほうしんろうじんいこいのいえ","会館・ホール","地域集会施設","06-6329-0369","","","","","","","135.536","34.7454000000003","地域集会施設"
"豊里会館老人憩の家","大阪市東淀川区豊里5-27-16","とよさとかいかんろうじんいこいのいえ","会館・ホール","地域集会施設","06-4809-9734(区役所)","","","","","","","135.5454109","34.7426860000002","地域集会施設"
"小松福祉会館老人憩の家","大阪市東淀川区小松4-15-7","こまつふくしかいかんろうじんいこいのいえ","会館・ホール","地域集会施設","06-4809-9734(区役所)","","","","","","","135.5401363","34.7546582000003","地域集会施設"
"大隅東会館","大阪市東淀川区瑞光4-5-5","おおすみひがしかいかん","会館・ホール","地域集会施設","06-6326-9266","","","","","","","135.5490583","34.7527027400003","地域集会施設"
"菅原福祉文化センター老人憩の家","大阪市東淀川区菅原7-15-1","すがはらふくしぶんかせんたーろうじんいこいのいえ","会館・ホール","地域集会施設","06-4809-9734(区役所)","","","","","","","135.525597","34.7430311000003","地域集会施設"
"井高野福祉会館","大阪市東淀川区北江口2-4-8","いたかのふくしかいかん","会館・ホール","地域集会施設","06-6340-8765","","","","","","","135.5452179","34.7598292800002","地域集会施設"
"啓発社会福祉会館憩の家","大阪市東淀川区東中島5-6-1","けいはつしゃかいふくしかいかんいこいのいえ","会館・ホール","地域集会施設","06-6320-8791","","","","","","","135.507611","34.7328191000003","地域集会施設"
"大道南老人憩の家","大阪市東淀川区大道南1-10-15","だいどうみなみろうじんいこいのいえ","会館・ホール","地域集会施設","06-6324-0207","","","","","","","135.549252","34.7419652000002","地域集会施設"
"豊里連合会館老人憩の家","大阪市東淀川区豊里5-14-17","とよさとれんごうかいかんろうじんいこいのいえ","会館・ホール","地域集会施設","06-4809-9734(区役所)","","","","","","","135.5420032","34.7413558000003","地域集会施設"
"相川福祉会館老人憩の家","大阪市東淀川区相川2-3-9","あいかわふくしかいかんろうじんいこいのいえ","会館・ホール","地域集会施設","06-4809-9734(区役所)","","","","","","","135.5348609","34.7565778000003","地域集会施設"
"西淡路連合第二福祉会館老人憩の家","大阪市東淀川区淡路3-1-17","にしあわじれんごうふくしかいかんろうじんいこいのいえ","会館・ホール","地域集会施設","06-4809-9734(区役所)","","","","","","","135.5137972","34.7366860000003","地域集会施設"
"大桐地域ウェルファーセンター老人憩の家","大阪市東淀川区大桐3-5-45","だいどうちいきうぇるふぁーせんたーろうじんいこいのいえ","会館・ホール","地域集会施設","06-6328-8801","","","","","","","135.547133","34.7471581000002","地域集会施設"
"常盤文化会館","大阪市阿倍野区阪南町1-11-39","ときわぶんかかいかん","会館・ホール","地域集会施設","06-6628-2388","","","","","","","135.5153076","34.6387868700003","地域集会施設"
"阿倍野連合会館老人憩の家","大阪市阿倍野区阪南町2-13-29","あべのれんごうかいかんろうじんいこいのいえ","会館・ホール","地域集会施設","06-6622-4491","","","","","","","135.512317","34.6327721000003","地域集会施設"
"墨江北福祉会館","大阪市住吉区上住吉2丁目11番28号","すみえきたふくしかいかん","会館・ホール","地域集会施設","","","","","","高齢者に教養の向上、レクリエーション等のための場を提供します。","","135.494814000001","34.6104780000004","地域集会施設"
"長居社会福祉協議会老人憩の家","大阪市住吉区長居西1丁目8番11号","ながいしゃかいふくしきょうぎかいろうじんいこいのいえ","会館・ホール","地域集会施設","","","","","","高齢者に教養の向上、レクリエーション等のための場を提供します。","","135.509872","34.6141192000003","地域集会施設"
"東長居社会福祉会館老人憩の家","大阪市住吉区長居東1丁目14番14号","ひがしながいしゃかいふくしかいかんろうじんいこいのいえ","会館・ホール","地域集会施設","","","","","","高齢者に教養の向上、レクリエーション等のための場を提供します。","","135.5225167","34.6071808000003","地域集会施設"
"住吉区民センター","大阪市住吉区南住吉3-15-56","すみよしくみんせんたー","会館・ホール","区役所附設会館","06-6694-6100","06-6694-6115","http://osakacommunity.jp/sumiyoshi/index.html","","https://www.osaka-heartfulweb.jp/210301.html","","","135.5009578","34.6040774300004","区役所附設会館"
"東粉浜会館老人憩の家","大阪市住吉区東粉浜2丁目24番16号","ひがしこはまかいかんろうじんいこいのいえ","会館・ホール","地域集会施設","06-6672-0726","","","","","高齢者に教養の向上、レクリエーション等のための場を提供します。","","135.491958000001","34.6187390000004","地域集会施設"
"万領会館・老人憩の家","大阪市住吉区万代東4丁目1番27号","まんりょうかいかん・ろうじんいこいのいえ","会館・ホール","地域集会施設","6694-9118","","","","","高齢者に教養の向上、レクリエーション等のための場を提供します。","","135.5029029","34.6139170000004","地域集会施設"
"長居連合会館","大阪市住吉区長居4丁目4番28号","ながいれんごうかいかん","会館・ホール","地域集会施設","6694-6818","","","","","","","135.5112055","34.6085377900003","地域集会施設"
"東粉浜ふれあいセンター","大阪市住吉区東粉浜2丁目24番16号","ひがしこはまふれあいせんたー","会館・ホール","地域集会施設","6674-0608","","","","","","","135.491966800001","34.6188251000004","地域集会施設"
"南住吉連合沢之町会館","大阪市住吉区南住吉3-15-43","みなみすみよしれんごうさわのちょうかいかん","会館・ホール","地域集会施設","06-6694-5682","","","","","建物","","135.5000636","34.6034618200004","地域集会施設"
"東淀川区民会館","大阪市東淀川区東淡路1-4-53","ひがしよどがわくみんかいかん","会館・ホール","区役所附設会館","06-6379-0700","06-6379-0800","https://www.osakacommunity.jp/higashiyodogawa-kaikan/","","","","","135.5198952","34.7340658600003","区役所附設会館"
"東淀川区民ホール","大阪市東淀川区豊新2-1-4","ひがしよどがわくみんほーる","会館・ホール","区役所附設会館","06-4809-9734","","http://www.city.osaka.lg.jp/higashiyodogawa/page/0000000479.html","","","","","135.5291965","34.7414638500003","区役所附設会館"
"住之江区民ホール","大阪市住之江区御崎3-1-17","すみのえくみんほーる","会館・ホール","区役所附設会館","06-6682-9734","06-6686-2040","https://www.city.osaka.lg.jp/suminoe/page/0000342833.html","","","","","135.482819100001","34.6095284700004","区役所附設会館"
"開平校下東地域会館","大阪市中央区本町1-4-5","かいへいこうかひがしちいきかいかん","会館・ホール","地域集会施設","06-4964-2466","","","","","","","135.5093765","34.6840388400003","地域集会施設"
"桃園地域集会所（もと桃園会館老人憩の家）","大阪市中央区谷町6-5-30","とうえんかいかんろうじんいこいのいえ","会館・ホール","地域集会施設","06-6762-5599","","","","","","","135.51528","34.6747609700003","地域集会施設"
"桃谷地域集会所（もと桃谷会館老人憩の家）","大阪市中央区上本町西2-5-25","ももだにかいかんろうじんいこいのいえ","会館・ホール","地域集会施設","06-4304-2266","","","","","","","135.51806","34.6736939300003","地域集会施設"
"国際見本市会場（インテックス大阪）","大阪市住之江区南港北1-5-102","こくさいみほんいちかいじょう（いんてっくすおおさか）","会館・ホール","国際施設","06-6612-8800","","https://www.intex-osaka.com/jp","","","","","135.419860000001","34.6371700000007","国際施設"
"ATCホール","大阪市住之江区南港北2-1-10","えーてぃーしーほーる","会館・ホール","その他施設","06-6615-5006","","https://atchall.com/","","","","","135.414566600001","34.6360269000007","その他施設"
"大阪府住吉公園集会所","大阪市住之江区浜口西1-1-26住吉公園内","おおさかふすみよしこうえんしゅうかいしょ","会館・ホール","地域集会施設","06-6672-0981","","","","","","","135.486933300001","34.6138190000004","地域集会施設"
"南大江地域集会所","大阪市中央区農人橋1-4-21","みなみおおえちいきしゅうかいじょ","会館・ホール","地域集会施設","06-6949-5670","","","","","","","135.51458","34.6808584700003","地域集会施設"
"堀川地域集会所","大阪市北区同心1-5-27","ほりかわちいきしゅうかいじょ","会館・ホール","地域集会施設","06-6356-8090","","","","","","","135.5155671","34.7011421000003","地域集会施設"
"旭区民センター","大阪市旭区中宮1-11-14","あさひくみんせんたー","会館・ホール","区役所附設会館","06-6955-1307","06-6955-1308","http://www.osakacommunity.jp/asahi/index.html","","https://www.osaka-heartfulweb.jp/160301.html","","","135.5426985","34.7214738400003","区役所附設会館"
"芸術創造館","大阪市旭区中宮1-11-14","げいじゅつそうぞうかん","会館・ホール","その他施設","06-6955-1066","06-6955-7901","https://geijutsusozokan.jp/","","","","","135.5422374","34.7211009300002","その他施設"
"清水老人憩の家","大阪市旭区清水2-9-20","しみずろうじんいこいのいえ","会館・ホール","地域集会施設","","","","","","","","135.5588455","34.7212585900002","地域集会施設"
"北清水公民館","大阪市旭区清水3-19-18","きたしみずこうみんかん","会館・ホール","地域集会施設","","","","","","","","135.5592778","34.7254189000002","地域集会施設"
"清水地域集会センター","大阪市旭区清水3-15-20","しみずちいきしゅうかいせんたー","会館・ホール","地域集会施設","","","","","","","","135.55896","34.7228700000002","地域集会施設"
"清水５北会館","大阪市旭区清水5-10-3","しみずごきたかいかん","会館・ホール","地域集会施設","","","","","","","","135.5624888","34.7236780000002","地域集会施設"
"古市地域集会所（古市会館）","大阪市旭区森小路1-12-3","ふるいちちいきしゅうかいしょ（ふるいちかいかん）","会館・ホール","地域集会施設","","","","","","","","135.5489609","34.7211890000002","地域集会施設"
"古市老人憩の家（古市会館）","大阪市旭区森小路1-12-3","ふるいちろうじんいこいのいえ（ふるいちかいかん）","会館・ホール","地域集会施設","","","","","","","","135.5489723","34.7211562000002","地域集会施設"
"今市会館","大阪市旭区今市1-10-23","いまいちかいかん","会館・ホール","地域集会施設","","","","","","","","135.5517919","34.7274419000002","地域集会施設"
"今市パンダ集会所","大阪市旭区今市2-21","いまいちぱんだしゅうかいしょ","会館・ホール","地域集会施設","","","","","","","","135.553264","34.7301079000002","地域集会施設"
"太子橋中公園集会所（太子橋会館）","大阪市旭区太子橋2-7-19","たいしばしなかこうえんしゅうかいじょ","会館・ホール","地域集会施設","","","","","","","","135.5552158","34.7358472500002","地域集会施設"
"太子橋老人憩の家（太子橋会館）","大阪市旭区太子橋2-7-19","たいしばしろうじんいこいのいえ","会館・ホール","地域集会施設","","","","","","","","135.5553997","34.7358591700002","地域集会施設"
"大宮会館集会所（大宮会館）","大阪市旭区大宮1-1-7","おおみやかいかんしゅうかいしょ（おおみやかいかん）","会館・ホール","地域集会施設","","","","","","","","135.5434362","34.7211691000002","地域集会施設"
"大宮老人憩の家（大宮会館）","大阪市旭区大宮1-1-7","おおみやろうじんいこいのいえ（おおみやかいかん）","会館・ホール","地域集会施設","","","","","","","","135.5434167","34.7211392000003","地域集会施設"
"大宮北老人憩の家","大阪市旭区大宮5-9-20","おおみやきたろうじんいこいのいえ","会館・ホール","地域集会施設","","","","","","","","135.54613","34.7302600000003","地域集会施設"
"江野公園中宮集会所","大阪市旭区中宮2-18-23","えのこうえんなかみやしゅうかいじょ","会館・ホール","地域集会施設","","","","","","","","135.5423376","34.7234181600003","地域集会施設"
"中宮老人憩の家","大阪市旭区中宮3-16-2","なかみやろうじんいこいのいえ","会館・ホール","地域集会施設","","","","","","","","135.542972","34.7257110000003","地域集会施設"
"淀の水会館","大阪市旭区中宮5-12-4","よどのみずかいかん","会館・ホール","地域集会施設","","","","","","","","135.5441362","34.7302470000002","地域集会施設"
"生江地域集会所（生江コミュニティ会館）","大阪市旭区生江1-4-31","いくえちいきしゅうかいしょ（いくえこみゅにてぃかいかん）","会館・ホール","地域集会施設","","","","","","","","135.5348892","34.7230891000003","地域集会施設"
"生江老人憩の家（生江コミュニティ会館）","大阪市旭区生江1-4-31","いくえろうじんいこいのいえ（いくえこみゅにてぃかいかん）","会館・ホール","地域集会施設","","","","","","","","135.5349222","34.7232361000003","地域集会施設"
"旭産業会館","大阪市旭区生江1-10-38","あさひさんぎょうかいかん","会館・ホール","地域集会施設","","","","","","","","135.538208","34.7225439000003","地域集会施設"
"城北集会所","大阪市旭区赤川1-4-3","しろきたしゅうかいじょ","会館・ホール","地域集会施設","","","","","","","","135.53255","34.7235300000003","地域集会施設"
"城北憩いの家","大阪市旭区赤川4-22-28","しろきたいこいのいえ","会館・ホール","地域集会施設","","","","","","","","135.5305","34.7282000000003","地域集会施設"
"桜島集会所","大阪市此花区桜島3-4-102","さくらじまれんごうしゅうかいじょ","会館・ホール","地域集会施設","6460-7889","","","","","","","135.427651900001","34.6616376400006","地域集会施設"
"此花区民ホール","大阪市此花区四貫島1-1-18","このはなくみんほーる","会館・ホール","区役所附設会館","6463-1100","","http://www.kyoiku-shinko.jp/konohana/","","https://www.osaka-heartfulweb.jp/040301.html","","","135.457060800001","34.6858788200005","区役所附設会館"
"四貫島連合集会場","大阪市此花区四貫島2-26-13","しかんじまれんごうしゅうかいじょう","会館・ホール","地域集会施設","6462-1000","","","","","","","135.453480200001","34.6858192700005","地域集会施設"
"四貫島憩の家","大阪市此花区四貫島2-26-17","しかんじまろうじんいこいのいえ","会館・ホール","地域集会施設","","","","","","","","135.452702800001","34.6855830000005","地域集会施設"
"春日出南憩の家","大阪市此花区春日出南1‐5‐8","かすがでみなみいこいのいえ","会館・ホール","地域集会施設","","","","","","","","135.456092400001","34.6799501300005","地域集会施設"
"此花公園集会所","大阪市此花区春日出北1-5-14","このはなこうえんしゅうかいじょ","会館・ホール","地域集会施設","","","","","","","","135.450102800001","34.6820643400005","地域集会施設"
"西九条公民館","大阪市此花区西九条1-3-16","にしくじょうこうみんかん","会館・ホール","地域集会施設","","","","","","","","135.469117000001","34.6834032000005","地域集会施設"
"西九条老人憩の家","大阪市此花区西九条1-3-16","にしくじょうろうじんいこいのいえ","会館・ホール","地域集会施設","","","","","","","","135.469114300001","34.6833500000004","地域集会施設"
"西九条福祉会館","大阪市此花区西九条2-3-15","にしくじょうふくしかいかん","会館・ホール","福祉施設","","","","","","","","135.466158000001","34.6807062000005","福祉施設"
"もと波除老人憩の家","大阪市港区波除2-2-27","もとなみよけろうじんいこいのいえ","会館・ホール","地域集会施設","","","","","","","","135.464241800001","34.6725023000005","地域集会施設"
"波除地区集会所","大阪市港区波除5-1-6","なみよけちくしゅうかいじょ","会館・ホール","地域集会施設","","","","","","","","135.462096700001","34.6721421000005","地域集会施設"
"港近隣センター","大阪市港区八幡屋1-4-20","みなときんりんせんたー","会館・ホール","区役所附設会館","06-6571-3056","","https://www.osakacommunity.jp/minato-kinrin-center/","","https://osaka-heartfulweb.jp/facility-info.php?n=30","","","135.447920000001","34.6565776400005","区役所附設会館"
"八幡屋会館老人憩の家","大阪市港区八幡屋3-12-10","やはたやかいかんろうじんいこいのいえ","会館・ホール","地域集会施設","","","","","","","","135.444518900001","34.6543250000006","地域集会施設"
"弁天会館老人憩の家","大阪市港区弁天1-4-14","べんてんかいかんろうじんいこいのいえ","会館・ホール","地域集会施設","","","","","","","","135.459589000001","34.6683310000005","地域集会施設"
"港区民センター","大阪市港区磯路1-7-17","みなとくみんせんたー","会館・ホール","区役所附設会館","06-6572-0020","06-6572-0274","https://www.osakacommunity.jp/minato-center/","","https://osaka-heartfulweb.jp/facility-info.php?n=29","","","135.461778200001","34.6677625400005","区役所附設会館"
"弁天老人憩の家・さくら会館","大阪市港区弁天3-10-19","べんてんろうじんいこいのいえ・さくらかいかん","会館・ホール","地域集会施設","","","","","","","","135.452339000001","34.6675220000005","地域集会施設"
"夕凪会館老人憩の家","大阪市港区夕凪2-18-44","ゆうなぎかいかんろうじんいこいのいえ","会館・ホール","地域集会施設","","","","","","","","135.449433100001","34.6611689000005","地域集会施設"
"高見集会所","大阪市此花区高見1-4-46","たかみしゅうかいしょ","会館・ホール","地域集会施設","","","","","","","","135.459210300001","34.6911397000005","地域集会施設"
"高見公民館","大阪市此花区高見3-2-16","たかみこうみんかん","会館・ホール","地域集会施設","","","","","","","","135.456892100001","34.6909441000005","地域集会施設"
"文の里会館","大阪市阿倍野区昭和町1-6-6","ふみのさとかいかん","会館・ホール","地域集会施設","06-6628-3323","","","","","","","135.5194205","34.6345850300003","地域集会施設"
"常盤西会館","大阪市阿倍野区松崎町1-2-50","ときわにしかいかん","会館・ホール","地域集会施設","06-6621-2951","","","","","","","135.518986","34.6437475900003","地域集会施設"
"西田辺会館","大阪市阿倍野区西田辺町2-1-7","にしたなべかいかん","会館・ホール","地域集会施設","","","","","","","","135.5153421","34.6180888000003","地域集会施設"
"長池連合会館","大阪市阿倍野区長池町19-1","ながいけれんごうかいかん","会館・ホール","地域集会施設","06-6629-0458","","","","","","","135.5180081","34.6230873000003","地域集会施設"
"高松南苑","大阪市阿倍野区天王寺町南3-9-17","たかまつみなみえん","会館・ホール","地域集会施設","06-6719-4163","","","","","","","135.5255249","34.6400690000003","地域集会施設"
"常盤東会館","大阪市阿倍野区天王寺町南3-9-19","ときわひがしかいかん","会館・ホール","地域集会施設","06-6713-4078","","","","","","","135.5254333","34.6401581000003","地域集会施設"
"高松会館","大阪市阿倍野区天王寺町北2-24-4","たかまつかいかん","会館・ホール","地域集会施設","06-6714-0927","","","","","","","135.5235219","34.6456721000003","地域集会施設"
"此花会館","大阪市此花区西九条5-4-21","このはなかいかん","会館・ホール","その他施設","06-6461-1547","06-6461-2282","http://www.konohana-hall.jp/index.html","","","","","135.464279200001","34.6837262700005","その他施設"
"西九条振興会館","大阪市此花区西九条6-1-18","にしくじょうしんこうかいかん","会館・ホール","地域集会施設","6463-8900","","","","","","","135.463394100001","34.6820905700005","地域集会施設"
"男女共同参画センター西部館（クレオ大阪西）","大阪市此花区西九条6-1-20","だんじょきょうどうさんかくせんたーせいぶかん（くれおおおさかにし）","会館・ホール","その他施設","06-6460-7800","06-6460-9630","http://www.creo-osaka.or.jp/west/index.html","","https://www.osaka-heartfulweb.jp/040702.html","","","135.463873400001","34.6823577300005","その他施設"
"朝日橋友愛子供会館","大阪市此花区朝日1-3-4","あさひばしゆうあいこどもかいかん","会館・ホール","地域集会施設","","","","","","","","135.461408100001","34.6846719000005","地域集会施設"
"伝法連合第2集会所","大阪市此花区伝法3-2-16","でんぽうれんごうだい２しゅうかいしょ","会館・ホール","地域集会施設","","","","","","","","135.453906100001","34.6905420000005","地域集会施設"
"伝法コミュニティ集会所","大阪市此花区伝法4-4-30","でんぽうこみゅにてぃしゅうかいじょ","会館・ホール","地域集会施設","6461-4895","","","","","","","135.451800300001","34.6880190900005","地域集会施設"
"北港会館","大阪市此花区島屋2-11-6","ほっこうかいかん","会館・ホール","地域集会施設","","","","","","","","135.439411300001","34.6790810000006","地域集会施設"
"島屋第２憩の家","大阪市此花区島屋3-7-2","しまやだい２ろうじんいこいのいえ","会館・ホール","地域集会施設","6464-4665","","","","","","","135.443077900001","34.6768924600006","地域集会施設"
"酉島集会所","大阪市此花区酉島1-15-1","とりしましゅうかいじょ","会館・ホール","地域集会施設","","","","","","","","135.442622300001","34.6841517000006","地域集会施設"
"島屋憩の家","大阪市此花区酉島6-5-19","しまやいこいのいえ","会館・ホール","地域集会施設","","","","","","","","135.434987200001","34.6826548700006","地域集会施設"
"梅香連合集会所","大阪市此花区梅香2-1-4","ばいかれんごうしゅうかいじょ","会館・ホール","地域集会施設","6460-5777","","","","","","","135.458980000001","34.6803300000005","地域集会施設"
"梅香老人憩の家","大阪市此花区梅香3-21-13","ばいかろうじんいこいのいえ","会館・ホール","地域集会施設","6468-0242","","","","","","","135.456601600001","34.6835575900005","地域集会施設"
"遠里小野老人憩の家","大阪市住吉区遠里小野7丁目5番3号","おりおのろうじんいこいのいえ","会館・ホール","地域集会施設","6694-1272","","","","","","","135.492835900001","34.5967140000004","地域集会施設"
"依羅コミュニティ会館","大阪市住吉区我孫子5丁目2番40号","よさみこみゅにてぃかいかん","会館・ホール","地域集会施設","4703-3988","","","","","","","135.5074223","34.6002171000003","地域集会施設"
"苅北地域コミュニティ会館","大阪市住吉区苅田2丁目3番1号","かりきたちいきこみゅにてぃかいかん・ろうじんいこいのいえ","会館・ホール","地域集会施設","6696-1048","","","","","","","135.5185282","34.6041080000003","地域集会施設"
"苅田北福祉会館・老人憩の家","大阪市住吉区苅田3丁目2番24号","かりたきたふくしかいかん・ろうじんいこいのいえ","会館・ホール","地域集会施設","6696-1200","","","","","","","135.5179562","34.6027060000003","地域集会施設"
"和会館・老人憩の家","大阪市住吉区山之内4丁目3番13号","やわらぎかいかん・ろうじんいこいのいえ","会館・ホール","地域集会施設","6694-4337","","","","","","","135.5022972","34.5891142000003","地域集会施設"
"住吉コミュニティ会館・老人憩の家","大阪市住吉区住吉1丁目7番30号","すみよしこみゅにてぃかいかん・ろうじんいこいのいえ","会館・ホール","地域集会施設","","","","","","","","135.496645000001","34.6139406000004","地域集会施設"
"桃ヶ池会館","大阪市阿倍野区桃ヶ池町1-3-8","ももがいけかいかん","会館・ホール","地域集会施設","06-6628-0603","","","","","","","135.522017","34.6315813800003","地域集会施設"
"苅田南老人憩の家","大阪市住吉区苅田9-1-14","かりたみなみろうじんいこいのいえ","会館・ホール","地域集会施設","06-6699-5963","","","","","高齢者に教養の向上、レクリエーション等のための場を提供します。","","135.5160351","34.5977034000003","地域集会施設"
"晴明丘会館","大阪市阿倍野区北畠1-18-4","せいめいがおかかいかん","会館・ホール","地域集会施設","06-6629-4331","06-6629-7005","","","","","","135.5056921","34.6259610000003","地域集会施設"
"中央区民センター","大阪市中央区久太郎町1-2-27","ちゅうおうくみんせんたー","会館・ホール","区役所附設会館","06-6267-0201","06-6267-0950","https://www.osakacommunity.jp/chuo-center/","","https://www.osaka-heartfulweb.jp/050301.html","","","135.50903","34.6811189600003","区役所附設会館"
"中央会館","大阪市中央区島之内2-12-31","ちゅうおうかいかん","会館・ホール","区役所附設会館","06-6211-0630","06-6211-0620","https://www.osakacommunity.jp/chuo-kaikan/","","https://www.osaka-heartfulweb.jp/050302.html","","","135.50764","34.6718342500004","区役所附設会館"
"大阪城ホール","大阪市中央区大阪城3-1 大阪城公園内","おおさかじょうほーる","会館・ホール","その他施設","","","","","","","","135.5300248","34.6897110000003","その他施設"
"大阪城音楽堂","大阪市中央区大阪城3-11","おおさかじょうおんがくどう","会館・ホール","その他施設","06-6947-1197","06-6947-5731","https://www.osakacastlepark.jp/ongakudo/","","","","","135.53056","34.6827040300003","その他施設"
"大淀コミュニティセンター","大阪市北区本庄東3-8-2","おおよどこみゅにてぃせんたー","会館・ホール","区役所附設会館","06-6372-0213","","https://www.city.osaka.lg.jp/shimin/page/0000016600.html","","https://www.osaka-heartfulweb.jp/010301.html","","","135.508567","34.7159261400003","区役所附設会館"
"丸山文化センター","大阪市阿倍野区阿倍野筋4-19-110","まるやまぶんかせんたー","会館・ホール","地域集会施設","06-6661-0461","","","","","","","135.5093676","34.6414945600003","地域集会施設"
"阿倍野区民センター","大阪市阿倍野区阿倍野筋4-19-118","あべのくみんせんたー","会館・ホール","区役所附設会館","06-4398-9877","06-4398-9878","https://abeno-cc.net","","","","","135.5104916","34.6405038800003","区役所附設会館"
"王子福祉会館","大阪市阿倍野区阿倍野筋4-7-17","おうじふくしかいかん","会館・ホール","地域集会施設","06-6622-1245","","","","","","","135.5137835","34.6401639000003","地域集会施設"
"金塚ふれあい会館","大阪市阿倍野区旭町3-3-18","かなづかふれあいかいかん","会館・ホール","地域集会施設","06-6641-1000","","","","","","","135.5078683","34.6430789700003","地域集会施設"
"晴明丘南会館","大阪市阿倍野区北畠2-11-24","せいめいがおかみなみかいかん","会館・ホール","地域集会施設","06-6629-4331","06-6629-7005","","","","","","135.501144","34.6258584700004","地域集会施設"
"中央公会堂","大阪市北区中之島1-1-27","ちゅうおうこうかいどう","会館・ホール","その他施設","06-6208-2002","","","","https://www.osaka-heartfulweb.jp/010701.html","","","135.5040979","34.6935526500003","その他施設"
"グランキューブ大阪（大阪国際会議場）","大阪市北区中之島5-3-51","ぐらんきゅーぶおおさか（おおさかこくさいかいぎじょう）","会館・ホール","地域集会施設","06-4803-5555","","","","","","","135.486260900001","34.6893531000004","地域集会施設"
"滝川公園地域集会所・憩の家","大阪市北区天満4-7-20","たきがわこうえんちいきしゅうかいじょ・いこいのいえ","会館・ホール","地域集会施設","06-6352-9720","","","","","","","135.5146502","34.6946719000003","地域集会施設"
"堀川会館","大阪市北区同心2-8-7","ほりかわかいかん","会館・ホール","地域集会施設","06-6356-6600","","","","","","","135.5134703","34.7034855300003","地域集会施設"
"北天満会館","大阪市北区山崎町5-21","きたてんまかいかん","会館・ホール","地域集会施設","06-6365-1676","","","","","","","135.5076783","34.7058859000003","地域集会施設"
"扇町老人憩の家","大阪市北区山崎町5-22","おうぎまちろうじんいこいのいえ","会館・ホール","地域集会施設","06-6313-5754","","","","","","","135.5076729","34.7059470400003","地域集会施設"
"済美福祉センター","大阪市北区中崎西1-6-8","さいびふくしせんたー","会館・ホール","地域集会施設","06-6375-2100","","","","","","","135.5048086","34.7076976900004","地域集会施設"
"菅北福祉会館老人憩の家","大阪市北区池田町1-50","かんぼくふくしかいかんろうじんいこいのいえ","会館・ホール","地域集会施設","06-6882-4133","","","","","","","135.515257","34.7081274000003","地域集会施設"
"北野老人憩いの家","大阪市北区神山町15-12","きたのろうじんいこいのいえ","会館・ホール","地域集会施設","06-6362-8181","","","","","","","135.5050831","34.7042191000004","地域集会施設"
"堂島地域集会所","大阪市北区堂島2-2-26","どうじまちいきしゅうかいじょ","会館・ホール","地域集会施設","06-6345-8899","","","","","","","135.4941107","34.6971029900004","地域集会施設"
"豊仁地域集会所","大阪市北区長柄中3-4-2","ほうじんちいきしゅうかいじょ","会館・ホール","地域集会施設","06-6351-9730","","","","","","","135.5142697","34.7165679500003","地域集会施設"
"本庄地域集会所・老人憩いの家","大阪市北区本庄東2-4-39","ほんじょうちいきしゅうかいしょ・ろうじんいこいのいえ","会館・ホール","地域集会施設","06-6376-1123","","","","","","","135.5100142","34.7133562000003","地域集会施設"
"豊崎会館老人憩の家","大阪市北区豊崎4-7-1","とよさきかいかんろうじんいこいのいえ","会館・ホール","地域集会施設","06-6373-7998","","","","","","","135.501837","34.7122918300003","地域集会施設"
"豊崎福祉会館","大阪市北区豊崎7-1-18","とよさきふくしかいかん","会館・ホール","地域集会施設","","","","","","","","135.4996609","34.7141142000004","地域集会施設"
"中津福祉会館","大阪市北区中津3-4-37","なかつふくしかいかん","会館・ホール","地域集会施設","06-6375-5688","","","","","","","135.493317500001","34.7107204900004","地域集会施設"
"中津南老人憩の家","大阪市北区中津7-8-6","なかつみなみろうじんいこいのいえ","会館・ホール","地域集会施設","06-6371-7576","","","","","","","135.485819000001","34.7094110000004","地域集会施設"
"大淀福祉会館地域集会所・老人憩の家","大阪市北区大淀中3-12-8","おおよどふくしかいかんちいきしゅうかいじょ・ろうじんいこいのいえ","会館・ホール","地域集会施設","06-6451-7350","","","","","","","135.484631100001","34.7054000000004","地域集会施設"
"高殿老人憩の家（高殿会館）","大阪市旭区高殿6-16-5","たかどのろうじんいこいのいえ（たかどのかいかん）","会館・ホール","地域集会施設","","","","","","","","135.5459782","34.7185442000002","地域集会施設"
"高殿南地域集会所","大阪市旭区高殿3-21-1","たかどのみなみちいきしゅうかいじょ","会館・ホール","地域集会施設","","","","","","","","135.5404","34.7151000000002","地域集会施設"
"高殿南老人憩の家","大阪市旭区高殿3-21-1","たかどのみなみろうじんいこいのいえ","会館・ホール","地域集会施設","","","","","","","","135.5407451","34.7150439100003","地域集会施設"
"磯路会館老人憩の家","大阪市港区磯路3-3-20","いそじかいかんろうじんいこいのいえ","会館・ホール","地域集会施設","","","","","","","","135.458342000001","34.6643641000005","地域集会施設"
"港晴会館老人憩の家","大阪市港区港晴1-5-18","こうせいかいかんろうじんいこいのいえ","会館・ホール","地域集会施設","","","","","","","","135.444182700001","34.6557752000005","地域集会施設"
"港晴東会館老人憩の家","大阪市港区港晴3-11-6","こうせいひがしかいかんろうじんいこいのいえ","会館・ホール","地域集会施設","","","","","","","","135.441536300001","34.6590748000006","地域集会施設"
"三先憩いの家","大阪市港区三先1-14-9","みさきいこいのいえ","会館・ホール","地域集会施設","","","","","","","","135.454019300001","34.6602419000005","地域集会施設"
"市岡会館（老人憩の家・地域集会所）","大阪市港区市岡1-6-31","いちおかかいかん（ろうじんいこいのいえ・ちいきしゅうかいじょ）","会館・ホール","地域集会施設","","","","","","","","135.462775100001","34.6638421000005","地域集会施設"
"市岡元町憩の家・集会所","大阪市港区市岡元町2-2-12","いちおかもとまちいこいのいえ・しゅうかいじょ","会館・ホール","地域集会施設","","","","","","","","135.468177800001","34.6685279000005","地域集会施設"
"池島いこいの家","大阪市港区池島2-8-10","いけじまいこいのいえ","会館・ホール","地域集会施設","","","","","","","","135.449728200001","34.6567808000005","地域集会施設"
"築港会館老人憩いの家","大阪市港区築港2-4-24","ちっこうかいかんろうじんいこいのいえ","会館・ホール","地域集会施設","","","","","","","","135.433547100001","34.6517109000006","地域集会施設"
"田中会館老人憩の家","大阪市港区田中2-5-10","たなかかいかんろうじんいこいのいえ","会館・ホール","地域集会施設","","","","","","","","135.448413800001","34.6640361000005","地域集会施設"
"田中3丁目集会所","大阪市港区田中3-1-15","たなかさんちょうめしゅうかいじょ","会館・ホール","地域集会施設","","","","","","","","135.445943900001","34.6611142000005","地域集会施設"
"西区民センター","大阪市西区北堀江4-2-7","にしくみんせんたー","会館・ホール","区役所附設会館","06-6531-1400","06-6531-1402","","","","","","135.486390000001","34.6747000000004","区役所附設会館"
"こども文化センター","大阪市此花区西九条6-1-20","こどもぶんかせんたー","会館・ホール","教育施設","06-6460-7800","06-6460-9630","http://www.ko-bun.jp/","","https://www.osaka-heartfulweb.jp/061201.html","","","135.463532300001","34.6824653200005","教育施設"
"西船場会館","大阪市西区京町堀1-11-30","にしせんばかいかん","会館・ホール","地域集会施設","06-6446-5917","","","","","","","135.494628000001","34.6880221000004","地域集会施設"
"九条東連合地域集会所","大阪市西区九条1-11-19","くじょうひがしれんごうちいきしゅうかいじょ","会館・ホール","地域集会施設","06-4393-9111","","","","","","","135.476683100001","34.6749427400004","地域集会施設"
"九条南会館","大阪市西区九条南2-31-2","くじょうみなみかいかん","会館・ホール","地域集会施設","06-6582-0303","","","","","","","135.472563200001","34.6713417000004","地域集会施設"
"九条北連合会館","大阪市西区九条南4-19-2","くじょうきたれんごうかいかん","会館・ホール","地域集会施設","06-6582-8282","","","","","","","135.468113800001","34.6757248000005","地域集会施設"
"江戸堀連合会館","大阪市西区江戸堀3-8-1","えどぼりれんごうかいかん","会館・ホール","地域集会施設","06-6444-1122","","","","","","","135.486366700001","34.6848141000004","地域集会施設"
"西六福祉会館","大阪市西区新町2-13-1","さいろくふくしかいかん","会館・ホール","地域集会施設","06-6534-0874","","","","","","","135.4923232","34.6782033000004","地域集会施設"
"千代崎会館","大阪市西区千代崎2-16-15","ちよざきかいかん","会館・ホール","地域集会施設","06-6583-0811","","","","","","","135.478990000001","34.6731300000004","地域集会施設"
"堀江会館","大阪市西区南堀江1-13-23","ほりえかいかん","会館・ホール","地域集会施設","06-6543-1060","","","","","","","135.494347100001","34.6724668000004","地域集会施設"
"日吉集会所","大阪市西区南堀江4-22-8","ひよししゅうかいじょ","会館・ホール","地域集会施設","06-6534-0803","","","","","","","135.482681700001","34.6725883000004","地域集会施設"
"本田連合会館","大阪市西区本田3-5-14","ほんでんれんごうかいかん","会館・ホール","地域集会施設","06-6581-6292","","","","","","","135.474806800001","34.6778623400004","地域集会施設"
"明治会館","大阪市西区立売堀2-2-17","めいじかいかん","会館・ホール","地域集会施設","06-6541-0680","","","","","","","135.491014100001","34.6796439000004","地域集会施設"
"広教会館","大阪市西区立売堀4-6-14","こうきょうかいかん","会館・ホール","地域集会施設","06-6534-8690","","","","","","","135.486903000001","34.6793188000004","地域集会施設"
"靱会館","大阪市西区靱本町1-9-25","うつぼかいかん","会館・ホール","地域集会施設","06-6447-0022","","","","","","","135.495386000001","34.6851058000004","地域集会施設"
"高台連合会館","大阪市西区南堀江2-8-7","たかきやれんごうかいかん","会館・ホール","地域集会施設","06-6537-5560","","","","","","","135.491041100001","34.6703491000004","地域集会施設"
"男女共同参画センター南部館（クレオ大阪南）","大阪市平野区喜連西6-2-33","だんじょきょうどうさんかくせんたーなんぶかん（くれおおおさかみなみ）","会館・ホール","その他施設","06-6705-1100","06-6705-1140","http://www.creo-osaka.or.jp/south/index.html","","https://www.osaka-heartfulweb.jp/230711.html","","","135.5486217","34.6107363700002","その他施設"
"平野区民センター（コミュニティプラザ平野）","大阪市平野区長吉出戸5-3-58","ひらのくみんせんたー（こみゅにてぃぷらざひらの）","会館・ホール","区役所附設会館","06-6704-1200","06-6704-1421","https://www.city.osaka.lg.jp/shimin/page/0000016680.html","","","","","135.5696782","34.6089355800002","区役所附設会館"
"平野区民ホール","大阪市平野区平野南1-2-7","ひらのくみんほーる","会館・ホール","区役所附設会館","06-6790-4000","06-6790-4001","https://www.city.osaka.lg.jp/shimin/page/0000016682.html","","","","","135.5582605","34.6204679300002","区役所附設会館"
"加島・三津屋地区文化センター","大阪市淀川区加島1-57-20","かしまみつやちくぶんかせんたー","会館・ホール","地域集会施設","06-6300-5577","","","","","","","135.460714200001","34.7289170000005","地域集会施設"
"共同利用施設（北中島センター）","大阪市淀川区宮原5-3-13","きょうどうりようしせつ（きたなかじませんたー）","会館・ホール","その他施設","06-6392-7288","","","","","","","135.496098600001","34.7388100300004","その他施設"
"三国社会福祉会館","大阪市淀川区三国本町3-30-6","みくにしゃかいふくしかいかん","会館・ホール","地域集会施設","06-6399-2330","","","","","","","135.484052900001","34.7370676000004","地域集会施設"
"三津屋会館","大阪市淀川区三津屋南2-20-29","みつやかいかん","会館・ホール","地域集会施設","06-6300-5665","","","","","","","135.469833200001","34.7263891000005","地域集会施設"
"神津福祉会館","大阪市淀川区十三元今里2-2-45","かみつふくしかいかん","会館・ホール","地域集会施設","06-6390-1550","","","","","","","135.477757700001","34.7196252000004","地域集会施設"
"十三福祉会館","大阪市淀川区十三東5-1-23","じゅうそうふくしかいかん","会館・ホール","地域集会施設","06-6307-5656","","","","","","","135.484367000001","34.7237780000004","地域集会施設"
"共同利用施設（西三国センター）","大阪市淀川区十八条3-1-65","きょうどうりようしせつ（にしみくにせんたー）","会館・ホール","その他施設","06-6392-7180","","","","","","","135.489780000001","34.7450000000004","その他施設"
"新高社会福祉会館","大阪市淀川区新高4-10-16","にいたかしゃかいふくしかいかん","会館・ホール","地域集会施設","06-6392-2600","","","","","","","135.481249700001","34.7352690000004","地域集会施設"
"新北野福祉会館","大阪市淀川区新北野2-10-23","しんきたのふくしかいかん","会館・ホール","地域集会施設","06-6303-3939","","","","","","","135.477263800001","34.7141670000004","地域集会施設"
"共同利用施設（宮原センター）","大阪市淀川区西宮原1-6-12","きょうどうりようしせつ（みやはらせんたー）","会館・ホール","その他施設","06-6391-0801","","","","","","","135.490590000001","34.7324000000004","その他施設"
"共同利用施設（三国センター）","大阪市淀川区西三国3-18-12","きょうどうりようしせつ（みくにせんたー）","会館・ホール","その他施設","06-6392-7287","","","","","","","135.486850000001","34.7396100000004","その他施設"
"共同利用施設（西中島センター）","大阪市淀川区西中島3-11-11","きょうどうりようしせつ（にしなかじませんたー）","会館・ホール","その他施設","06-6304-4528","","","","","","","135.50021","34.7272100000003","その他施設"
"西中島社会福祉会館","大阪市淀川区西中島4-9-1","にしなかじましゃかいふくしかいかん","会館・ホール","地域集会施設","","","","","","","","135.4958502","34.7259280000004","地域集会施設"
"塚本福祉会館","大阪市淀川区塚本3-5-22","つかもとふくしかいかん","会館・ホール","地域集会施設","06-6300-5880","","","","","","","135.471730800001","34.7160658000005","地域集会施設"
"田川社会福祉会館","大阪市淀川区田川2-2-26","たがわしゃかいふくしかいかん","会館・ホール","地域集会施設","06-6390-6868","","","","","","","135.473608200001","34.7212281000004","地域集会施設"
"田川老人憩の家","大阪市淀川区田川北1-5-8","たがわろうじんいこいのいえ","会館・ホール","地域集会施設","","","","","","","","135.474667900001","34.7248622000004","地域集会施設"
"北中島社会福祉会館","大阪市淀川区東三国1-20-6","きたなかじましゃかいふくしかいかん","会館・ホール","地域集会施設","06-6397-8400","","","","","","","135.500408","34.7400530000004","地域集会施設"
"新東三国社会福祉会館","大阪市淀川区東三国2-22-10","しんひがしみくにしゃかいふくしかいかん","会館・ホール","地域集会施設","06-6397-7800","","","","","","","135.4994006","34.7433517400004","地域集会施設"
"共同利用施設（東三国センター）","大阪市淀川区東三国6-3-14","きょうどうりようしせつ（ひがしみくにせんたー）","会館・ホール","その他施設","06-6392-7181","","","","","","","135.496086700001","34.7449591300004","その他施設"
"木川憩の家","大阪市淀川区木川西3-3-22","きがわいこいのいえ","会館・ホール","地域集会施設","06-6390-8484","","","","","","","135.486458300001","34.7255688000004","地域集会施設"
"木川南社会福祉会館","大阪市淀川区木川東1-4-9","きがわみなみしゃかいふくしかいかん","会館・ホール","地域集会施設","06-6307-7474","","","","","","","135.492906000001","34.7235561000004","地域集会施設"
"野中福祉会館","大阪市淀川区野中南1-12-13","のなかふくしかいかん","会館・ホール","地域集会施設","06-6300-1414","","","","","","","135.484278100001","34.7276221000004","地域集会施設"
"淀川区民センター","大阪市淀川区野中南2-1-5","よどがわくみんせんたー","会館・ホール","区役所附設会館","06-6304-9120","","http://osakacommunity.jp/yodogawa/index.html","","","","","135.482603200001","34.7252620000004","区役所附設会館"
"宮原地域集会所老人憩の家","大阪市淀川区三国本町1-12-13","みやはらちいきしゅうかいじょろうじんいこいのいえ","会館・ホール","地域集会施設","06-6392-5562","","","","","","","135.486359600001","34.7308472000004","地域集会施設"
"大阪祭典なにわ区民ホール（浪速区民センター）","大阪市浪速区稲荷2-4-3","おおさかさいてんなにわくみんほーる（なにわくみんせんたー）","会館・ホール","区役所附設会館","06-6568-2171","06-6568-3171","https://www.osakacommunity.jp/naniwa-center/","","https://www.osaka-heartfulweb.jp/100301.html","","","135.490340000001","34.6647200000004","区役所附設会館"
"湊町リバープレイス","大阪市浪速区湊町1-3-1","みなとまちりばーぷれいす","会館・ホール","その他施設","06-4397-0571","06-4397-0573","https://www.oud.co.jp/riverplace/index.php","","https://www.osaka-heartfulweb.jp/100402.html","","","135.495220000001","34.6682900000004","その他施設"
"柏里会館","大阪市西淀川区柏里３丁目１７番１０号","かしわざとかいかん","会館・ホール","地域集会施設","06-6473-7555","","","","","","","135.465063800001","34.7124221000005","地域集会施設"
"柏花コミュニティ会館","大阪市西淀川区花川２丁目10番５号","かしはなこみゅにてぃかいかん","会館・ホール","地域集会施設","06-6478-9734(西淀川区役所)","","","","","","","135.466306200001","34.7088140000005","地域集会施設"
"野里コミュニティ会館","大阪市西淀川区野里２丁目１１番６号","のざとこみゅにてぃかいかん","会館・ホール","地域集会施設","06-6478-9734(西淀川区役所)","","","","","","","135.460342300001","34.7099361000005","地域集会施設"
"野里福祉会館","大阪市西淀川区野里2丁目３番１１号","のざとふくしかいかん","会館・ホール","地域集会施設","06-6474-6384","","","","","","","135.459783100001","34.7084030000005","地域集会施設"
"歌島コミュニティ会館","大阪市西淀川区歌島１丁目１９番１２号","うたじまこみゅにてぃかいかん","会館・ホール","地域集会施設","06-6478-9734(西淀川区役所)","","","","","","","135.462827700001","34.7159668000005","地域集会施設"
"白鳥会館","大阪市西淀川区歌島２丁目７番４号","はくちょうかいかん","会館・ホール","地域集会施設","06-6474-1220","","","","","","","135.463847100001","34.7143671000005","地域集会施設"
"香簔会館","大阪市西淀川区御幣島３丁目７番２０号","かみのかいかん","会館・ホール","地域集会施設","06-6473-8500","","","","","","","135.457185800001","34.7174750000005","地域集会施設"
"竹島コミュニティ会館","大阪市西淀川区竹島２丁目２番４０号","たけしまこみゅにてぃかいかん","会館・ホール","地域集会施設","06-6477-4981","","","","","","","135.454114300001","34.7235609000005","地域集会施設"
"佃会館","大阪市西淀川区佃２丁目１０番２号","つくだかいかん","会館・ホール","地域集会施設","06-6477-6550","","","","","","","135.445181200001","34.7129810000005","地域集会施設"
"佃第２会館","大阪市西淀川区佃２丁目２番５１号","つくだだい２かいかん","会館・ホール","地域集会施設","06-6478-9734(西淀川区役所)","","","","","","","135.446350100001","34.7115189000005","地域集会施設"
"大和田福祉会館","大阪市西淀川区大和田4-6-14","おおわだふくしかいかん","会館・ホール","地域集会施設","06-6477-5670","","","","","","","135.444799600001","34.7070063400005","地域集会施設"
"大和田会館","大阪市西淀川区大和田3-6-28","おおわだかいかん","会館・ホール","地域集会施設","06-6478-9734(西淀川区役所)","","","","","","","135.448224600001","34.7084486200005","地域集会施設"
"姫里コミュニティ会館","大阪市西淀川区姫里２丁目１４番２０号","ひめさとこみゅにてぃかいかん","会館・ホール","地域集会施設","06-6478-9734(西淀川区役所)","","","","","","","135.458057600001","34.7070309000005","地域集会施設"
"姫里老人憩の家","大阪市西淀川区姫里１丁目９番４号","ひめさとろうじんいこいのいえ","会館・ホール","地域集会施設","06-6478-9734(西淀川区役所)","","","","","","","135.462763700001","34.7054421000005","地域集会施設"
"姫島会館","大阪市西淀川区姫島4-2-12","ひめじまかいかん","会館・ホール","地域集会施設","06-6478-9734(西淀川区役所)","","","","","","","135.456346000001","34.7052426800005","地域集会施設"
"姫島老人憩の家","大阪市西淀川区姫島４丁目１０番１９号","ひめじまろうじんいこいのいえ","会館・ホール","地域集会施設","06-6478-9734(西淀川区役所)","","","","","","","135.453672300001","34.7050669000005","地域集会施設"
"福町会館","大阪市西淀川区福町２丁目４番１５号","ふくまちかいかん","会館・ホール","地域集会施設","06-6473-8108","","","","","","","135.441332800001","34.6978921000006","地域集会施設"
"寿会館","大阪市西淀川区百島1丁目１番２３号","ことぶきかいかん","会館・ホール","地域集会施設","06-6475-0297","","","","","","","135.440464400001","34.6974671000006","地域集会施設"
"川北コミュニティ会館","大阪市西淀川区中島1-9-26","かわきたこみゅにてぃかいかん","会館・ホール","地域集会施設","06-6477-3963","","","","","","","135.431400400001","34.7055117400006","地域集会施設"
"川北老人憩の家","大阪市西淀川区中島１丁目２３番２４号","かわきたろうじんいこいのいえ","会館・ホール","地域集会施設","06-6478-9734(西淀川区役所)","","","","","","","135.428281200001","34.7042560000006","地域集会施設"
"出来島会館","大阪市西淀川区出来島1-11-5","できしまかいかん","会館・ホール","地域集会施設","06-6478-9734(西淀川区役所)","","","","","","","135.439771300001","34.7087867900006","地域集会施設"
"出来島コミュニティ会館","大阪市西淀川区出来島１丁目１２番２５号","できじまこみゅにてぃかいかん","会館・ホール","地域集会施設","06-6474-2564","","","","","","","135.437493900001","34.7078669000006","地域集会施設"
"大野百島コミュニティ会館","大阪市西淀川区大野3-7-11","おおのひゃくしまこみゅにてぃかいかん","会館・ホール","地域集会施設","06-6478-9734(西淀川区役所)","","","","","","","135.439321000001","34.6980359100006","地域集会施設"
"千舟会館","大阪市西淀川区千舟３丁目４番３号","ちぶねかいかん","会館・ホール","地域集会施設","06-6474-5052","","","","","","","135.451083100001","34.7090610000005","地域集会施設"
"姫島福祉会館","大阪市西淀川区姫島４丁目１４番２０号（姫島公園内）","ひめじまふくしかいかん","会館・ホール","地域集会施設","06-6478-9734(西淀川区役所)","","","","","","","135.452275000001","34.7044831000005","地域集会施設"
"餌差会館","大阪市天王寺区餌差町7‐14","えさしかいかん","会館・ホール","地域集会施設","06‐6768‐3472","","","","","","","135.5265059","34.6712061000003","地域集会施設"
"高倉老人憩の家","大阪市都島区御幸町2-5-25","たかくらろうじんいこいのいえ","会館・ホール","地域集会施設","06-6921-5930","","","","","","","135.5331671","34.7158502000003","地域集会施設"
"みゆきコミュニティホール","大阪市都島区御幸町2-6-20","みゆきこみゅにてぃほーる","会館・ホール","地域集会施設","06-6922-3961","","","","","","","135.53511","34.7157300000003","地域集会施設"
"中野福祉会館","大阪市都島区中野町3-4-24","なかのふくしかいかん","会館・ホール","地域集会施設","06-6354-2699","","","","","","","135.5269658","34.7018257900003","地域集会施設"
"西都島福祉会館（新館）","大阪市都島区都島本通2-13-39","にしみやこじまふくしかいかん（しんかん）","会館・ホール","地域集会施設","06-6925-2226","","","","","","","135.5249031","34.7078499000003","地域集会施設"
"高倉福祉会館","大阪市都島区御幸町2-5-25","たかくらふくしかいかん","会館・ホール","地域集会施設","06-6921-5930","","","","","","","135.5331611","34.7159222000003","地域集会施設"
"大東老人憩の家","大阪市都島区大東町2-19-16","だいとうろうじんいこいのいえ","会館・ホール","地域集会施設","06-6928-2945","","","","","","","135.52695","34.7255700000003","地域集会施設"
"大東会館","大阪市都島区大東町2-19-16","だいとうかいかん","会館・ホール","地域集会施設","06-6928-2945","","","","","","","135.5269","34.7256000000003","地域集会施設"
"都島区民センター（まるよし精肉店 都島区民センター）","大阪市都島区中野町2-16-25","みやこじまくみんせんたー","会館・ホール","区役所附設会館","06-6352-6100","","https://www.city.osaka.lg.jp/shimin/page/0000016601.html","","https://www.osaka-heartfulweb.jp/020301.html","","","135.528199","34.7009350000003","区役所附設会館"
"中野老人憩の家","大阪市都島区中野町3-4-24","なかのろうじんいこいのいえ","会館・ホール","地域集会施設","06-6354-2699","","","","","","","135.5269706","34.7017347800003","地域集会施設"
"西都島老人憩の家","大阪市都島区都島本通2-13-53","にしみやこじまろうじんいこいのいえ","会館・ホール","地域集会施設","06-6921-4349","","","","","","","135.5249327","34.7077831000003","地域集会施設"
"西都島福祉会館","大阪市都島区都島本通2-13-53","にしみやこじまふくしかいかん","会館・ホール","地域集会施設","06-6921-4349","","","","","","","135.5250109","34.7077499000003","地域集会施設"
"東都島老人憩の家","大阪市都島区都島本通4-10-11","ひがしみやこじまろうじんいこいのいえ","会館・ホール","地域集会施設","06-6928-7367","","","","","","","135.5314309","34.7070560000003","地域集会施設"
"東都島福祉会館","大阪市都島区都島本通4-6-7","ひがしみやこじまふくしかいかん","会館・ホール","地域集会施設","06-6928-7367","","","","","","","135.5324361","34.7064608000003","地域集会施設"
"桜宮老人憩の家","大阪市都島区東野田町1-10-15","さくらのみやろうじんいこいのいえ","会館・ホール","地域集会施設","06-6948-5505","","","","","","","135.5268751","34.6966000000003","地域集会施設"
"桜宮福祉会館","大阪市都島区東野田町1-10-15","さくらのみやふくしかいかん","会館・ホール","地域集会施設","06-6948-5505","","","","","","","135.5268812","34.6965390000003","地域集会施設"
"内代老人憩の家","大阪市都島区内代町2-2-36","うちんだいろうじんいこいのいえ","会館・ホール","地域集会施設","06-6953-7705","","","","","","","135.5350529","34.7114610000003","地域集会施設"
"内代福祉会館","大阪市都島区内代町2-2-36","うちんだいふくしかいかん","会館・ホール","地域集会施設","06-6953-7705","","","","","","","135.5350576","34.7113690000003","地域集会施設"
"淀川地域老人憩の家","大阪市都島区毛馬町2-11-44","よどがわちいきろうじんいこいのいえ","会館・ホール","地域集会施設","06-6927-1633","","","","","","","135.52219","34.7223200000003","地域集会施設"
"淀川福祉会館","大阪市都島区毛馬町2-11-44","よどがわふくしかいかん","会館・ホール","地域集会施設","06-6927-1633","","","","","","","135.522194","34.7222308000003","地域集会施設"
"友渕老人憩の家","大阪市都島区友渕町1-3-110","ともぶちろうじんいこいのいえ","会館・ホール","地域集会施設","06-6922-8618","","","","","","","135.5274471","34.7202000000003","地域集会施設"
"友渕福祉会館","大阪市都島区友渕町1-3-110","ともぶちふくしかいかん","会館・ホール","地域集会施設","06-6922-8618","","","","","","","135.5274808","34.7201501000003","地域集会施設"
"森之宮西憩の家","大阪市城東区森之宮1-3-101","もりのみやにしいこいのいえ","会館・ホール","地域集会施設","06-6930-9857（区役所)","","","","","","","135.5363142","34.6819719000003","地域集会施設"
"東住吉区民ホール","大阪市東住吉区東田辺1-13-4","ひがしすみよしくみんほーる","会館・ホール","区役所附設会館","06-4399-9734","","","","","","","135.5266","34.6221000000003","区役所附設会館"
"東住吉会館","大阪市東住吉区東田辺2-11-28","ひがしすみよしかいかん","会館・ホール","区役所附設会館","06-6699-1100","","https://www.osakacommunity.jp/higashisumiyoshi-kaikan/","","https://www.osaka-heartfulweb.jp/220301.html","","","135.52708","34.6207000000003","区役所附設会館"
"平野区画整理記念会館","大阪市東住吉区中野2-7-16","ひらのくかくせいりきねんかいかん","会館・ホール","地域集会施設","06-6702-0513","","","","","","","135.5403","34.6224000000003","地域集会施設"
"育和社会福祉会館","大阪市東住吉区杭全2-11-14","いくわしゃかいふくしかいかん","会館・ホール","地域集会施設","06-6713-2878","","","","","","","135.5374","34.6371000000003","地域集会施設"
"白鷺憩の家","大阪市東住吉区今川6-8-37","しらさぎいこいのいえ","会館・ホール","地域集会施設","06-6706-8591","","","","","","","135.5411","34.6265000000003","地域集会施設"
"桑津会館","大阪市東住吉区桑津5-14-21","くわづかいかん","会館・ホール","地域集会施設","06-6713-2871","","","","","","","135.5313","34.6359000000003","地域集会施設"
"桑津中央会館","大阪市東住吉区桑津3-6-1","くわづちゅうおうかいかん","会館・ホール","地域集会施設","06-6713-7383","","","","","","","135.5299","34.6387000000003","地域集会施設"
"北田辺会館","大阪市東住吉区北田辺1-8-4","きたたなべかいかん","会館・ホール","地域集会施設","06-6714-9980","","","","","","","135.5242","34.6366000000003","地域集会施設"
"友愛センター北田辺","大阪市東住吉区北田辺6-11-4","ゆうあいせんたーきたたなべ","会館・ホール","地域集会施設","06-6621-9900","","","","","","","135.5275","34.6305000000003","地域集会施設"
"北田辺文化会館","大阪市東住吉区山坂1-4-3","きたたなべぶんかかいかん","会館・ホール","地域集会施設","06-6621-9900","","","","","","","135.524","34.6298000000003","地域集会施設"
"田辺中央会館","大阪市東住吉区田辺2-11-8","たなべちゅうおうかいかん","会館・ホール","地域集会施設","06-6628-3308","","","","","","","135.5277","34.6257000000003","地域集会施設"
"駒川文化センター","大阪市東住吉区駒川3-26-1","こまがわぶんかせんたー","会館・ホール","地域集会施設","06-6628-0045","","","","","","","135.5302","34.6234000000003","地域集会施設"
"南田辺会館","大阪市東住吉区南田辺1-10-32","みなみたなべかいかん","会館・ホール","地域集会施設","06-6623-6050","","","","","","","135.5229","34.6212000000003","地域集会施設"
"東田辺会館","大阪市東住吉区駒川4-10-5","ひがしたなべかいかん","会館・ホール","地域集会施設","06-6608-7621","","","","","","","135.5325","34.6207000000003","地域集会施設"
"南百済会館","大阪市東住吉区針中野4-12-39","みなみくだらかいかん","会館・ホール","地域集会施設","06-6707-2117","","","","","","","135.5376","34.6175000000003","地域集会施設"
"湯里社会福祉会館","大阪市東住吉区湯里5-7-3","ゆざとしゃかいふくしかいかん","会館・ホール","地域集会施設","06-6702-8349","","","","","","","135.5361","34.6103000000003","地域集会施設"
"鷹合会館","大阪市東住吉区鷹合4-1-3","たかあいかいかん","会館・ホール","地域集会施設","06-6606-4524","","","","","","","135.5309","34.6128000000003","地域集会施設"
"今川福祉会館","大阪市東住吉区今川4-23-7","いまがわふくしかいかん","会館・ホール","地域集会施設","06-6705-2388","","","","","","","135.5347","34.6272000000003","地域集会施設"
"うるし堤会館","大阪市東住吉区今川1-1-14","うるしづつみかいかん","会館・ホール","地域集会施設","06-6713-9933","","","","","","","135.5349","34.6309000000003","地域集会施設"
"今川文化会館","大阪市東住吉区中野3-1-2","いまがわぶんかかいかん","会館・ホール","地域集会施設","06-6797-3966","","","","","","","135.537","34.6214000000003","地域集会施設"
"今川地域振興センター","大阪市東住吉区西今川3-6-7","いまがわちいきしんこうせんたー","会館・ホール","地域集会施設","06-6703-0098","","","","","","","135.5317","34.6253000000003","地域集会施設"
"矢田北会館","大阪市東住吉区照ヶ丘矢田1-13-16","やたきたかいかん","会館・ホール","地域集会施設","06-6797-6966","","","","","","","135.5355","34.6063000000003","地域集会施設"
"住道矢田福祉会館","大阪市東住吉区住道矢田9-1-5","すんじやたふくしかいかん","会館・ホール","地域集会施設","06-6797-1131","","","","","","","135.5404","34.6021000000003","地域集会施設"
"矢田中連合町会事務所","大阪市東住吉区矢田4-10-6","やたなかれんごうちょうかいじむしょ","会館・ホール","地域集会施設","06-6697-1552","","","","","","","135.5314","34.6035000000003","地域集会施設"
"矢田中ひまわり会館","大阪市東住吉区矢田3-8-7","やたなかひまわりかいかん","会館・ホール","地域集会施設","06-6695-2880","","","","","","","135.5292","34.6052000000003","地域集会施設"
"枯木南会館","大阪市東住吉区矢田7-6-36","かれきみなみかいかん","会館・ホール","地域集会施設","","","","","","","","135.5289","34.5956000000003","地域集会施設"
"公園南会館","大阪市東住吉区公園南矢田2-2-21","こうえんみなみかいかん","会館・ホール","地域集会施設","06-6607-3745","","","","","","","135.5232","34.6047000000003","地域集会施設"
"東住吉区南部文化・コミュニティセンター","大阪市東住吉区公園南矢田3-18-8","ひがしすみよしくなんぶぶんか・こみゅにてぃせんたー","会館・ホール","地域集会施設","06-6608-0038","","","","","","","135.5256","34.5998000000003","地域集会施設"
"今林会館","大阪市東住吉区今林2-24-23","いまばやしかいかん","会館・ホール","地域集会施設","06-6757-0455","","","","","","","135.5439","34.6389000000003","地域集会施設"
"杭全会館","大阪市東住吉区杭全6-8-27","くまたかいかん","会館・ホール","地域集会施設","06-6714-8215","","","","","","","135.539","34.6356000000003","地域集会施設"
"中町会会館","大阪市東住吉区杭全7-14-7","なかちょうかいかいかん","会館・ホール","地域集会施設","","","","","","","","135.54","34.6320000000003","地域集会施設"
"今川会館","大阪市東住吉区今川2-14-5","いまがわかいかん","会館・ホール","地域集会施設","","","","","","","","135.5399","34.6299000000002","地域集会施設"
"南百済北会館","大阪市東住吉区中野3-1-7","みなみくだらきたかいかん","会館・ホール","地域集会施設","06-6706-6770","","","","","","","135.5375","34.6215000000003","地域集会施設"
"砂子会館","大阪市東住吉区針中野1-9-4","すなごかいかん","会館・ホール","地域集会施設","","","","","","","","135.5335","34.6208000000003","地域集会施設"
"山邑会館","大阪市東住吉区公園南矢田3-10-30","やまむらかいかん","会館・ホール","地域集会施設","06-6697-9918","","","","","","","135.524","34.6012000000003","地域集会施設"
"枯木会館","大阪市東住吉区公園南矢田4-22-10","かれきかいかん","会館・ホール","地域集会施設","06-6697-9936","","","","","","","135.5253","34.5979000000003","地域集会施設"
"住道会館","大阪市東住吉区住道矢田2-6-17","すんじかいかん","会館・ホール","地域集会施設","","","","","","","","135.5378","34.6020000000003","地域集会施設"
"深江憩の家","大阪市東成区深江南3-18-5","ふかえいこいのいえ","会館・ホール","地域集会施設","06-6977-1909","","","","","","","135.5598","34.6688800000002","地域集会施設"
"宝栄会館","大阪市東成区深江北1-5-23","ほうえいかいかん","会館・ホール","地域集会施設","06-6977-1911","","","","","","","135.55625","34.6776530000002","地域集会施設"
"今里公民館","大阪市東成区大今里3-2-16","いまざとこうみんかん","会館・ホール","地域集会施設","06-6977-1903","","","","","","","135.5458698","34.6706424100003","地域集会施設"
"神路憩の家","大阪市東成区大今里4-9-16","かみじいこいのいえ","会館・ホール","地域集会施設","06-6976-5962","","","","","","","135.54863","34.6699900000002","地域集会施設"
"南中本公園地域集会所","大阪市東成区大今里西1-10-2","みなみなかもとこうえんちいきしゅうかいしょ","会館・ホール","地域集会施設","06-6973-0069","","","","","","","135.5422107","34.6742809000003","地域集会施設"
"大成地域集会所・大成憩の家","大阪市東成区大今里西2-15-1","たいせいちいきしゅうかいしょ・たいせいいこいのいえ","会館・ホール","地域集会施設","06-6977-1902","","","","","","","135.5393493","34.6683019000003","地域集会施設"
"片江地域集会所","大阪市東成区大今里南3-11-24","かたえちいきしゅうかいしょ","会館・ホール","地域集会施設","06-6977-7060","","","","","","","135.5493921","34.6661215000003","地域集会施設"
"北中道会館","大阪市東成区中道4-4-26","きたなかみちかいかん","会館・ホール","地域集会施設","06-6977-2150","","","","","","","135.5375693","34.6766970000003","地域集会施設"
"北中道老人憩の家","大阪市東成区中道4-5-15","きたなかみちろうじんいこいのいえ","会館・ホール","地域集会施設","06-6977-1905","","","","","","","135.5371031","34.6768640000003","地域集会施設"
"中道憩いの家","大阪市東成区東小橋1-1-13","なかみちいこいのいえ","会館・ホール","地域集会施設","06-6977-1904","","","","","","","135.5338455","34.6736998000003","地域集会施設"
"東小橋地域集会所・東小橋老人憩の家","大阪市東成区東小橋2-1-30","ひがしおばせちいきしゅうかいしょ・ひがしおばせろうじんいこいのいえ","会館・ホール","地域集会施設","06-6977-1901","","","","","","","135.5328282","34.6696080000003","地域集会施設"
"東中本憩の家","大阪市東成区東中本2-16-16","ひがしなかもといこいのいえ","会館・ホール","地域集会施設","06-6977-1907","","","","","","","135.5462828","34.6777915700002","地域集会施設"
"東中本公園地域集会所","大阪市東成区東中本3-15-37","ひがしなかもとこうえんちいきしゅうかいしょ","会館・ホール","地域集会施設","06-6977-1894","","","","","","","135.5448746","34.6764440000002","地域集会施設"
"海老江東コミュニティセンター（海老江東老人憩いの家）","大阪市福島区海老江1-5-20","えびえひがしこみゅにてぃせんたー（えびえひがしろうじんいこいのいえ）","会館・ホール","地域集会施設","06-6458-1178","","","","","","","135.475467000001","34.6966280000004","地域集会施設"
"海老江西老人憩の家","大阪市福島区海老江西6-6-19","えびえにしろうじんいこいのいえ","会館・ホール","地域集会施設","06-6458-0011","","","","","","","135.470312400001","34.6984194700004","地域集会施設"
"福島区民センター（NORBDENCE福島区民センター）","大阪市福島区吉野3-17-23","ふくしまくみんせんたー","会館・ホール","区役所附設会館","06-6468-1771","","https://www.city.osaka.lg.jp/shimin/page/0000016603.html","","https://www.osaka-heartfulweb.jp/030301.html","","","135.473114900001","34.6915256600004","区役所附設会館"
"新家コミュニティセンター（新家老人憩の家）","大阪市福島区吉野4-12-36","しんけこみゅにてぃせんたー（しんけろうじんいこいのいえ）","会館・ホール","地域集会施設","080-8510-2166","","","","","","","135.471161100001","34.6892671000005","地域集会施設"
"吉野コミュニティセンター","大阪市福島区吉野4-3-21","よしのこみゅにてぃせんたー","会館・ホール","地域集会施設","06-6461-7110","","","","","","","135.472241300001","34.6888070500004","地域集会施設"
"吉野老人憩の家","大阪市福島区吉野4-3-21","よしのろうじんいこいのいえ","会館・ホール","地域集会施設","06-6461-7110","","","","","","","135.472348300001","34.6888106400004","地域集会施設"
"玉川コミュニティセンター（玉川老人憩いの家）","大阪市福島区玉川4-5-17","たまがわこみゅにてぃせんたー（たまがわろうじんいこいのいえ）","会館・ホール","地域集会施設","06-6441-3781","","","","","","","135.478632900001","34.6898222000004","地域集会施設"
"鷺洲コミュニティセンター（鷺洲老人憩の家）","大阪市福島区鷺洲2-4-14","さぎすこみゅにてぃせんたー（さぎすろうじんいこいのいえ）","会館・ホール","地域集会施設","06-6451-0303","","","","","","","135.481133100001","34.6970439000004","地域集会施設"
"大開福祉センター","大阪市福島区大開1-19-40","おおひらきふくしせんたー","会館・ホール","その他施設","06-6461-4817","","","","","","","135.471669100001","34.6944610000005","その他施設"
"大開集会所","大阪市福島区大開1-19-40","おおひらきしゅうかいしょ","会館・ホール","地域集会施設","06-6461-4817","","","","","","","135.472101400001","34.6943171600004","地域集会施設"
"福島コミュニティセンター（福島地区老人憩の家）","大阪市福島区福島5-17-23","ふくしまこみゅにてぃせんたー（ふくしまちく ろうじんいこいのいえ）","会館・ホール","地域集会施設","06-6453-3190","","","","","","","135.484522000001","34.6957392000004","地域集会施設"
"上福島コミュニティセンター（上福島老人憩の家）","大阪市福島区福島8-12-7","かみふくしまこみゅにてぃせんたー（かみふくしまろうじんいこいのいえ）","会館・ホール","地域集会施設","06-6451-5018","","","","","","","135.482446900001","34.6965280000004","地域集会施設"
"野田コミュニティセンター","大阪市福島区野田5-9-8","のだこみゅにてぃせんたー","会館・ホール","地域集会施設","06-6468-9610","","","","","","","135.473850000001","34.6852600000005","地域集会施設"
"野田コミュニティセンター（野田老人憩の家）","大阪市福島区野田5-9-8","のだこみゅにてぃせんたー（のだろうじんいこいのいえ）","会館・ホール","地域集会施設","06-6468-9610","","","","","","","135.473817000001","34.6851830000005","地域集会施設"
"西淀川区民ホール","大阪市西淀川区御幣島3-13-3","にしよどがわくみんほーる","会館・ホール","区役所附設会館","06-6472-6000","06-6472-4006","https://www.osakacommunity.jp/nishiyodogawa-hall/","","館内使用用車いす貸出あり・補助犬歓迎・エレベーター無","区民向け講座・イベントの実施や会議室・ホールの貸出を行っている。（※ホームページでは、近藤技研工業 西淀川区民ホールとなっているが、ネーミングライツの期限があるため、「西淀川区民ホール」としている。）","","135.458321400001","34.7180979800005","区役所附設会館"
"西淀川区民会館（エルモ西淀川）","大阪市西淀川区大和田2-5-7","にしよどがわくみんかいかん（えるもにしよどがわ）","会館・ホール","区役所附設会館","06-6471-9217","06-6471-6694","https://www.osakacommunity.jp/nishiyodogawa-kaikan/","","館内使用用車いす貸出あり・補助犬歓迎・エレベーター無（２階に会議室・ホール等無しのため市民の方の２階利用も無し）","区民向け講座・イベントの実施や会議室・ホールの貸出を行っている。","","135.442531500001","34.7030597600006","区役所附設会館"
"三軒家西会館","大阪市大正区三軒家西1-7-5","さんげんやにしかいかん","会館・ホール","地域集会施設","06-6555-0185","","","","","","","135.476575300001","34.6666221000004","地域集会施設"
"平尾第２老人憩の家（沖縄会館）","大阪市大正区平尾5-1-19","ひらおだいにろうじんいこいのいえ（おきなわかいかん）","会館・ホール","地域集会施設","","","","","","","","135.472347600001","34.6403962600005","地域集会施設"
"大正地区文化交流プラザ","大阪市大正区小林東3-3-25","たいしょうちくぶんかこうりゅうぷらざ","会館・ホール","その他施設","06-6552-9713","06-6552-9715","https://www.oud.co.jp/azalea/","","","","","135.472294200001","34.6474670600005","その他施設"
"泉尾東福祉会館","大阪市大正区千島2-2-8","いずおひがしふくしかいかん","会館・ホール","地域集会施設","06-6555-5293","","","","","","","135.473086000001","34.6527329000004","地域集会施設"
"大正会館","大阪市大正区千島2-6-15","たいしょうかいかん","会館・ホール","区役所附設会館","06-6553-5511","06-6554-7878","","","https://www.osaka-heartfulweb.jp/080301.html","","","135.472220000001","34.6507008700004","区役所附設会館"
"大正区民ホール","大阪市大正区千島2-7-95","たいしょうくみんほーる","会館・ホール","区役所附設会館","06-4394-9734","06-6553-1981","https://www.city.osaka.lg.jp/taisho/page/0000382297.html","","","","","135.472988300001","34.6502502700004","区役所附設会館"
"中泉尾福祉会館（もと中泉尾老人憩の家）","大阪市大正区泉尾4-18-5","なかいずおふくしかいかん（もとなかいずおろうじんいこいのいえ）","会館・ホール","地域集会施設","06-6554-6788","","","","","","","135.470642400001","34.6567300100004","地域集会施設"
"泉尾北会館","大阪市大正区泉尾北2-13-20","いずおきたかいかん","会館・ホール","地域集会施設","","","","","","","","135.473557400001","34.6604061500004","地域集会施設"
"平尾会館（もと平尾老人憩の家）","大阪市大正区平尾2-23-2","ひらおかいかん（もとひらおろうじんいこいのいえ）","会館・ホール","地域集会施設","06-6553-4265","","","","","","","135.473926400001","34.6418819900004","地域集会施設"
"北恩加島会館（もと北恩加島老人憩の家）","大阪市大正区北村1-15-11","きたおかじまかいかん（もときたおかじまろうじんいこいのいえ）","会館・ホール","地域集会施設","06-6553-9551","","","","","","","135.467910000001","34.6512700000005","地域集会施設"
"三軒家東福祉会館","大阪市大正区三軒家東2-5-17","さんげんやひがしふくしかいかん","会館・ホール","地域集会施設","06-6553-0400","","","","","","","135.479219000001","34.6618501000004","地域集会施設"
"アクティブ中泉尾会館","大阪市大正区泉尾4-21-4","あくてぃぶなかいずおかいかん","会館・ホール","地域集会施設","06-6554-6788","","","","","","","135.470069000001","34.6568721000005","地域集会施設"
"北恩加島会館","大阪市大正区北村1-15-11","きたおかじまかいかん","会館・ホール","地域集会施設","06-6551-5932","","","","","","","135.467734300001","34.6512882400005","地域集会施設"
"北恩加島泉尾浜公園集会所","大阪市大正区泉尾7-17-7","きたおかじまいずおはまこうえんしゅうかいしょ","会館・ホール","地域集会施設","06-6554-9880","","","","","","","135.465707900001","34.6546080000005","地域集会施設"
"小林公園集会所（小林会館）","大阪市大正区小林東2-6-45","こばやしこうえんしゅうかいしょ（こばやしかいかん）","会館・ホール","地域集会施設","06-7892-5391","","","","","","","135.474436200001","34.6431971000004","地域集会施設"
"平尾公園会館","大阪市大正区平尾2-22-15","ひらおこうえんかいかん","会館・ホール","地域集会施設","","","","","","","","135.473528000001","34.6404060000004","地域集会施設"
"南恩加島会館","大阪市大正区南恩加島2-7-17","みなみおかじまかいかん","会館・ホール","地域集会施設","","","","","","","","135.469577900001","34.6378861000005","地域集会施設"
"平尾会館","大阪市大正区平尾2-23-2","ひらおかいかん","会館・ホール","地域集会施設","06-6553-4265","","","","","","","135.473642200001","34.6419825200005","地域集会施設"
"鶴町第2福祉会館","大阪市大正区鶴町3-2-16","つるまちだいにふくしかいかん","会館・ホール","地域集会施設","06-6555-6750","","","","","","","135.456175200001","34.6402061000005","地域集会施設"
"南恩加島公園集会所","大阪市大正区南恩加島1-13-38","みなみおかじまこうえんしゅうかいしょ","会館・ホール","地域集会施設","06-6555-6363","","","","","","","135.471977700001","34.6348609000005","地域集会施設"
"鶴町福祉会館","大阪市大正区鶴町2-12-26","つるまちふくしかいかん","会館・ホール","地域集会施設","06-6553-1905","","","","","","","135.454872200001","34.6367889000005","地域集会施設"
"三軒家東第2福祉会館","大阪市大正区三軒家東2-12-27","さんげんやひがしだいにふくしかいかん","会館・ホール","地域集会施設","06-6553-4783","","","","","","","135.479547100001","34.6588860000004","地域集会施設"
"もと小林老人憩の家","大阪市大正区小林西2-6-7","もとこばやしろうじんいこいのいえ","会館・ホール","地域集会施設","","","","","","","","135.469480000001","34.6434000000005","地域集会施設"
"鶴見区民センター","大阪市鶴見区横堤5-3-15","つるみくみんせんたー","会館・ホール","区役所附設会館","06-6912-3971","06-6912-3900","https://www.osakacommunity.jp/tsurumi-center","","","","","135.57292","34.7042543000002","区役所附設会館"
"陳列館ホール","大阪市鶴見区緑地公園2-163","ちんれつかんほーる","会館・ホール","その他施設","06-6915-3246","06-6915-3246","https://www.tsurumi-ryokuchi.jp/facility/hanahaku.html","","","","","135.5785942","34.7121353100002","その他施設"
"水の館ホール","大阪市鶴見区緑地公園2-163","みずのやかたほーる","会館・ホール","その他施設","06-6915-3246","06-6915-3246","https://www.tsurumi-ryokuchi.jp/facility/hanamizuki.html","","","","","135.5773616","34.7107700400002","その他施設"
"緑会館","大阪市鶴見区緑３－３－３","みどりかいかん","会館・ホール","地域集会施設","06-7507-1018","","","","","地域集会施設","","135.5632003","34.7136888000002","地域集会施設"
"鶴見北公民館","大阪市鶴見区鶴見５－６－３７","つるみきたこうみんかん","会館・ホール","地域集会施設","06-6915-1151","","","","","地域集会施設","","135.5639421","34.7057390000002","地域集会施設"
"鶴見公民館","大阪市鶴見区鶴見２－５－４１","つるみこうみんかん","会館・ホール","地域集会施設","06-6912-5000","","","","","地域集会施設","","135.5636079","34.6994612000002","地域集会施設"
"榎本福祉会館","大阪市鶴見区今津中１－９－３２","えのもとふくしかいかん","会館・ホール","地域集会施設","06-6963-0104","","","","","地域集会施設","","135.5662193","34.6905471000002","地域集会施設"
"放出会館","大阪市鶴見区放出東３－３０－２５","はなてんかいかん","会館・ホール","地域集会施設","","","","","","","","135.5648085","34.6891939000002","地域集会施設"
"今津福祉会館","大阪市鶴見区今津南３－３－１７","いまづふくしかいかん","会館・ホール","地域集会施設","06-6962-7273（今津会館）","","","","","地域集会施設","","135.5759393","34.6895828000002","地域集会施設"
"今津会館","大阪市鶴見区今津中５－５－３２","いまづかいかん","会館・ホール","地域集会施設","06-6962-7273","","","","","地域集会施設","","135.5791611","34.6925189000002","地域集会施設"
"茨田南福祉会館","大阪市鶴見区諸口２－４－３６","まったみなみふくしかいかん","会館・ホール","地域集会施設","06-6913-7200","","","","","地域集会施設","","135.5800915","34.6989948000002","地域集会施設"
"茨田福祉会館","大阪市鶴見区中茶屋１－１－４１","まったふくしかいかん","会館・ホール","地域集会施設","06-6912-5900","","","","","地域集会施設","","135.5854673","34.6997640000002","地域集会施設"
"茨田東福祉会館","大阪市鶴見区茨田大宮４－２６－１","まったひがしふくしかいかん","会館・ホール","地域集会施設","06-6912-8833","","","","","地域集会施設","","135.597639","34.7100720000002","地域集会施設"
"茨田北福祉会館","大阪市鶴見区安田4-2-12","まったきたふくしかいかん","会館・ホール","地域集会施設","06-6913-8119","","","","","地域集会施設","","135.5892692","34.7070169000002","地域集会施設"
"浜公民館","大阪市鶴見区浜４－６－２８","はまこうみんかん","会館・ホール","地域集会施設","","","","","","","","135.5862192","34.7106000000002","地域集会施設"
"茨田西社会福祉会館","大阪市鶴見区横堤５－５－５２","まったにししゃかいふくしかいかん","会館・ホール","地域集会施設","06-6915-3920","","","","","地域集会施設","","135.5737779","34.7048890000002","地域集会施設"
"横堤福祉会館","大阪市鶴見区横堤３－１０－１１","よこづつみふくしかいかん","会館・ホール","地域集会施設","06-7860-3341","","","","","地域集会施設","","135.5733811","34.7030530000002","地域集会施設"
"五条公園会館・老人憩の家","大阪市天王寺区烏ヶ辻2-5-17","ごじょうこうえんかいかん・ろうじんいこいのいえ","会館・ホール","地域集会施設","06-6774-0090","","","","","","","135.5233003","34.6570310000003","地域集会施設"
"味原会館・老人憩の家","大阪市天王寺区小橋町3-21","あじはらかいかん・ろうじんいこいのいえ","会館・ホール","地域集会施設","06-6762-7433","","","","","","","135.5255923","34.6665892000003","地域集会施設"
"生魂会館・老人憩の家","大阪市天王寺区上汐3-5-26","いくたまかいかん・ろうじんいこいのいえ","会館・ホール","地域集会施設","06-6779-1900","","","","","","","135.5172312","34.6641528000003","地域集会施設"
"桃丘会館","大阪市天王寺区上之宮町4-46","ももがおかかいかん","会館・ホール","地域集会施設","06-6779-3800","","","","","","","135.5218187","34.6615501000003","地域集会施設"
"真田山公園会館・老人憩の家","大阪市天王寺区真田山町5-27","さなだやまこうえんかいかん・ろうじんいこいのいえ","会館・ホール","地域集会施設","06-6764-4207","","","","","","","135.5290358","34.6692442000003","地域集会施設"
"清水谷公園会館・老人憩の家","大阪市天王寺区清水谷町16-35","しみずだにこうえんかいかん・ろうじんいこいのいえ","会館・ホール","地域集会施設","06-4304-1103","","","","","","","135.5241","34.6738000000003","地域集会施設"
"天王寺区民センター","大阪市天王寺区生玉寺町7-57","てんのうじくみんせんたー","会館・ホール","区役所附設会館","06-6771-9981","","https://www.osakacommunity.jp/tennoji-center/","","https://www.osaka-heartfulweb.jp/090301.html","","","135.5136896","34.6599361800003","区役所附設会館"
"天王寺連合会館・老人憩の家","大阪市天王寺区大道4-7-17","てんのうじれんごうかいかん・ろうじんいこいのいえ","会館・ホール","地域集会施設","06-6772-3833","","","","","","","135.5218719","34.6492279000003","地域集会施設"
"桃陽会館・老人憩の家","大阪市天王寺区筆ケ崎町2-35","とうようかいかん・ろうじんいこいのいえ","会館・ホール","地域集会施設","06-6771-8388","","","","","","","135.5263327","34.6625750000003","地域集会施設"
"大江会館・老人憩の家","大阪市天王寺区六万体町5-25","おおえかいかん・ろうじんいこいのいえ","会館・ホール","地域集会施設","06-6774-3050","","","","","","","135.514669","34.6579192000003","地域集会施設"
"男女共同参画センター中央館（クレオ大阪中央）","大阪市天王寺区上汐5-6-25","だんじょきょうどうさんかくせんたーちゅうおうかん（くれおおおさかちゅうおう）","会館・ホール","その他施設","06-6770-7200","06-6770-7705","http://www.creo-osaka.or.jp/chuou/","","https://www.osaka-heartfulweb.jp/090711.html","男女共同参画","","135.51554","34.6597609500003","その他施設"
"諏訪会館","大阪市城東区諏訪3-6-15","すわかいかん","会館・ホール","地域集会施設","06-6968-3200","","","","","","","135.5603726","34.6828953000002","地域集会施設"
"中浜集会所","大阪市城東区中浜1-6-13","なかはましゅうかいじょ","会館・ホール","地域集会施設","06-6969-8485","","","","","","","135.5422916","34.6865389000002","地域集会施設"
"東中浜公園集会所","大阪市城東区東中浜5-3-30","ひがしなかはまこうえんしゅうかいじょ","会館・ホール","地域集会施設","06-6969-3316","","","","","","","135.54883","34.6847186000002","地域集会施設"
"城東福祉会館","大阪市城東区鴫野東3-13-7","じょうとうふくしかいかん","会館・ホール","地域集会施設","06-6968-0294","","","","","","","135.5472467","34.6904836900002","地域集会施設"
"鴫野会館","大阪市城東区鴫野西1-18-11","しぎのかいかん","会館・ホール","地域集会施設","06-6961-8923","","","","","","","135.5389714","34.6934388000003","地域集会施設"
"聖賢会館","大阪市城東区今福西3-1-9","せいけんかいかん","会館・ホール","地域集会施設","06-6930-9734（区役所）","","","","","","","135.5471308","34.7013904500002","地域集会施設"
"今福会館","大阪市城東区今福南2-17-24","いまふくかいかん","会館・ホール","地域集会施設","06-6930-9734（区役所）","","","","","","","135.5527071","34.6982080100002","地域集会施設"
"放出福祉会館","大阪市城東区放出西3-13-1","はなてんふくしかいかん","会館・ホール","地域集会施設","06-6968-7711","","","","","","","135.556849","34.6894651800002","地域集会施設"
"鯰江公園集会所","大阪市城東区今福西6-5-30","なまずえこうえんしゅうかいじょ","会館・ホール","地域集会施設","06-6935-6655","","","","","","","135.5522151","34.7036561300002","地域集会施設"
"鯰江東会館","大阪市城東区今福東1-4-30","なまずえひがしかいかん","会館・ホール","地域集会施設","06-6930-9734（区役所）","","","","","","","135.5566219","34.7006561000002","地域集会施設"
"関目福祉会館","大阪市城東区関目6-11-3","せきめふくしかいかん","会館・ホール","地域集会施設","06-6935-8686","","","","","","","135.5519944","34.7133113700002","地域集会施設"
"関目第2福祉会館（地域集会所）","大阪市城東区関目3-14-16","せきめだい2ふくしかいかん（ちいきしゅうかいじょ）","会館・ホール","地域集会施設","06-6935-8686","","","","","","","135.5494722","34.7109459000002","地域集会施設"
"関目東集会所","大阪市城東区関目2-4-21","せきめひがししゅうかいじょ","会館・ホール","地域集会施設","06-6930-9734（区役所）","","","","","","","135.5509734","34.7071526300002","地域集会施設"
"すみれ会館","大阪市城東区古市2-1-49","すみれかいかん","会館・ホール","地域集会施設","06-6930-9734（区役所）","","","","","","","135.5546086","34.7093279800002","地域集会施設"
"榎並会館","大阪市城東区野江4-3-27","えなみかいかん","会館・ホール","地域集会施設","06-6932-8264","","http://enami-net.jp/","","","","","135.540052","34.7085360000003","地域集会施設"
"榎並福祉会館","大阪市城東区野江2-11-5","えなみふくしかいかん","会館・ホール","地域集会施設","06-6932-8264（榎並会館内）","","http://enami-net.jp/","","","","","135.537806","34.7046874800003","地域集会施設"
"成育コミュニティホール","大阪市城東区成育1-6-19","せいいくこみゅにてぃほーる","会館・ホール","地域集会施設","06-6930-0256","","","","","","","135.5452162","34.7057558000002","地域集会施設"
"諏訪憩の家","大阪市城東区諏訪3-6-15","すわいこいのいえ","会館・ホール","地域集会施設","06-6968-3200","","","","","","","135.5605431","34.6828787000002","地域集会施設"
"森之宮憩の家","大阪市城東区森之宮2-8-101","もりのみやいこいのいえ","会館・ホール","地域集会施設","06-6967-1124","","","","","","","135.5391438","34.6843332000003","地域集会施設"
"東中浜憩の家","大阪市城東区東中浜5-3-30","ひがしなかはまいこいのいえ","会館・ホール","地域集会施設","06-6969-3316","","","","","","","135.549008","34.6846530000002","地域集会施設"
"鴫野憩いの家","大阪市城東区鴫野西5-17-21","しぎのいこいのいえ","会館・ホール","地域集会施設","06-6930-9857（区役所）","","","","","","","135.5428723","34.6902609000002","地域集会施設"
"聖賢老人憩の家","大阪市城東区新喜多東1-1-25","せいけんろうじんいこいのいえ","会館・ホール","地域集会施設","06-6930-9857（区役所）","","","","","","","135.5465063","34.6964754000002","地域集会施設"
"今福老人憩の家","大阪市城東区今福南4-13-23","いまふくろうじんいこいのいえ","会館・ホール","地域集会施設","06-6933-0057","","","","","","","135.5557986","34.6992307000002","地域集会施設"
"鯰江東憩の家","大阪市城東区今福東2-11-2","なまずえひがしいこいのいえ","会館・ホール","地域集会施設","06-6933-0092","","","","","","","135.5582235","34.7025075900002","地域集会施設"
"関目東老人憩の家","大阪市城東区関目2-18-28","せきめひがしろうじんいこいのいえ","会館・ホール","地域集会施設","06-6930-9857（区役所)","","","","","","","135.5539853","34.7087295600003","地域集会施設"
"菫憩の家","大阪市城東区古市3-1-48","すみれいこいのいえ","会館・ホール","地域集会施設","06-6930-1883","","","","","","","135.5547574","34.7120730300002","地域集会施設"
"榎並老人憩の家","大阪市城東区野江2-11-5","えなみろうじんいこいのいえ","会館・ホール","地域集会施設","06-6932-8264（榎並会館内）","","http://enami-net.jp/","","","","","135.53801","34.7046500000003","地域集会施設"
"敬老いこいの家","大阪市城東区鴫野西1丁目第4児童遊園内","けいろういこいのいえ","会館・ホール","地域集会施設","","","","","","","","135.5385833","34.6935278000003","地域集会施設"
"榎並会館老人憩の家","大阪市城東区野江4-3-27","えなみかいかんろうじんいこいのいえ","会館・ホール","地域集会施設","06-6932-8264","","http://enami-net.jp/","","","","","135.5401888","34.7085415000003","地域集会施設"
"勝山会館・老人憩の家","大阪市生野区勝山南1丁目4番4号","かつやまかいかん・ろうじんいこいのいえ","会館・ホール","地域集会施設","06-6712-3775","","","","","","","135.5286578","34.6543080000003","地域集会施設"
"舎利寺会館・老人憩の家","大阪市生野区勝山南4丁目13番1号","しゃりじかいかん・ろうじんいこいのいえ","会館・ホール","地域集会施設","06-6712-9100","","","","","","","135.5375282","34.6526579000003","地域集会施設"
"舎利寺中央公園会館","大阪市生野区勝山南4丁目7番18号","しゃりじちゅうおうこうえんかいかん","会館・ホール","地域集会施設","06-6731-3314","","","","","","","135.5398499","34.6525940000003","地域集会施設"
"生野区民センター","大阪市生野区勝山北3-13-30","いくのくみんせんたー","会館・ホール","区役所附設会館","06-6716-3020","06-6716-1797","https://www.city.osaka.lg.jp/shimin/page/0000016633.html","","https://osaka-heartfulweb.jp/facility-info.php?n=241","","","135.5335444","34.6544905100003","区役所附設会館"
"東桃谷福祉会館・老人憩の家","大阪市生野区勝山北3丁目4番32号","ひがしももだにふくしかいかん・ろうじんいこいのいえ","会館・ホール","地域集会施設","06-6711-5480","","","","","","","135.5345","34.6564000000003","地域集会施設"
"茨福祉会館","大阪市生野区勝山北4丁目5番20号","いばらふくしかいかん","会館・ホール","地域集会施設","","","","","","","","135.5352779","34.6563560000003","地域集会施設"
"鷹合西会館","大阪市東住吉区鷹合3-2-20","たかあいにしかいかん","会館・ホール","地域集会施設","06-6697-3825","","","","","","","135.5281","34.6108000000003","地域集会施設"
"小路会館・老人憩の家","大阪市生野区小路2丁目23番8号","しょうじかいかん・ろうじんいこいのいえ","会館・ホール","地域集会施設","","","","","","","","135.5558828","34.6600110000002","地域集会施設"
"小路福祉会館","大阪市生野区小路3丁目19番1号","しょうじふくしかいかん","会館・ホール","地域集会施設","","","","","","","","135.5548082","34.6567250000002","地域集会施設"
"東小路会館・老人憩の家","大阪市生野区小路東3丁目7番20号","ひがししょうじかいかん・ろうじんいこいのいえ","会館・ホール","地域集会施設","06-6752-8434","","","","","","","135.5591282","34.6594029000002","地域集会施設"
"東中川会館・老人憩の家","大阪市生野区新今里2丁目12番35号","ひがしなかがわかいかん・ろうじんいこいのいえ","会館・ホール","地域集会施設","06-6756-0471","","","","","","","135.5460173","34.6626972000003","地域集会施設"
"西生野会館・老人憩の家","大阪市生野区生野西4丁目4番16号","にしいくのかいかん・ろうじんいこいのいえ","会館・ホール","地域集会施設","06-6712-2877","","","","","","","135.5294","34.6480000000003","地域集会施設"
"恩貴島集会所","大阪市此花区春日出中2-18-19","おきじましゅうかいしょ","会館・ホール","地域集会施設","","","","","","","","135.449164300001","34.6803471000005","地域集会施設"
"生野会館・老人憩の家","大阪市生野区生野東3丁目10番31号","いくのかいかん・ろうじんいこいのいえ","会館・ホール","地域集会施設","06-6731-0357","","","","","","","135.535664","34.6508418000003","地域集会施設"
"巽会館・老人憩の家","大阪市生野区巽中2丁目21番31号","たつみかいかん・ろうじんいこいのいえ","会館・ホール","地域集会施設","06-6758-7610","","","","","","","135.5523828","34.6488891000002","地域集会施設"
"巽東会館","大阪市生野区巽東2丁目9番16号","たつみひがしかいかん","会館・ホール","地域集会施設","","","","","","","","135.554061","34.6454360000002","地域集会施設"
"新巽東会館・老人憩の家","大阪市生野区巽東4丁目11番118号","しんたつみひがしかいかん・ろうじんいこいのいえ","会館・ホール","地域集会施設","06-6752-8933","","","","","","","135.5578191","34.6454689000002","地域集会施設"
"巽南会館・老人憩の家","大阪市生野区巽南1丁目15番29号","たつみみなみかいかん・ろうじんいこいのいえ","会館・ホール","地域集会施設","06-6754-6068","","","","","","","135.5477919","34.6408058000002","地域集会施設"
"中川会館・老人憩の家","大阪市生野区中川2丁目21番1号","なかがわかいかん・ろうじんいこいのいえ","会館・ホール","地域集会施設","06-6757-4070","","","","","","","135.5437441","34.6592359000003","地域集会施設"
"翠岩頌徳記念会館","大阪市生野区中川東2丁目7番28号","すいがんしょうとくきねんかいかん","会館・ホール","地域集会施設","06-6757-2424","","","","","","","135.5520169","34.6583440000002","地域集会施設"
"北鶴橋振興会館・老人憩の家","大阪市生野区鶴橋2丁目11番30号","きたつるはししんこうかいかん・ろうじんいこいのいえ","会館・ホール","地域集会施設","06-6712-3713","","","","","","","135.5317887","34.6644639000003","地域集会施設"
"北鶴橋老人憩の家","大阪市生野区鶴橋3丁目5番34号","きたつるはしろうじんいこいのいえ","会館・ホール","地域集会施設","06-6712-9909","","","","","","","135.5358169","34.6627360000003","地域集会施設"
"田島会館・老人憩の家","大阪市生野区田島4丁目20番3号","たしまかいかん・ろうじんいこいのいえ","会館・ホール","地域集会施設","06-6752-4400","","","","","","","135.5437003","34.6474580000002","地域集会施設"
"猪飼野保存会社会福祉老人憩の家","大阪市生野区桃谷3丁目18番32号","いかいのほぞんかいしゃかいふくしろうじんいこいのいえ","会館・ホール","地域集会施設","06-6715-9734","","","","","","","135.53465","34.6585081000003","地域集会施設"
"鶴橋会館・老人憩の家","大阪市生野区桃谷1丁目2番39号","つるはしかいかん・ろうじんいこいのいえ","会館・ホール","地域集会施設","06-6712-9616","","","","","","","135.530456","34.6597579000003","地域集会施設"
"御幸森会館・老人憩の家","大阪市生野区桃谷5丁目4番29号","みゆきもりかいかん・ろうじんいこいのいえ","会館・ホール","地域集会施設","06-6711-5600","","","","","","","135.538014","34.6611419000003","地域集会施設"
"北津守老人憩の家","大阪市西成区北津守3-8-8","きたつもりろうじんいこいのいえ","会館・ホール","地域集会施設","06-6561-2130","","","","","","","135.481940000001","34.6512779300004","地域集会施設"
"生野南会館・老人憩の家","大阪市生野区林寺6丁目2番6号","いくのみなみかいかん・ろうじんいこいのいえ","会館・ホール","地域集会施設","070-8541-6357","","","","","","","135.5381171","34.6432558000003","地域集会施設"
"西淡路会館(西淡路老人憩の家)","大阪市東淀川区淡路3-13-10","にしあわじかいかん(にしあわじろうじんいこいのいえ)","会館・ホール","地域集会施設","06-4809-9734(区役所)","","","","","","","135.5126532","34.7386109000003","地域集会施設"
"西淡路会館","大阪市東淀川区淡路3-13-10","にしあわじかいかん","会館・ホール","地域集会施設","06-6322-1023","","","","","","","135.5127442","34.7385330000003","地域集会施設"
"東井高野連合集会所","大阪市東淀川区井高野3-10-1","ひがしいたかのれんごうしゅうかいじょ","会館・ホール","地域集会施設","06-6340-8308","","","","","","","135.5460187","34.7636439000003","地域集会施設"
"たちばな会館","大阪市西成区花園南2丁目9番28号","たちばなかいかん","会館・ホール","地域集会施設","06-6659-3871","","","","","","","135.4973863","34.6396669000004","地域集会施設"
"豊里南福祉会館","大阪市東淀川区豊里5-4-7","とよさとみなみふくしかいかん","会館・ホール","地域集会施設","06-6321-8455","","","","","","","135.545578","34.7385109000002","地域集会施設"
"下新庄福祉会館","大阪市東淀川区下新庄5-7-25","しもしんじょうふくしかいかん","会館・ホール","地域集会施設","06-6323-6585","","","","","","","135.5230638","34.7462778000003","地域集会施設"
"大阪フィルハーモニー会館","大阪市西成区岸里1丁目1番44号","おおさかふぃるはーもにーかいかん","会館・ホール","地域集会施設","06-6656ｰ7711","","","","","","","135.495431100001","34.6347441000004","地域集会施設"
"西成区民センター","大阪市西成区岸里1-1-50","にしなりくみんせんたー","会館・ホール","区役所附設会館","06-6651-1131","","https://www.city.osaka.lg.jp/shimin/page/0000016683.html","","https://www.osaka-heartfulweb.jp/240301.html","","","135.4950921","34.6346478600004","区役所附設会館"
"岸里福祉会館","大阪市西成区岸里3丁目2番2号","きしのさとふくしかいかん","会館・ホール","地域集会施設","06-6656-2941","","","","","","","135.494330900001","34.6313001000004","地域集会施設"
"岸里会館","大阪市西成区岸里3-4-9","きしのさとかいかんろうじんいこいのいえ","会館・ホール","地域集会施設","06-6656-2944","","","","","","","135.492674400001","34.6302365800004","地域集会施設"
"菅原北公園集会所","大阪市東淀川区菅原7-9-9","すがはらきたこうえんしゅうかいじょ","会館・ホール","地域集会施設","","","","","","","","135.5235","34.7424000000003","地域集会施設"
"玉出西公園会館・老人憩いの家","大阪市西成区玉出西1-8-19","たまでにしこうえんかいかんろうじんいこいのいえ","会館・ホール","地域集会施設","06-6656-0123","","","","","","","135.488904400001","34.6264183400004","地域集会施設"
"山王老人憩の家","大阪市西成区山王2-10-17","さんのうろうじんいこいのいえ","会館・ホール","地域集会施設","06-6644-3390","","","","","","","135.50486","34.6457723800003","地域集会施設"
"山王集会所","大阪市西成区山王2-10-24","さんのうしゅうかいしょ","会館・ホール","地域集会施設","06-6644-3390","","","","","","","135.5053429","34.6459789000004","地域集会施設"
"飛田ふれあい会館","大阪市西成区山王3-12-13","とびたふれあいかいかん","会館・ホール","地域集会施設","06-6641-9191","","","","","","","135.504547","34.6437762200003","地域集会施設"
"出城老人憩の家","大阪市西成区出城2-2-10","でしろろうじんいこいのいえ","会館・ホール","地域集会施設","06-6561-6161","","","","","","","135.491670000001","34.6498174900004","地域集会施設"
"橘コミュニティセンター","大阪市西成区松1丁目8番11号","たちばなこみゅにてぃせんたー","会館・ホール","地域集会施設","06-6658-0003","","","","","","","135.493711100001","34.6410438000004","地域集会施設"
"梅南集会所","大阪市西成区松3-2-35","ばいなんしゅうかいしょろうじんいこいのいえ","会館・ホール","地域集会施設","06-6653-1116","","","","","","","135.488890000001","34.6409551300004","地域集会施設"
"千本社会福祉会館・老人憩の家","大阪市西成区千本北2丁目12番1号","せんぼんしゃかいふくしかいかんろうじんいこいのいえ","会館・ホール","地域集会施設","06-6661-2280","","","","","","","135.486971200001","34.6364746500004","地域集会施設"
"太子会館・老人憩の家","大阪市西成区太子1丁目8番6号","たいしかいかんろうじんいこいのいえ","会館・ホール","地域集会施設","","","","","","","","135.503586","34.6475611000004","地域集会施設"
"長橋集会所","大阪市西成区長橋1丁目13番1号","ながはししゅうかいしょ","会館・ホール","地域集会施設","","","","","","","","135.493663900001","34.6478781000004","地域集会施設"
"津守老人憩の家","大阪市西成区津守1-13-37","つもりろうじんいこいのいえ","会館・ホール","地域集会施設","06-6568-0434","","","","","","","135.484030000001","34.6451222200004","地域集会施設"
"津守集会所","大阪市西成区津守3丁目5番28号","つもりしゅうかいしょ","会館・ホール","地域集会施設","06-6661-6800","","","","","","","135.483099700001","34.6401669000004","地域集会施設"
"弘治会館・老人憩の家","大阪市西成区鶴見橋1-5-9","こうじかいかんろうじんいこいのいえ","会館・ホール","地域集会施設","06-6649-3355","","","","","","","135.49514","34.6453726100004","地域集会施設"
"松之宮ホール","大阪市西成区鶴見橋3-3-2","まつのみやほーる","会館・ホール","地域集会施設","06-6561-6156","","","","","","","135.490031600001","34.6455680600004","地域集会施設"
"今宮社会福祉会館","大阪市西成区天下茶屋1丁目32番19号","いまみやしゃかいふくしかいかん","会館・ホール","地域集会施設","","","","","","","","135.4975251","34.6402190000004","地域集会施設"
"天下茶屋会館・老人憩の家","大阪市西成区天下茶屋東2丁目1番29号","てんがちゃやかいかんろうじんいこいのいえ","会館・ホール","地域集会施設","06-6653-9333","","","","","","","135.504664","34.6401861000003","地域集会施設"
"今宮老人憩の家","大阪市西成区天下茶屋北1丁目5番17号","いまみやろうじんいこいのいえ","会館・ホール","地域集会施設","06-6649-6125","","","","","","","135.5024582","34.6438441000004","地域集会施設"
"長橋老人憩の家","大阪市西成区南開2-4-22","ながはしろうじんいこいのいえ","会館・ホール","地域集会施設","","","","","","","","135.487500000001","34.6512350100004","地域集会施設"
"南津守福祉会館","大阪市西成区南津守4丁目1番33号","みなみつもりふくしかいかん","会館・ホール","地域集会施設","06-6661-1204","","","","","","","135.484697200001","34.6301248000004","地域集会施設"
"西成市民館","大阪市西成区萩之茶屋2-9-1","にしなりしみんかん","会館・ホール","その他施設","06-6633-7200","06-6633-7203","http://www.aizenen.or.jp/rinpo/info/nishinari","","","","","135.5001095","34.6463010800004","その他施設"
"北津守連合集会所","大阪市西成区北津守2丁目3番11号","きたつもりれんごうしゅうかいしょ","会館・ホール","地域集会施設","","","","","","","","135.483661000001","34.6525470000004","地域集会施設"
"阪南連合会館","大阪市阿倍野区阪南町5-12-24","はんなんれんごうかいかん","会館・ホール","地域集会施設","06-6628-9918","","","","","","","135.5134419","34.6229957700003","地域集会施設"
"住之江総合会館さざんか会館","大阪市住之江区北加賀屋5-3-47","すみのえそうごうかいかんさざんかかいかん","会館・ホール","その他施設","06-6686-4162","","","","","","","135.475256500001","34.6237497600004","その他施設"
"男女共同参画センター東部館（クレオ大阪東）","大阪市城東区鴫野西2-1-21","だんじょきょうどうさんかくせんたーとうぶかん（くれおおおさかひがし）","会館・ホール","その他施設","06-6965-1200","06-6965-1500","http://www.creo-osaka.or.jp/east/index.html","","https://www.osaka-heartfulweb.jp/170711.html","","","135.5364623","34.6917562500003","その他施設"
"大阪市立青少年センター（KOKOPLAZA）","大阪市東淀川区東中島1-13-13","おおさかしりつせいしょうねんせんたー（ＫＯＫＯＰＬＡＺＡ）","会館・ホール","教育施設","06-6370-5421","06-6370-5423","http://www.kokoplaza.net/","","https://www.osaka-heartfulweb.jp/130401.html","","","135.50371","34.7319300000003","教育施設"
"城東区民センター","大阪市城東区中央3-5-45","じょうとうくみんせんたー","会館・ホール","区役所附設会館","06-6932-2000","06-6932-2030","http://osakacommunity.jp/joto/index.html","","https://www.osaka-heartfulweb.jp/170301.html","旧名称「城東区民ホール」","","135.5444265","34.7032935800003","区役所附設会館"
"永田福祉会館","大阪市城東区永田4-14-21","ながたふくしかいかん","会館・ホール","地域集会施設","06-6930-9734（区役所）","","","","","","","135.5567688","34.6813259000002","地域集会施設"
"成育北集会所","大阪市城東区成育5-22-18","せいいくきたしゅうかいじょ","会館・ホール","地域集会施設","06-6930-9734（区役所）","","","","","","","135.5455302","34.7145912000002","地域集会施設"
"コミュニティホールしぎの","大阪市城東区鴫野西2-11-18","こみゅにてぃほーるしぎの","会館・ホール","地域集会施設","06-6961-5446","","","","","","","135.5384789","34.6923977000003","地域集会施設"
"聖和会館・老人憩の家","大阪市天王寺区寺田町1-5-9","せいわかいかん・ろうじんいこいのいえ","会館・ホール","地域集会施設","06-6772-1319","","","","","","","135.5213545","34.6524273000003","地域集会施設"
"平野連合会館","大阪市平野区平野上町2-5-22","ひらのれんごうかいかん","会館・ホール","地域集会施設","","","","","","","","135.55345","34.6253800000002","地域集会施設"
"元町センター","大阪市平野区平野元町1-16","もとまちせんたー","会館・ホール","地域集会施設","","","","","","","","135.5503696","34.6309619000002","地域集会施設"
"平野老人憩の家","大阪市平野区平野宮町2-2-24","ひらのろうじんいこいのいえ","会館・ホール","地域集会施設","","","","","","","","135.5562311","34.6271744000002","地域集会施設"
"平野公園老人憩の家","大阪市平野区平野東2-11-4","ひらのこうえんろうじんいこいのいえ","会館・ホール","地域集会施設","","","","","","","","135.5585663","34.6231886000002","地域集会施設"
"平野西センター","大阪市平野区背戸口5-2-17","ひらのにしせんたー","会館・ホール","地域集会施設","","","","","","","","135.54779","34.6226000000002","地域集会施設"
"平野西会館","大阪市平野区平野本町1-10-12","ひらのにしかいかん","会館・ホール","地域集会施設","","","","","","","","135.55066","34.6238100000002","地域集会施設"
"平野西老人憩の家","大阪市平野区西脇1-20-9","ひらのにしろうじんいこいのいえ","会館・ホール","地域集会施設","","","","","","","","135.5460752","34.6285666000003","地域集会施設"
"新平野西コミュニティ会館・老人憩の家","大阪市平野区背戸口3-3-12","しんひらのにしこみゅにてぃかいかん・ろうじんいこいのいえ","会館・ホール","地域集会施設","","","","","","","","135.5463818","34.6225669000003","地域集会施設"
"平野南会館","大阪市平野区平野南3-11-53","ひらのみなみかいかん","会館・ホール","地域集会施設","","","","","","","","135.5602089","34.6185719000002","地域集会施設"
"喜連地域集会所","大阪市平野区喜連7-6-13","きれちいきしゅうかいしょ","会館・ホール","地域集会施設","","","","","","","","135.5567311","34.6116817000002","地域集会施設"
"喜連西老人憩の家","大阪市平野区喜連西3-3-6","きれにしろうじんいこいのいえ","会館・ホール","地域集会施設","","","","","","","","135.5424903","34.6126235000003","地域集会施設"
"喜連西コミュニティ会館","大阪市平野区喜連西1-10-36","きれにしこみゅにてぃかいかん","会館・ホール","地域集会施設","","","","","","","","135.5416838","34.6160351000003","地域集会施設"
"喜連東地域集会所・老人憩の家","大阪市平野区喜連東3-6-41","きれひがしちいきしゅうかいしょ・ろうじんいこいのいえ","会館・ホール","地域集会施設","","","","","","","","135.560471","34.6102200000002","地域集会施設"
"喜連東コミュニティ会館","大阪市平野区喜連東4-5-30","きれひがしこみゅにてぃかいかん","会館・ホール","地域集会施設","","","","","","","","135.5639724","34.6127511000002","地域集会施設"
"喜連北地域集会所・老人憩の家","大阪市平野区喜連1-8-18","きれきたちいきしゅうかいしょ・ろうじんいこいのいえ","会館・ホール","地域集会施設","","","","","","","","135.5520102","34.6135008000002","地域集会施設"
"長吉東部老人憩の家","大阪市平野区長吉六反5-10-19","ながよしとうぶろうじんいこいのいえ","会館・ホール","地域集会施設","","","","","","","","135.5834146","34.6035653000002","地域集会施設"
"六反会館","大阪市平野区長吉六反2-10-15","ろくたんかいかん","会館・ホール","地域集会施設","","","","","","","","135.5822209","34.6061283100002","地域集会施設"
"長吉南老人憩の家","大阪市平野区長吉長原東2-8-25","ながよしみなみろうじんいこいのいえ","会館・ホール","地域集会施設","","","","","","","","135.5795007","34.6031575000002","地域集会施設"
"長吉川辺憩の家","大阪市平野区長吉川辺1-4-38","ながよしかわなべいこいのいえ","会館・ホール","地域集会施設","","","","","","","","135.5702671","34.5957468000002","地域集会施設"
"長原コミュニティホール（長吉長原老人憩の家）","大阪市平野区長吉長原3-9-10","ながはらこみゅにてぃほーる（ながよしながはらろうじんいこいのいえ）","会館・ホール","地域集会施設","","","","","","","","135.5703284","34.6035227000002","地域集会施設"
"川辺会館","大阪市平野区長吉川辺2-1-20","かわなべかいかん","会館・ホール","地域集会施設","","","","","","","","135.5725578","34.5978635000002","地域集会施設"
"長原会館","大阪市平野区長吉長原西2-3-2","ながはらかいかん","会館・ホール","地域集会施設","","","","","","","","135.5666471","34.6053453000002","地域集会施設"
"長吉出戸地域集会所","大阪市平野区長吉出戸2-5-2","ながよしでとちいきしゅうかいしょ","会館・ホール","地域集会施設","","","","","","","","135.5669698","34.6124446000002","地域集会施設"
"東出戸会館","大阪市平野区長吉出戸6-8-17","ひがしでとかいかん","会館・ホール","地域集会施設","","","","","","","","135.5716934","34.6104625000002","地域集会施設"
"長吉出戸老人憩の家","大阪市平野区長吉出戸1-11-19","ながよしでとろうじんいこいのいえ","会館・ホール","地域集会施設","","","","","","","","135.5652437","34.6147517000002","地域集会施設"
"西出戸老人憩の家","大阪市平野区長吉出戸5-3-23","にしでとろうじんいこいのいえ","会館・ホール","地域集会施設","","","","","","","","135.5700225","34.6096758000002","地域集会施設"
"瓜破地域集会所・老人憩の家","大阪市平野区瓜破7-2-7","うりわりちいきしゅうかいしょ・ろうじんいこいのいえ","会館・ホール","地域集会施設","","","","","","","","135.5541217","34.6011599000002","地域集会施設"
"瓜破南地域集会所・老人憩の家","大阪市平野区瓜破南2-4-123","うりわりみなみちいきしゅうかいしょ・ろうじんいこいのいえ","会館・ホール","地域集会施設","","","","","","","","135.5558154","34.5960285000002","地域集会施設"
"瓜破土地改良区瓜破会館","大阪市平野区瓜破東6-1-51","うりわりとちかいりょうくうりわりかいかん","会館・ホール","地域集会施設","","","","","","","","135.558247","34.6023056000002","地域集会施設"
"瓜破西地域集会所・老人憩の家","大阪市平野区瓜破6-2-6","うりわりにしちいきしゅうかいしょ・ろうじんいこいのいえ","会館・ホール","地域集会施設","","","","","","","","135.5490727","34.6004467000002","地域集会施設"
"瓜破土地改良区西会館","大阪市平野区瓜破6-3-33","うりわりとちかいりょうくにしかいかん","会館・ホール","地域集会施設","","","","","","","","135.5487574","34.5995306000002","地域集会施設"
"瓜破東憩の家","大阪市平野区瓜破東2-4-4","うりわりひがしいこいのいえ","会館・ホール","地域集会施設","","","","","","","","135.5599836","34.6085505100002","地域集会施設"
"瓜破北老人憩の家","大阪市平野区瓜破西1-5-25","うりわりきたろうじんいこいのいえ","会館・ホール","地域集会施設","","","","","","","","135.5462881","34.6063953000003","地域集会施設"
"加美連合会館","大阪市平野区加美正覚寺3-3-25","かみれんごうかいかん","会館・ホール","地域集会施設","","","","","","","","135.5619485","34.6321908000002","地域集会施設"
"加美地域集会所","大阪市平野区加美東1-6-9","かみちいきしゅうかいしょ","会館・ホール","地域集会施設","","","","","","","","135.5666815","34.6321982000002","地域集会施設"
"加美老人憩の家","大阪市平野区加美東2-9-3","かみろうじんいこいのいえ","会館・ホール","地域集会施設","","","","","","","","135.56941","34.6310800000002","地域集会施設"
"加美正北老人憩の家","大阪市平野区加美北6-15-25","かみしょうきたろうじんいこいのいえ","会館・ホール","地域集会施設","","","","","","","","135.5556674","34.6335011900002","地域集会施設"
"加美南部老人憩の家","大阪市平野区加美南5-1-26","かみなんぶろうじんいこいのいえ","会館・ホール","地域集会施設","","","","","","","","135.5706435","34.6203761700002","地域集会施設"
"鞍作公園集会所・老人憩の家","大阪市平野区加美南1-11-20","くらつくりこうえんしゅうかいしょ・ろうじんいこいのいえ","会館・ホール","地域集会施設","","","","","","","","135.571434","34.6228585000002","地域集会施設"
"加美北会館","大阪市平野区加美北5-9-20","かみきたかいかん","会館・ホール","地域集会施設","","","","","","","","135.563306","34.6379807100002","地域集会施設"
"加美北地域集会所","大阪市平野区加美北2-5-35","かみきたちいきしゅうかいしょ","会館・ホール","地域集会施設","","","","","","","","135.5589409","34.6406359000002","地域集会施設"
"加美北憩の家","大阪市平野区加美北8-14-7","かみきたいこいのいえ","会館・ホール","地域集会施設","","","","","","","","135.56421","34.6349500000002","地域集会施設"
"加美東地域集会所","大阪市平野区加美東6-3-41","かみひがしちいきしゅうかいしょ","会館・ホール","地域集会施設","","","","","","","","135.5739086","34.6302945000002","地域集会施設"
"加美東老人憩の家","大阪市平野区加美東5-7-13","かみひがしろうじんいこいのいえ","会館・ホール","地域集会施設","","","","","","","","135.5714487","34.6280649400002","地域集会施設"
"中川西会館","大阪市生野区中川西1丁目18番20号","なかがわにしかいかん","会館・ホール","地域集会施設","06-6731-5522","","","","","","","135.5411583","34.6621268000002","地域集会施設"
"東成区民センター","大阪市東成区大今里西3-2-17","ひがしなりくみんせんたー","会館・ホール","区役所附設会館","06-6972-0717","06-6972-0838","https://www.osakacommunity.jp/higashinari-center/","","","","","135.5414946","34.6678464400003","区役所附設会館"
"成育公園集会所","大阪市城東区成育3-18-17","せいいくこうえんしゅうかいじょ","会館・ホール","地域集会施設","06-6930-0256","","","","","","","135.5438243","34.7097160000003","地域集会施設"
"神路ふれあい会館","大阪市東成区大今里2-35-5","かみじふれあいかいかん","会館・ホール","地域集会施設","06-6973-1306","","","","","","","135.550604","34.6712450000002","地域集会施設"
"南深江公園地域集会所","大阪市東成区深江南2-9-34","みなみふかえこうえんちいきしゅうかいしょ","会館・ホール","地域集会施設","06-6977-1909","","","","","","","135.557993","34.6705230000002","地域集会施設"
"はぎ会館老人憩の家","大阪市西成区萩之茶屋1-7-12","はぎかいかんろうじんいこいのいえ","会館・ホール","地域集会施設","","","","","","","","135.5025727","34.6486459700004","地域集会施設"
"共同利用施設（啓発センター）","大阪市東淀川区東中島5-1-6","きょうどうりようしせつ（けいはつせんたー）","会館・ホール","その他施設","06-6323-3367","","","","","","","135.50783","34.7319900000003","その他施設"
"共同利用施設（柴島センター）","大阪市東淀川区柴島2-11-9","きょうどうりようしせつ（くにじませんたー）","会館・ホール","その他施設","06-6325-5337","","","","","","","135.51154","34.7277500000003","その他施設"
"旧桜宮公会堂","大阪市北区天満橋1-1-1","きゅうさくらのみやこうかいどう","会館・ホール","その他施設","","","","","","","","135.52083","34.6983183300003","その他施設"
"こども本の森 中之島","大阪市北区中之島1-1-28","こどもほんのもり　なかのしま","会館・ホール","その他施設","","","","","","","","135.5061511","34.6933249900003","その他施設"
"もと大阪市公館","大阪市都島区網島町10-35","もとおおさかしこうかん","会館・ホール","その他施設","","","","","","","","135.52379","34.6941900000003","その他施設"
"恵美会館老人憩の家","大阪市浪速区恵美須東2-6","えみかいかんろうじんいこいのいえ","会館・ホール","地域集会施設","","","","","","","","135.50563","34.6519300000003","地域集会施設"
"東淡路老人憩の家","大阪市東淀川区東淡路2-4-23","ひがしあわじろうじんいこいのいえ","会館・ホール","地域集会施設","","","","","","","","135.5164889","34.7361097900003","地域集会施設"
"桜島地区集会所","大阪市此花区桜島3-4-102","さくらじまちくしゅうかいじょ","会館・ホール","地域集会施設","","","","","","","","135.427816800001","34.6618768600006","地域集会施設"
"大淀地域集会所","大阪市北区大淀中3-12-8","おおよどちいきしゅうかいじょ","会館・ホール","地域集会施設","","","","","","","","135.484830000001","34.7055700000004","地域集会施設"
"豊崎地域集会所","大阪市北区豊崎4-7-1","とよさきちいきしゅうかいじょ","会館・ホール","地域集会施設","","","","","","","","135.5015419","34.7122581100004","地域集会施設"
"本庄地域集会所","大阪市北区本庄東2-4-39","ほんじょうちいきしゅうかいじょ","会館・ホール","地域集会施設","","","","","","","","135.5100062","34.7133325300003","地域集会施設"
"菅北集会所","大阪市北区池田町1-50","かんぼくしゅうかいじょ","会館・ホール","地域集会施設","","","","","","","","135.5149154","34.7081612900003","地域集会施設"
"中津老人憩の家","大阪市北区中津3-4-37","なかつろうじんいこいのいえ","会館・ホール","地域集会施設","","","","","","","","135.4935057","34.7105018200004","地域集会施設"
"豊仁福祉老人憩の家","大阪市北区長柄中3-4-2","ほうじんふくしろうじんいこいのいえ","会館・ホール","地域集会施設","","","","","","","","135.5141713","34.7163773000003","地域集会施設"
"本庄福祉老人憩の家","大阪市北区本庄東2-4-39","ほんじょうふくしろうじんいこいのいえ","会館・ホール","地域集会施設","","","","","","","","135.5097909","34.7131830400003","地域集会施設"
"此花区子供会育成連合協議会集会所","大阪市此花区西九条6-1-34","このはなくこどもかいいくせいれんごうきょうぎかいしゅうかいじょ","会館・ホール","地域集会施設","","","","","","","","135.463557200001","34.6831936600005","地域集会施設"
"春日出中憩の家","大阪市此花区春日出中1-26-4","かすがでなかろうじんいこいのいえ","会館・ホール","地域集会施設","","","","","","","","135.451532600001","34.6813289300005","地域集会施設"
"桃園地域集会所","大阪市中央区谷町6-5-30","とうえんちいきしゅうかいじょ","会館・ホール","地域集会施設","06-6762-5599","","","","","","","135.51528","34.6749820800003","地域集会施設"
"桃谷地域集会所","大阪市中央区上本町西2-5-25","ももだにちいきしゅうかいじょ","会館・ホール","地域集会施設","06-4304-2266","","","","","","","135.51875","34.6739156800003","地域集会施設"
"中大江地域集会所","大阪市中央区糸屋町2-2-16","なかおおえしゅうかいじょ","会館・ホール","地域集会施設","06-6910-7986","","","","","","","135.51319","34.6854303900003","地域集会施設"
"中大江地域集会所（もと中大江老人憩の家）","大阪市中央区糸屋町2-2-16","なかおおえろうじんいこいのいえ","会館・ホール","地域集会施設","06-6910-7986","","","","","","","135.51389","34.6854211800003","地域集会施設"
"南大江地域集会所（もと南大江老人憩の家）","大阪市中央区農人橋1-4-21","みなみおおえろうじんいこいのいえ","会館・ホール","地域集会施設","06-6949-5670","","","","","","","135.51458","34.6806886600003","地域集会施設"
"本田老人憩の家","大阪市西区本田3-5-14","ほんでんろうじんいこいのいえ","会館・ホール","地域集会施設","","","","","","","","135.474936900001","34.6778293400004","地域集会施設"
"味原集会所","大阪市天王寺区味原町9-5","あじはらしゅうかいじょ","会館・ホール","地域集会施設","","","","","","","","135.5282364","34.6676540100003","地域集会施設"
"難波地域集会所","大阪市浪速区難波中1-14-15","なんばちいきしゅうかいじょ","会館・ホール","地域集会施設","","","","","","","","135.4993319","34.6631356700004","地域集会施設"
"塩草連合集会所","大阪市浪速区塩草1-4-3","しおくされんごうしゅうかいじょ","会館・ホール","地域集会施設","","","","","","","","135.491057200001","34.6612061600004","地域集会施設"
"塩草連合西集会所","大阪市浪速区塩草3-11-14","しおくされんごうにししゅうかいじょ","会館・ホール","地域集会施設","","","","","","","","135.489610000001","34.6602700000004","地域集会施設"
"鴎町公園集会所","大阪市浪速区敷津西1-7-12","かもめちょうこうえんしゅうかいじょ","会館・ホール","地域集会施設","","","","","","","","135.494913900001","34.6590831100004","地域集会施設"
"勘助町会館","大阪市浪速区敷津西1-8-15","かんすけちょうかいかん","会館・ホール","地域集会施設","","","","","","","","135.4944448","34.6588020000004","地域集会施設"
"恵美会館","大阪市浪速区恵美須西2-13-30","えみかいかん","会館・ホール","地域集会施設","","","","","","","","135.5014839","34.6532476300004","地域集会施設"
"元町一丁目北振興町集会所","大阪市浪速区元町1-6-27","もとまちいちちょうめきたしんこうまちしゅうかいじょ","会館・ホール","地域集会施設","","","","","","","","135.4964748","34.6652109300004","地域集会施設"
"新世界会館","大阪市浪速区恵美須東1-18-13","しんせかいかいかん","会館・ホール","地域集会施設","","","","","","","","135.5061583","34.6525661200003","地域集会施設"
"大国集会所","大阪市浪速区大国3-10-22","たいこくしゅうかいじょ","会館・ホール","地域集会施設","","","","","","","","135.493900000001","34.6538500000004","地域集会施設"
"日東雲井橋会館","大阪市浪速区下寺2-7-13","にっとうくもいばしかいかん","会館・ホール","地域集会施設","","","","","","","","135.50932","34.6586600000003","地域集会施設"
"日本橋連合会館","大阪市浪速区日本橋西1-8-18","にっぽんばしれんごうかいかん","会館・ホール","地域集会施設","","","","","","","","135.5029608","34.6587557600003","地域集会施設"
"敷津連合会館","大阪市浪速区敷津西1-8-28","しきつれんごうかいかん","会館・ホール","地域集会施設","","","","","","","","135.4948786","34.6587639900004","地域集会施設"
"立葉連合集会所","大阪市浪速区桜川4-13-10","たてばれんごうしゅうかいじょ","会館・ホール","地域集会施設","","","","","","","","135.483723100001","34.6653688000004","地域集会施設"
"難波元町西会館","大阪市浪速区元町2-14-23","なんばもとまちにしかいかん","会館・ホール","地域集会施設","","","","","","","","135.494006500001","34.6615613600004","地域集会施設"
"恵美老人憩の家","大阪市浪速区恵美須西2-13-30","えみろうじんいこいのいえ","会館・ホール","地域集会施設","","","","","","","","135.5016287","34.6532084100004","地域集会施設"
"幸町会館","大阪市浪速区幸町3-1-25","さいわいちょうかいかん","会館・ホール","地域集会施設","","","","","","","","135.483869000001","34.6692631400004","地域集会施設"
"高岸公園老人憩の家","大阪市浪速区敷津東3-9-37","たかぎしこうえんろうじんいこいのいえ","会館・ホール","地域集会施設","","","","","","","","135.4992059","34.6561383300004","地域集会施設"
"戎本町コミュニティプラザ","大阪市浪速区戎本町1-8-33","えびすほんまちろうじんいこいのいえ","会館・ホール","地域集会施設","","","","","","","","135.4992253","34.6544357200004","地域集会施設"
"難波老人憩の家","大阪市浪速区難波中1-14-15","なんばろうじんいこいのいえ","会館・ホール","地域集会施設","","","","","","","","135.4994927","34.6631467600004","地域集会施設"
"日東老人憩の家","大阪市浪速区下寺2-2-12","にっとうろうじんいこいのいえ","会館・ホール","地域集会施設","","","","","","","","135.5100556","34.6599075400003","地域集会施設"
"日本橋連合老人憩の家","大阪市浪速区日本橋西1-8-18","にっぽんばしれんごうろうじんいこいのいえ","会館・ホール","地域集会施設","","","","","","","","135.5031312","34.6587593200004","地域集会施設"
"敷津老人憩の家","大阪市浪速区敷津西1-8-28","しきつろうじんいこいのいえ","会館・ホール","地域集会施設","","","","","","","","135.495084500001","34.6587648400004","地域集会施設"
"立葉地区老人会館憩の家","大阪市浪速区立葉2-4-20","たてばちくろうじんかいかんいこいのいえ","会館・ホール","地域集会施設","","","","","","","","135.484487300001","34.6641635300004","地域集会施設"
"塩草連合稲荷会館老人憩の家","大阪市浪速区稲荷1-5-15","しおくされんごういなりかいかんろうじんいこいのいえ","会館・ホール","地域集会施設","","","","","","","","135.492368100001","34.6639205800004","地域集会施設"
"塩草連合老人憩の家","大阪市浪速区塩草1-4-3","しおくされんごうろうじんいこいのいえ","会館・ホール","地域集会施設","","","","","","","","135.491266300001","34.6611539500004","地域集会施設"
"大和田老人憩の家","大阪市西淀川区大和田4-6-14","おおわだろうじんいこいのいえ","会館・ホール","地域集会施設","06-6478-9734(西淀川区役所)","","","","","","","135.445103100001","34.7069681600006","地域集会施設"
"野里老人憩の家","大阪市西淀川区野里2-3-11","のざとろうじんいこいのいえ","会館・ホール","地域集会施設","06-6478-9734(西淀川区役所)","","","","","","","135.459896500001","34.7085232200005","地域集会施設"
"西三国社会福祉会館老人憩の家","大阪市淀川区西三国1-21-1","にしみくにしゃかいふくしかいかんろうじんいこいのいえ","会館・ホール","地域集会施設","","","","","","","","135.492479000001","34.7437905100004","地域集会施設"
"東三国福祉会館老人憩の家","大阪市淀川区東三国6-12-11","ひがしみくにふくしかいかんろうじんいこいのいえ","会館・ホール","地域集会施設","","","","","","","","135.494771500001","34.7440809100004","地域集会施設"
"大桐地域福祉会館","大阪市東淀川区大桐3-8-18","だいどうちいきふくしかいかん","会館・ホール","地域集会施設","","","","","","","","135.5460208","34.7473485900003","地域集会施設"
"もと淡路福祉会館","大阪市東淀川区淡路4-23-6","もとあわじふくしかいかん","会館・ホール","地域集会施設","","","","","","","","135.5140871","34.7414892400003","地域集会施設"
"豊新福祉会館","大阪市東淀川区豊新2-11-22","ほうしんふくしかいかん","会館・ホール","地域集会施設","","","","","","","","135.52837","34.7415100000003","地域集会施設"
"新庄会館","大阪市東淀川区上新庄2-24-26","しんじょうかいかん","会館・ホール","地域集会施設","","","","","","","","135.5333704","34.7475942200003","地域集会施設"
"菅東集会所","大阪市東淀川区菅原2-2-40","すがひがししゅうかいしょ","会館・ホール","地域集会施設","","","","","","","","135.5296","34.7385000000003","地域集会施設"
"豊里西会館","大阪市東淀川区豊里1-9-5","とよさとにしかいかん","会館・ホール","地域集会施設","","","","","","","","135.53471","34.7394200000003","地域集会施設"
"和合会館","大阪市東淀川区菅原3-2-2","わごうかいかん","会館・ホール","地域集会施設","","","","","","","","135.5253","34.7382700000003","地域集会施設"
"東淡路集会所","大阪市東淀川区東淡路3-26-7","ひがしあわじしゅうかいじょ","会館・ホール","地域集会施設","","","","","","","","135.5200187","34.7359929200003","地域集会施設"
"北巽集会所","大阪市生野区巽北2-4-16","きたたつみしゅうかいじょ（きたたつみかいかん・ろうじんいこいのいえ）","会館・ホール","地域集会施設","06-6757-6966","","","","","","","135.5485462","34.6539393700003","地域集会施設"
"林寺集会所","大阪市生野区林寺2-16-3","はやしでらしゅうかいじょ（はやしでらかいかん・ろうじんいこいのいえ）","会館・ホール","地域集会施設","06-6712-8640","","","","","","","135.5312","34.6448000000003","地域集会施設"
"新森中央公園集会所（新森会館）","大阪市旭区新森4-22-32","しんもりちゅうおうこうえんしゅうかいじょ（しんもりかいかん）","会館・ホール","地域集会施設","","","","","","","","135.5561919","34.7180322600002","地域集会施設"
"新森老人憩の家（新森会館）","大阪市旭区新森4-22-32","しんもりろうじんいこいのいえ（しんもりかいかん）","会館・ホール","地域集会施設","","","","","","","","135.5564139","34.7178744200002","地域集会施設"
"関目地域第2集会所","大阪市城東区関目3-14-16","せきめちいきだい２しゅうかいじょ","会館・ホール","地域集会施設","","","","","","","","135.5495203","34.7107715100002","地域集会施設"
"関目憩の家","大阪市城東区関目6-11-3","せきめいこいのいえ","会館・ホール","地域集会施設","06-6935-8686","","","","","","","135.551712","34.7133164100002","地域集会施設"
"鴫野憩の家","大阪市城東区鴫野西5-17-21","しぎのいこいのいえ","会館・ホール","地域集会施設","","","","","","","","135.54286","34.6903400000003","地域集会施設"
"城東憩の家","大阪市城東区鴫野東3-13-7","じょうとういこいのいえ","会館・ホール","地域集会施設","06-6968-0294","","","","","","","135.5474536","34.6903161000002","地域集会施設"
"成育憩の家","大阪市城東区成育1-6-19","せいいくいこいのいえ","会館・ホール","地域集会施設","06-6930-0256","","","","","","","135.545475","34.7057567700002","地域集会施設"
"中浜憩の家","大阪市城東区中浜2-6-8","なかはまいこいのいえ","会館・ホール","地域集会施設","06-6969-8485","","","","","","","135.54276","34.6856100000003","地域集会施設"
"東中浜老人憩の家","大阪市城東区東中浜5-3-30","ひがしなかはまろうじんいこいのいえ","会館・ホール","地域集会施設","","","","","","","","135.5490011","34.6846967400002","地域集会施設"
"放出憩の家","大阪市城東区放出西3-13-1","はなてんいこいのいえ","会館・ホール","地域集会施設","06-6968-7711","","","","","","","135.5571291","34.6894442900002","地域集会施設"
"鯰江老人憩の家","大阪市城東区今福西6-5-30","なまずえろうじんいこいのいえ","会館・ホール","地域集会施設","","","","","","","","135.55208","34.7037176600002","地域集会施設"
"加賀屋北会館","大阪市住之江区北加賀屋5-6-46","かがやきたかいかん","会館・ホール","地域集会施設","","","","","","","","135.472919500001","34.6218566700004","地域集会施設"
"北島会館","大阪市住之江区北島3-17-11","きたじまかいかん","会館・ホール","地域集会施設","","","","","","","","135.478815800001","34.6001232100004","地域集会施設"
"加賀屋北老人憩の家","大阪市住之江区北加賀屋5-6-46","かがやきたろうじんいこいのいえ","会館・ホール","地域集会施設","","","","","","","","135.472958400001","34.6216462100004","地域集会施設"
"北島会館老人憩の家","大阪市住之江区北島3-17-11","きたじまかいかんろうじんいこいのいえ","会館・ホール","地域集会施設","","","","","","","","135.479300300001","34.6001674800004","地域集会施設"
"清水丘会館","大阪市住吉区清水丘1-21-15","しみずがおかかいかん","会館・ホール","地域集会施設","","","","","","","","135.491278500001","34.6044470500004","地域集会施設"
"白鷺会館","大阪市東住吉区今川6-8-37","しらさぎかいかん","会館・ホール","地域集会施設","","","","","","","","135.541","34.6265000000003","地域集会施設"
"矢田中会館","大阪市東住吉区矢田4-10-6","やたなかかいかん","会館・ホール","地域集会施設","","","","","","","","135.5315","34.6036000000003","地域集会施設"
"桑津老人憩の家","大阪市東住吉区桑津5-14-21","くわづろうじんいこいのいえ","会館・ホール","地域集会施設","","","","","","","","135.5313","34.6359000000003","地域集会施設"
"北田辺老人憩の家","大阪市東住吉区北田辺1-8-4","きたたなべろうじんいこいのいえ","会館・ホール","地域集会施設","","","","","","","","135.5242","34.6366000000003","地域集会施設"
"矢田中老人憩の家","大阪市東住吉区矢田4-10-6","やたなかろうじんいこいのいえ","会館・ホール","地域集会施設","","","","","","","","135.5315","34.6036000000003","地域集会施設"
"出戸会館","大阪市平野区長吉出戸6-8-17","でとかいかん","会館・ホール","地域集会施設","","","","","","","","135.5718423","34.6105301000002","地域集会施設"
"橘会館","大阪市平野区加美鞍作1-2-31","たちばなかいかん","会館・ホール","地域集会施設","","","","","","","","135.564353","34.6266619600002","地域集会施設"
"千本会館老人憩の家","大阪市西成区千本南2-11-21","せんぼんかいかんろうじんいこいのいえ","会館・ホール","地域集会施設","06-6661-1411","","","","","","","135.488190000001","34.6308452600004","地域集会施設"
"北津守わかくさ公園老人憩の家","大阪市西成区北津守4-12-10","きたつもりわかくさこうえんろうじんいこいのいえ","会館・ホール","地域集会施設","06-6568-7150","","","","","","","135.480560000001","34.6486275200004","地域集会施設"
"東淀工場付帯施設（エコホール江口）","大阪市東淀川区南江口3-4-53","ひがしよどこうじょうふたいしせつ（えこほーるえぐち）","会館・ホール","地域集会施設","","","","","","","","135.55289","34.7563600000002","地域集会施設"
"森ノ宮ピロティホール","大阪市中央区森之宮中央1-17-5","もりのみやぴろてぃほーる","会館・ホール","その他施設","","","","","","","","135.5320856","34.6806294000003","その他施設"
"豊里郷土史料館（豊里工区）","大阪市東淀川区豊里5-14-14","とよさときょうどしりょうかん（とよさとこうく）","会館・ホール","その他施設","","","","","","","","135.5419335","34.7414828000002","その他施設"
"井高野福祉会館老人憩の家","大阪市東淀川区北江口2-4-8","いだかのふくしかいかんろうじんいこいのいえ","会館・ホール","地域集会施設","","","","","","","","135.5448627","34.7597860400002","地域集会施設"
"大隅東老人憩の家","大阪市東淀川区瑞光4-5-5","おおすみひがしろうじんいこいのいえ","会館・ホール","地域集会施設","","","","","","","","135.5493387","34.7525945600002","地域集会施設"
"堂島・中之島老人憩の家","大阪市北区堂島2-2-26","どうじま・なかのしまろうじんいこいのいえ","会館・ホール","地域集会施設","","","","","","","","135.494397000001","34.6971316600004","地域集会施設"
"堀川老人憩の家","大阪市北区同心2-8-7","ほりかわろうじんいこいのいえ","会館・ホール","地域集会施設","","","","","","","","135.5136838","34.7034599500003","地域集会施設"
"九条東老人憩の家","大阪市西区九条1-11-19","くじょうひがしろうじんいこいのいえ","会館・ホール","地域集会施設","","","","","","","","135.476900000001","34.6748900000004","地域集会施設"
"日吉老人憩の家","大阪市西区南堀江4-22-8","ひよしろうじんいこいのいえ","会館・ホール","地域集会施設","","","","","","","","135.482883900001","34.6725891500004","地域集会施設"
"南市岡老人憩の家","大阪市港区南市岡2-7-18","みなみいちおかろうじんいこいのいえ","会館・ホール","地域集会施設","","","","","","","","135.468545900001","34.6661766800005","地域集会施設"
"南津守会館老人憩の家","大阪市西成区南津守6-3-69","みなみつもりかいかんろうじんいこいのいえ","会館・ホール","地域集会施設","06-6658-2944","","","","","","","135.484720000001","34.6273588600004","地域集会施設"
"遠里小野会館","大阪市住吉区遠里小野1丁目11番28号","おりおのかいかん","会館・ホール","地域集会施設","6694-4854","","","","","","","135.4983571","34.6005408500004","地域集会施設"
"南住吉悠翔会館","大阪市住吉区南住吉3丁目5番31号","みなみすみよしゆうしょうかいかん","会館・ホール","地域集会施設","7896-9370","","","","","","","135.5028804","34.6034331900004","地域集会施設"
"我孫子町会館","大阪市住吉区我孫子4丁目3番1号","あびこちょうかいかん","会館・ホール","地域集会施設","","","","","","","","135.5099412","34.5987503700003","地域集会施設"
"庭井会館","大阪市住吉区庭井1丁目13番31号","にわいかいかん","会館・ホール","地域集会施設","6699-7134","","","","","","","135.5191914","34.5967928700003","地域集会施設"
"三日路老人憩の家","大阪市西成区天下茶屋北2丁目8番11号","みっかじろうじんいこいのいえ","会館・ホール","地域集会施設","","","","","","","","135.4993031","34.6432587900004","地域集会施設"
"たちばな会館","大阪市平野区加美鞍作1-2-31","たちばなかいかん","会館・ホール","地域集会施設","","","","","","","","135.5643806","34.6263495300002","地域集会施設"
"曽根崎コミュニティセンター","大阪市北区曽根崎２丁目15番１号","そねざきこみゅにてぃせんたー","会館・ホール","地域集会施設","","","","","","","","135.50069","34.7013608400004","地域集会施設"
"船場浪華会館","大阪市中央区北久宝寺町1-6-9","せんばなにわかいかん","会館・ホール","地域集会施設","06-6210-2771","","","","","","","135.5078483","34.6801181000003","地域集会施設"
"淡路福祉会館","大阪市東淀川区淡路5-4-12","あわじふくしかいかん","会館・ホール","地域集会施設","","","","","","","","135.517545","34.7415528800003","地域集会施設"
"中本憩の家","大阪市東成区中本4-5-8","なかもといこいのいえ","会館・ホール","地域集会施設","06-6977-1906","","","","","","","135.5397784","34.6762276800003","地域集会施設"
"片江憩の家","大阪市東成区大今里南5-1-8","かたえいこいのいえ","会館・ホール","地域集会施設","06-6977-1910","","","","","","","135.553624","34.6678077300002","地域集会施設"
"愛日会館","大阪市中央区本町4-7-11","あいじつかいかん","会館・ホール","地域集会施設","06-6264-4103","","","","","","","135.4982278","34.6846061000004","地域集会施設"
"御津会館","大阪市中央区西心斎橋2-9-15","みつかいかん","会館・ホール","地域集会施設","06-6212-7352","","","","","","","135.4986544","34.6706468300004","地域集会施設"
"南船場会館","大阪市中央区南船場3-7-12","みなみせんばかいかん","会館・ホール","地域集会施設","06-6241-1008","","","","","","","135.5019486","34.6768761800004","地域集会施設"
"大宝連合会館","大阪市中央区東心斎橋1-14-15","だいほうれんごうかいかん","会館・ホール","地域集会施設","06-6253-1545","","","","","","","135.5035392","34.6728174500003","地域集会施設"
"河原会館","大阪市中央区難波千日前5-25","かわはらかいかん","会館・ホール","地域集会施設","06-6641-7715","","","","","","","135.5046227","34.6640353500003","地域集会施設"
"道仁連合会館","大阪市中央区島之内2-12-19","どうにんれんごうかいかん","会館・ホール","地域集会施設","06-6211-7310","","","","","","","135.5075141","34.6713439000003","地域集会施設"
"高津連合会館","大阪市中央区高津3-3-9","こうづれんごうかいかん","会館・ホール","地域集会施設","06-6643-4402","","","","","","","135.5102152","34.6653832800003","地域集会施設"
"金甌会館","大阪市中央区高津1-1-61","きんおうかいかん","会館・ホール","地域集会施設","06-6761-4450","","","","","","","135.5142251","34.6695041400003","地域集会施設"
"東平会館","大阪市中央区上本町西5-1-38","とうへいかいかん","会館・ホール","地域集会施設","06-6762-4588","","","","","","","135.5191576","34.6691158900003","地域集会施設"
"たまつくり会館","大阪市玉造1-11-13","たまつくりかいかん","会館・ホール","地域集会施設","06-6764-4425","","","","","","","135.5316995","34.6757512200003","地域集会施設"
"波除会館","大阪市港区波除4-3-4","ないよけかいかん","会館・ホール","地域集会施設","06-6583-8800","","","","","","","135.463431900001","34.6729056800005","地域集会施設"
