公園番号,公園名称,ｶﾅ公園名称,公園種別,所在地,所管名,支所名,校区名,開設面積（ha）
400-001,大浜公園,ｵｵﾊﾏｺｳｴﾝ,総合,堺区大浜北町４丁７７－１,大浜,堺,市,16.30
400-002,三宝公園,ｻﾝﾎﾞｳｺｳｴﾝ,地区,堺区山本町４丁８６,大浜,堺,三宝,3.17
400-003,錦西公園,ｷﾝｻｲｺｳｴﾝ,近隣,堺区綾之町西１丁３２,大浜,堺,錦西,0.17
400-004,浅香山公園,ｱｻｶﾔﾏｺｳｴﾝ,近隣,堺区浅香山町２丁３６－１,大浜,堺,浅香山,1.66
400-005,ザビエル公園,ｻﾞﾋﾞｴﾙｺｳｴﾝ,近隣,堺区櫛屋町西１丁１,大浜,堺,市,1.47
400-006,土居川公園,ﾄﾞｲｶﾞﾜｺｳｴﾝ,緩衝緑地,堺区北半町東１－１,大浜,堺,錦,6.43
400-007,三国ヶ丘公園,ﾐｸﾆｶﾞｵｶｺｳｴﾝ,街区,堺区北三国ヶ丘町４丁１４５,大浜,堺,三国丘,0.37
400-008,金岡公園,ｶﾅｵｶｺｳｴﾝ,運動,北区長曽根町１１７９－１８,大浜,北,新金岡,17.71
400-009,東浅香山公園,ﾋｶﾞｼｱｻｶﾔﾏｺｳｴﾝ,街区,北区東浅香山町２丁２３２,大浜,北,東浅香山,0.12
400-010,第二東浅香山公園,ﾀﾞｲ2ﾋｶﾞｼｱｻｶﾔﾏｺｳｴﾝ,街区,北区東浅香山町２丁６９,大浜,北,東浅香山,0.08
400-011,東初芝公園,ﾋｶﾞｼﾊﾂｼﾊﾞｺｳｴﾝ,街区,東区日置荘北町１丁７０－１８８,原池,東,日置荘,0.30
400-012,第二東初芝公園,ﾀﾞｲ2ﾋｶﾞｼﾊﾂｼﾊﾞｺｳｴﾝ,街区,東区日置荘北町１丁７０－２４４,原池,東,日置荘,0.14
400-013,第三東初芝公園,ﾀﾞｲ3ﾋｶﾞｼﾊﾂｼﾊﾞｺｳｴﾝ,街区,東区日置荘北町１丁７０－２４,原池,東,日置荘,0.15
400-014,宮本町公園,ﾐﾔﾓﾄﾁｮｳｺｳｴﾝ,街区,西区津久野町３丁２０９３－１,大浜,西,津久野,0.08
400-015,北浜公園,ｷﾀﾊﾏｺｳｴﾝ,街区,西区浜寺元町３丁２３８,大浜,西,浜寺昭和,0.21
400-016,新在家町公園,ｼﾝｻﾞｲｹﾁｮｳｺｳｴﾝ,街区,堺区新在家町東１丁２２,大浜,堺,少林寺,0.20
400-017,大浜中町公園,ｵｵﾊﾏﾅｶﾏﾁｺｳｴﾝ,街区,堺区大浜中町２丁１０９,大浜,堺,英彰,0.15
400-018,中之町公園,ﾅｶﾉﾁｮｳｺｳｴﾝ,街区,堺区中之町西２丁４６,大浜,堺,英彰,0.20
400-019,宿院町公園,ｼｭｸｲﾝﾁｮｳｺｳｴﾝ,街区,堺区宿院町東２丁２０,大浜,堺,熊野,0.24
400-020,甲斐町公園,ｶｲﾉﾁｮｳｺｳｴﾝ,街区,堺区甲斐町西２丁２６,大浜,堺,市,0.17
400-021,瓦町公園,ｶﾜﾗﾏﾁｺｳｴﾝ,街区,堺区北瓦町１丁１２３,大浜,堺,熊野,0.21
400-022,材木町公園,ｻﾞｲﾓｸﾁｮｳｺｳｴﾝ,街区,堺区材木町東２丁３６,大浜,堺,錦,0.21
400-023,宿屋浜公園,ｼｭｸﾔﾊﾏｺｳｴﾝ,街区,堺区宿屋町西２丁３０,大浜,堺,錦西,0.19
400-025,大浜北公園,ｵｵﾊﾏｷﾀｺｳｴﾝ,近隣,堺区北波止町４０,大浜,堺,市,1.97
400-026,大和川公園,ﾔﾏﾄｶﾞﾜｺｳｴﾝ,近隣,堺区香ヶ丘町５丁２２－３,大浜,堺,浅香山,0.78
400-027,石津川公園,ｲｼﾂﾞｶﾞﾜｺｳｴﾝ,街区,堺区石津町３丁１２５３－６,大浜,堺,神石,0.30
400-028,毛穴公園,ｹﾅｺｳｴﾝ,幼児,中区毛穴町４９３－１,原池,中,八田荘,0.08
400-029,原寺公園,ﾊﾗﾃﾞﾗｺｳｴﾝ,幼児,東区日置荘原寺町２１４－１,原池,東,日置荘,0.06
400-030,前ヶ池公園,ﾏｴｶﾞｲｹｺｳｴﾝ,街区,東区日置荘西町３丁１１０８－６,原池,東,日置荘,0.33
400-031,神野公園,ｺｳﾉｺｳｴﾝ,近隣,西区神野町３丁６－３,大浜,西,家原寺,1.70
400-032,津久野公園,ﾂｸﾉｺｳｴﾝ,街区,西区津久野町２丁６－１０,大浜,西,津久野,0.27
400-033,堀上公園,ﾎﾘｱｹﾞｺｳｴﾝ,街区,西区堀上緑町２丁２０,大浜,西,平岡,0.60
400-034,平岡公園,ﾋﾗｵｶｺｳｴﾝ,街区,西区平岡町２８３,大浜,西,平岡,0.37
400-035,八田寺公園,ﾊﾝﾀﾞｲｼﾞｺｳｴﾝ,街区,西区堀上緑町３丁４０－４,大浜,西,平岡,0.90
400-037,中三国ヶ丘公園,ﾅｶﾐｸﾆｶﾞｵｶｺｳｴﾝ,幼児,堺区中三国ヶ丘町７丁２０１,大浜,堺,三国丘,0.08
400-038,梅北公園,ｳﾒｷﾀｺｳｴﾝ,街区,北区百舌鳥梅北町３丁１２５－１７７,大浜,北,百舌鳥,0.09
400-039,大仙公園,ﾀﾞｲｾﾝｺｳｴﾝ,総合,堺区百舌鳥夕雲町２丁１４２－１,大仙,堺,大仙,38.75
400-040,向泉寺公園,ｺｳｾﾝｼﾞｺｳｴﾝ,街区,堺区榎元町３丁１６０－３,大浜,堺,榎,0.53
400-042,原寺第二公園,ﾊﾗﾃﾞﾗﾀﾞｲ2ｺｳｴﾝ,広場,東区日置荘原寺町１６５－３１,原池,東,日置荘,0.03
400-043,鳳前池公園,ｵｵﾄﾘﾏｴｲｹｺｳｴﾝ,街区,西区鳳東町５丁４２９－２,大浜,西,鳳,0.21
400-044,向陵第二公園,ｺｳﾘｮｳﾀﾞｲ2ｺｳｴﾝ,街区,堺区向陵東町３丁２０８,大浜,堺,榎,0.13
400-045,日置荘北町公園,ﾋｷｼｮｳｷﾀﾏﾁｺｳｴﾝ,街区,東区日置荘北町３丁２２－７,原池,東,日置荘,0.13
400-046,常磐西公園,ﾄｷﾜﾆｼｺｳｴﾝ,街区,北区常磐町３丁６－２,大浜,北,五箇荘東,0.28
400-047,わんわん公園,ﾜﾝﾜﾝｺｳｴﾝ,街区,北区新金岡町１丁７－２,大浜,北,新金岡東,0.20
400-048,ぶうちゃん公園,ﾌﾞｳﾁｬﾝｺｳｴﾝ,街区,北区新金岡町１丁３－１４,大浜,北,新金岡,0.21
400-050,石津公園,ｲｼﾂﾞｺｳｴﾝ,街区,堺区石津町１丁６０２－６,大浜,堺,神石,0.52
400-051,常磐東公園,ﾄｷﾜﾋｶﾞｼｺｳｴﾝ,街区,北区常磐町３丁２２－１,大浜,北,五箇荘東,0.16
400-052,東陶器公園,ﾋｶﾞｼﾄｳｷｺｳｴﾝ,街区,中区陶器北６６１－１,原池,中,東陶器,0.38
400-053,土師公園,ﾊｾﾞｺｳｴﾝ,街区,中区土師町２丁１０７１,原池,中,土師,0.16
400-056,いたすけ公園,ｲﾀｽｹｺｳｴﾝ,近隣,北区百舌鳥本町３丁１０,大浜,北,西百舌鳥,0.35
400-057,古城公園,ﾌﾙｼﾛｺｳｴﾝ,街区,西区津久野町１丁１６６,大浜,西,家原寺,0.25
400-058,城の山公園,ｼﾛﾉﾔﾏｺｳｴﾝ,街区,北区百舌鳥梅町１丁２３,大浜,北,百舌鳥,0.42
400-059,鳳中町第二公園,ｵｵﾄﾘﾅｶﾏﾁﾀﾞｲ2ｺｳｴﾝ,街区,西区鳳中町９丁１１,大浜,西,鳳,0.15
400-060,田の池公園,ﾀﾉｲｹｺｳｴﾝ,街区,中区毛穴町３７８－６,原池,中,八田荘,0.16
400-061,大浜南町公園,ｵｵﾊﾏﾐﾅﾐﾏﾁｺｳｴﾝ,街区,堺区大浜南町３丁１１－３６,大浜,堺,英彰,0.18
400-062,並松公園,ﾅﾐﾏﾂｺｳｴﾝ,街区,堺区七道東町１２６－２,大浜,堺,錦西,0.14
400-063,大美野の里公園,ｵｵﾐﾉﾉｻﾄｺｳｴﾝ,幼児,東区中茶屋１－８,原池,東,登美丘西,0.04
400-065,浜寺石津東公園,ﾊﾏﾃﾞﾗｲｼﾂﾞﾋｶﾞｼｺｳｴﾝ,街区,西区浜寺石津町東４丁２８８－１,大浜,西,浜寺石津,0.12
400-066,浜寺石津西公園,ﾊﾏﾃﾞﾗｲｼﾂﾞﾆｼｺｳｴﾝ,街区,西区浜寺石津町西４丁１９７－３１,大浜,西,浜寺石津,0.29
400-067,南三国ヶ丘公園,ﾐﾅﾐﾐｸﾆｶﾞｵｶｺｳｴﾝ,街区,堺区南三国ヶ丘町４丁１５１－５,大浜,堺,三国丘,0.10
400-068,豊田公園,ﾄﾖﾀﾞｺｳｴﾝ,幼児,南区豊田１２７１,泉ヶ丘,南,上神谷,0.09
400-069,釜室公園,ｶﾏﾑﾛｺｳｴﾝ,幼児,南区釜室６８５－１,泉ヶ丘,南,上神谷,0.06
400-070,八田荘公園,ﾊｯﾀｼｮｳｺｳｴﾝ,近隣,中区八田西町１丁２３,原池,中,八田荘西,1.49
400-071,新金岡公園,ｼﾝｶﾅｵｶｺｳｴﾝ,近隣,北区新金岡町１丁６,大浜,北,新金岡,2.27
400-072,光竜寺公園,ｺｳﾘｭｳｼﾞｺｳｴﾝ,近隣,北区新金岡町３丁４－３,大浜,北,光竜寺,1.69
400-073,金岡東公園,ｶﾅｵｶﾋｶﾞｼｺｳｴﾝ,近隣,北区新金岡町４丁５－１,大浜,北,大泉,1.42
400-074,ぞうさん公園,ｿﾞｳｻﾝｺｳｴﾝ,街区,北区新金岡町２丁３－１,大浜,北,新金岡,0.20
400-075,もうもう公園,ﾓｳﾓｳｺｳｴﾝ,街区,北区新金岡町２丁６－１,大浜,北,新金岡,0.11
400-076,とら公園,ﾄﾗｺｳｴﾝ,街区,北区新金岡町３丁２－１,大浜,北,光竜寺,0.18
400-077,うさぎ公園,ｳｻｷﾞｺｳｴﾝ,街区,北区新金岡町３丁８－１,大浜,北,光竜寺,0.20
400-078,おうま公園,ｵｳﾏｺｳｴﾝ,街区,北区新金岡町３丁１－１,大浜,北,新金岡東,0.17
400-079,ひつじ公園,ﾋﾂｼﾞｺｳｴﾝ,街区,北区新金岡町４丁６－５,大浜,北,大泉,0.16
400-080,おさる公園,ｵｻﾙｺｳｴﾝ,街区,北区新金岡町４丁３－１,大浜,北,新金岡東,0.21
400-081,きりん公園,ｷﾘﾝｺｳｴﾝ,街区,北区新金岡町５丁８－１,大浜,北,大泉,0.15
400-082,鳳西町第二公園,ｵｵﾄﾘﾆｼﾏﾁﾀﾞｲ2ｺｳｴﾝ,街区,西区鳳西町２丁３０,大浜,西,鳳南,0.23
400-083,万崎北公園,ﾏﾝｻﾞｷｷﾀｺｳｴﾝ,街区,西区草部１０１８,大浜,西,福泉東,0.17
400-084,新家町公園,ｼﾝｹﾁｮｳｺｳｴﾝ,街区,中区新家町６４０－１,原池,中,東百舌鳥,0.15
400-085,野尻町けいとう公園,ﾉｼﾞﾘﾁｮｳｹｲﾄｳｺｳｴﾝ,幼児,東区野尻町３０７－５８,原池,東,白鷺,0.04
400-086,鶴道あかしや公園,ﾂﾙﾐﾁｱｶｼﾔｺｳｴﾝ,広場,東区草尾３５３－６８,原池,東,登美丘南,0.01
400-087,宮下町あさがお公園,ﾐﾔｼﾓﾁｮｳｱｻｶﾞｵｺｳｴﾝ,広場,西区宮下町２２０－８,大浜,西,津久野,0.01
400-088,宮下町すいせん公園,ﾐﾔｼﾓﾁｮｳｽｲｾﾝｺｳｴﾝ,広場,西区宮下町２２４－３８,大浜,西,津久野,0.02
400-089,南野田さつき公園,ﾐﾅﾐﾉﾀﾞｻﾂｷｺｳｴﾝ,広場,東区南野田５８４－２４,原池,東,野田,0.01
400-090,中茶屋かんな公園,ﾅｶﾁｬﾔｶﾝﾅｺｳｴﾝ,幼児,東区中茶屋２２－３２,原池,東,登美丘西,0.05
400-091,新家町だりあ公園,ｼﾝｹﾁｮｳﾀﾞﾘｱｺｳｴﾝ,広場,中区新家町５７９－２,原池,中,東百舌鳥,0.01
400-092,草部あざみ公園,ｸｻﾍﾞｱｻﾞﾐｺｳｴﾝ,広場,西区草部２９－８,大浜,西,福泉,0.01
400-093,南野田すいれん公園,ﾐﾅﾐﾉﾀﾞｽｲﾚﾝｺｳｴﾝ,広場,東区南野田１６４－２,原池,東,野田,0.01
400-094,鳳西町第一公園,ｵｵﾄﾘﾆｼﾏﾁﾀﾞｲ1ｺｳｴﾝ,街区,西区鳳西町３丁１４,大浜,西,鳳南,0.25
400-095,丈六公園,ｼﾞｮｳﾛｸｺｳｴﾝ,街区,東区丈六２５５－４,原池,東,登美丘東,0.12
400-096,鳳北町公園,ｵｵﾄﾘｷﾀﾏﾁｺｳｴﾝ,街区,西区鳳北町４丁２２２－７,大浜,西,鳳,0.11
400-097,北花田第二公園,ｷﾀﾊﾅﾀﾞﾀﾞｲ2ｺｳｴﾝ,街区,北区北花田町３丁２５,大浜,北,五箇荘東,0.25
400-098,日置荘西町公園,ﾋｷｼｮｳﾆｼﾏﾁｺｳｴﾝ,街区,東区日置荘西町５丁３２１－３,原池,東,日置荘西,0.09
400-099,梅町公園,ｳﾒﾏﾁｺｳｴﾝ,街区,北区百舌鳥梅町３丁２９,大浜,北,中百舌鳥,0.61
400-100,鈴の宮公園,ｽｽﾞﾉﾐﾔｺｳｴﾝ,近隣,中区八田寺町２３２－４,原池,中,八田荘,1.35
400-101,南野田しねらりあ公園,ﾐﾅﾐﾉﾀﾞｼﾈﾗﾘｱｺｳｴﾝ,幼児,東区南野田５３８－７,原池,東,野田,0.04
400-102,北野田つばき公園,ｷﾀﾉﾀﾞﾂﾊﾞｷｺｳｴﾝ,広場,東区北野田８１３－４０,原池,東,野田,0.01
400-103,北野田じにあ公園,ｷﾀﾉﾀﾞｼﾞﾆｱｺｳｴﾝ,幼児,東区北野田６１０－１９,原池,東,野田,0.03
400-104,鳳南町こぎく公園,ｵｵﾄﾘﾐﾅﾐﾏﾁｺｷﾞｸｺｳｴﾝ,広場,西区鳳南町３丁２４６－３１,大浜,西,鳳南,0.02
400-105,金岡町えびね公園,ｶﾅｵｶﾁｮｳｴﾋﾞﾈｺｳｴﾝ,広場,北区金岡町９７２－５０,大浜,北,金岡,0.03
400-107,深井北町あざみ公園,ﾌｶｲｷﾀﾏﾁｱｻﾞﾐｺｳｴﾝ,広場,中区深井北町９６２－１２,原池,中,深井西,0.02
400-108,野尻町はぎ公園,ﾉｼﾞﾘﾁｮｳﾊｷﾞｺｳｴﾝ,街区,東区野尻町７０－２０３,原池,東,白鷺,0.16
400-109,深井中町せきちく公園,ﾌｶｲﾅｶﾏﾁｾｷﾁｸｺｳｴﾝ,広場,中区深井中町８６６－５１,原池,中,深井西,0.03
400-110,王子ヶ飢公園,ｵｵｼﾞｶﾞｳｴｺｳｴﾝ,幼児,堺区北田出井町２丁５９,大浜,堺,三国丘,0.05
400-111,堀上ききょう公園,ﾎﾘｱｹﾞｷｷｮｳｺｳｴﾝ,広場,中区堀上町３３３－３,原池,中,八田荘,0.01
400-112,家原寺町おみなえし公園,ｴﾊﾞﾗｼﾞﾁｮｳｵﾐﾅｴｼｺｳｴﾝ,広場,西区家原寺町２丁３－１９,大浜,西,家原寺,0.01
400-113,鳳中町第一公園,ｵｵﾄﾘﾅｶﾏﾁﾀﾞｲ1ｺｳｴﾝ,街区,西区鳳中町７丁８,大浜,西,鳳,0.15
400-114,七道西町公園,ｼﾁﾄﾞｳﾆｼﾏﾁｺｳｴﾝ,街区,堺区七道西町１２－７,大浜,堺,錦西,0.27
400-115,七道西町すずらん公園,ｼﾁﾄﾞｳﾆｼﾏﾁｽｽﾞﾗﾝｺｳｴﾝ,広場,堺区七道西町１２－３５,大浜,堺,錦西,0.03
400-116,日置荘西町べごにあ公園,ﾋｷｼｮｳﾆｼﾏﾁﾍﾞｺﾞﾆｱｺｳｴﾝ,幼児,東区日置荘西町６丁５４７－２,原池,東,日置荘西,0.04
400-117,金岡町さるびあ公園,ｶﾅｵｶﾁｮｳｻﾙﾋﾞｱｺｳｴﾝ,幼児,北区金岡町１８２０－３,大浜,北,金岡南,0.04
400-118,小阪しょうぶ公園,ｺｻｶｼｮｳﾌﾞｺｳｴﾝ,広場,中区小阪１１５－９,原池,中,久世,0.01
400-119,福田第一公園,ﾌｸﾀﾞﾀﾞｲ1ｺｳｴﾝ,広場,中区福田１１００－６３,原池,中,福田,0.02
400-120,福田第二公園,ﾌｸﾀﾞﾀﾞｲ2ｺｳｴﾝ,幼児,中区福田２１０－９３,原池,中,東陶器,0.07
400-121,大豆塚公園,ﾏﾒﾂﾞｶｺｳｴﾝ,幼児,北区大豆塚町１丁１２－３７,大浜,北,東浅香山,0.04
400-122,長曽根辰池公園,ﾅｶﾞｿﾈﾀﾂｲｹｺｳｴﾝ,幼児,北区長曽根町１５１９－３２,大浜,北,金岡,0.04
400-123,百舌鳥西之町公園,ﾓｽﾞﾆｼﾉﾁｮｳｺｳｴﾝ,幼児,北区百舌鳥西之町２丁２５４－４７,大浜,北,百舌鳥,0.05
400-124,原山台公園,ﾊﾗﾔﾏﾀﾞｲｺｳｴﾝ,街区,南区原山台５丁４５６－１８,泉ヶ丘,南,原山台東,0.76
400-125,下田公園,ｼﾓﾀﾞｺｳｴﾝ,街区,西区宮下町２０６－３,大浜,西,津久野,0.12
400-126,石津川河川公園,ｲｼﾂﾞｶﾞﾜｶｾﾝｺｳｴﾝ,幼児,西区浜寺石津町中５丁８１４,大浜,西,浜寺石津,0.08
400-127,上野芝町公園,ｳｴﾉｼﾊﾞﾁｮｳｺｳｴﾝ,幼児,西区上野芝町４丁５５０－１,大浜,西,上野芝,0.04
400-128,高蔵寺第１公園,ﾀｶｸﾗｼﾞﾀﾞｲ1ｺｳｴﾝ,街区,南区高倉台２丁１８,泉ヶ丘,南,高倉台西,0.24
400-129,菱木ぽぷら公園,ﾋｼｷﾎﾟﾌﾟﾗｺｳｴﾝ,幼児,南区高尾３丁２２３－４５,泉ヶ丘,南,福泉中央,0.04
400-130,金岡町いちょう公園,ｶﾅｵｶﾁｮｳｲﾁｮｳｺｳｴﾝ,幼児,北区金岡町７０４－９,大浜,北,金岡,0.08
400-131,高松団地公園,ﾀｶﾏﾂﾀﾞﾝﾁｺｳｴﾝ,街区,東区丈六２７９－６,原池,東,登美丘東,0.12
400-132,東雲公園,ｼﾉﾉﾒｺｳｴﾝ,地区,堺区東雲西町１丁５８,大浜,堺,三国丘,1.25
400-133,草部はなみずき公園,ｸｻﾍﾞﾊﾅﾐｽﾞｷｺｳｴﾝ,広場,西区草部１８４－１９,大浜,西,福泉,0.01
400-134,仁山田公園,ﾆｻﾝﾀﾞｺｳｴﾝ,街区,北区百舌鳥梅町３丁５８,大浜,北,中百舌鳥,0.22
400-135,北花田第一公園,ｷﾀﾊﾅﾀﾞﾀﾞｲ1ｺｳｴﾝ,街区,北区北花田町４丁９７－２,大浜,北,五箇荘東,0.25
400-136,北花田第三公園,ｷﾀﾊﾅﾀﾞﾀﾞｲ3ｺｳｴﾝ,街区,北区北花田町４丁１１８,大浜,北,五箇荘東,0.54
400-137,八田北町すいれん公園,ﾊﾝﾀﾞｷﾀﾁｮｳｽｲﾚﾝｺｳｴﾝ,幼児,中区八田北町６１９－１２０,原池,中,八田荘,0.05
400-138,三宝町むくのき公園,ｻﾝﾎﾞｳﾁｮｳﾑｸﾉｷｺｳｴﾝ,幼児,堺区三宝町２丁１３６－３５,大浜,堺,三宝,0.04
400-139,高松ふたば公園,ﾀｶﾏﾂﾌﾀﾊﾞｺｳｴﾝ,広場,東区日置荘原寺町１４１－１,原池,東,登美丘西,0.02
400-140,菱木ゆうがお公園,ﾋｼｷﾕｳｶﾞｵｺｳｴﾝ,広場,西区山田１丁１１６５－７６,大浜,西,福泉,0.02
400-141,東浅香山町ひまわり公園,ﾋｶﾞｼｱｻｶﾔﾏﾁｮｳﾋﾏﾜﾘｺｳｴﾝ,広場,北区東浅香山町１丁６５－１３,大浜,北,東浅香山,0.01
400-142,高倉台ゆきわりそう公園,ﾀｶｸﾗﾀﾞｲﾕｷﾜﾘｿｳｺｳｴﾝ,広場,南区高倉台２丁２８－６９,泉ヶ丘,南,高倉台西,0.02
400-143,百舌鳥梅町第２公園,ﾓｽﾞｳﾒﾏﾁﾀﾞｲ2ｺｳｴﾝ,広場,北区百舌鳥梅町１丁６５６,大浜,北,百舌鳥,0.02
400-144,丈六あじさい公園,ｼﾞｮｳﾛｸｱｼﾞｻｲｺｳｴﾝ,広場,東区丈六１９２－１５,原池,東,登美丘東,0.01
400-145,高松こもいけ公園,ﾀｶﾏﾂｺﾓｲｹｺｳｴﾝ,広場,東区高松３８７－４４,原池,東,登美丘西,0.01
400-146,上もみじ公園,ｶﾐﾓﾐｼﾞｺｳｴﾝ,広場,西区上２－３２,大浜,西,福泉上,0.01
400-147,草尾はまゆう公園,ｸｻｵﾊﾏﾕｳｺｳｴﾝ,広場,東区草尾７５８－３,原池,東,登美丘南,0.02
400-148,高松第２公園,ﾀｶﾏﾂﾀﾞｲ2ｺｳｴﾝ,街区,東区丈六４４５－３,原池,東,登美丘西,0.10
400-149,堺公園墓地,ｻｶｲｺｳｴﾝﾎﾞﾁ,墓園,南区鉢ヶ峯寺５４－２,,南,上神谷,32.60
400-150,菱木ゆり公園,ﾋｼｷﾕﾘｺｳｴﾝ,幼児,南区高尾１丁３４４－４７,泉ヶ丘,南,福泉中央,0.04
400-151,新金岡緑地,ｼﾝｶﾅｵｶﾘｮｸﾁ,都市緑地,北区新金岡町２丁１２－１,大浜,北,新金岡,0.96
400-152,石津町あきにれ公園,ｲｼﾂﾞﾁｮｳｱｷﾆﾚｺｳｴﾝ,広場,堺区石津町３丁１２３５－１４,大浜,堺,神石,0.03
400-153,柏木町うばめがし公園,ｶｼﾜｷﾞﾁｮｳｳﾊﾞﾒｶﾞｼｺｳｴﾝ,広場,堺区柏木町１丁４－５４,大浜,堺,新湊,0.02
400-154,南花田めぎ公園,ﾐﾅﾐﾊﾅﾀﾞﾒｷﾞｺｳｴﾝ,広場,北区南花田町３－８,大浜,北,北八下,0.02
400-155,金岡町ゆずりは公園,ｶﾅｵｶﾁｮｳﾕｽﾞﾘﾊｺｳｴﾝ,幼児,北区金岡町１１００－３３,大浜,北,金岡,0.03
400-156,辻之まてばしい公園,ﾂｼﾞﾉﾏﾃﾊﾞｼｲｺｳｴﾝ,広場,中区辻之１１８９－１４,原池,中,西陶器,0.03
400-157,辻之えんじゅ公園,ﾂｼﾞﾉｴﾝｼﾞｭｺｳｴﾝ,幼児,中区辻之１１８９－２７９,原池,中,西陶器,0.04
400-158,辻之ろびにあ公園,ﾂｼﾞﾉﾛﾋﾞﾆｱｺｳｴﾝ,幼児,中区辻之３９８－５,原池,中,西陶器,0.04
400-159,土塔町さくら公園,ﾄﾞﾄｳﾁｮｳｻｸﾗｺｳｴﾝ,広場,中区土塔町４５７－２６,原池,中,東百舌鳥,0.02
400-160,上之たいさんぼく公園,ｳｴﾉﾀｲｻﾝﾎﾞｸｺｳｴﾝ,広場,中区上之４４２－２４,原池,中,東陶器,0.01
400-161,土塔町鴨飼池公園,ﾄﾞﾄｳﾁｮｳｶﾓｶﾞｲｹｺｳｴﾝ,広場,中区土塔町２３７７－４９,原池,中,東百舌鳥,0.02
400-162,大浜北町えのき公園,ｵｵﾊﾏｷﾀﾏﾁｴﾉｷｺｳｴﾝ,幼児,堺区大浜北町２丁１－２,大浜,堺,英彰,0.04
400-164,鳳西町第３公園,ｵｵﾄﾘﾆｼﾏﾁﾀﾞｲ3ｺｳｴﾝ,街区,西区鳳西町１丁９３,大浜,西,鳳南,0.25
400-165,陵南北公園,ﾘｮｳﾅﾝｷﾀｺｳｴﾝ,街区,北区百舌鳥陵南町３丁３０,大浜,北,百舌鳥,0.23
400-166,陵南中央公園,ﾘｮｳﾅﾝﾁｭｳｵｳｺｳｴﾝ,近隣,北区百舌鳥陵南町３丁２９４,大浜,北,百舌鳥,1.34
400-167,陵南南公園,ﾘｮｳﾅﾝﾐﾅﾐｺｳｴﾝ,街区,中区深井北町３２５８,原池,中,深井,0.27
400-168,一本松公園,ｲｯﾎﾟﾝﾏﾂｺｳｴﾝ,街区,中区土師町１丁２６７７,原池,中,土師,0.30
400-169,高蔵寺第２公園,ﾀｶｸﾗｼﾞﾀﾞｲ2ｺｳｴﾝ,街区,南区高倉台２丁２０－４,泉ヶ丘,南,高倉台西,0.26
400-170,高蔵寺第１緑地,ﾀｶｸﾗｼﾞﾀﾞｲ1ﾘｮｸﾁ,都市緑地,南区高倉台２丁４,泉ヶ丘,南,高倉台西,0.26
400-171,高蔵寺第２緑地,ﾀｶｸﾗｼﾞﾀﾞｲ2ﾘｮｸﾁ,都市緑地,南区高倉台２丁２２－２,泉ヶ丘,南,高倉台西,0.14
400-172,鳳西町第４公園,ｵｵﾄﾘﾆｼﾏﾁﾀﾞｲ4ｺｳｴﾝ,街区,西区鳳西町１丁９５,大浜,西,鳳南,0.26
400-173,浜寺南町第１公園,ﾊﾏﾃﾞﾗﾐﾅﾐﾏﾁﾀﾞｲ1ｺｳｴﾝ,街区,西区浜寺南町３丁１２,大浜,西,浜寺昭和,0.22
400-174,浜寺南町第２公園,ﾊﾏﾃﾞﾗﾐﾅﾐﾏﾁﾀﾞｲ2ｺｳｴﾝ,街区,西区浜寺南町２丁３,大浜,西,鳳南,0.36
400-175,土師町くちなし公園,ﾊｾﾞﾁｮｳｸﾁﾅｼｺｳｴﾝ,幼児,中区土師町４丁１６４４－８７,原池,中,土師,0.09
400-176,土師町ののいけ緑地公園,ﾊｾﾞﾁｮｳﾉﾉｲｹﾘｮｸﾁｺｳｴﾝ,幼児,中区土師町４丁１６４４－８９,原池,中,土師,0.07
400-177,陶器北やまぶき公園,ﾄｳｷｷﾀﾔﾏﾌﾞｷｺｳｴﾝ,広場,中区陶器北１１６５－１,原池,中,東陶器,0.02
400-178,西野やまもみじ公園,ﾆｼﾉﾔﾏﾓﾐｼﾞｺｳｴﾝ,広場,東区西野５５８－２０,原池,東,登美丘南,0.01
400-179,引野町ぼたん公園,ﾋｷﾉﾎﾞﾀﾝｺｳｴﾝ,幼児,東区引野町２丁２４－４,原池,東,八下西,0.06
400-180,辻之めたせこいあ公園,ﾂｼﾞﾉﾒﾀｾｺｲｱｺｳｴﾝ,幼児,中区辻之１１７１－１１５,原池,中,西陶器,0.04
400-181,土師町かきのき公園,ﾊｾﾞﾁｮｳｶｷﾉｷｺｳｴﾝ,広場,中区土師町４丁１８４１－４４,原池,中,土師,0.03
400-182,大野芝町こなら公園,ｵｵﾉｼﾊﾞﾁｮｳｺﾅﾗｺｳｴﾝ,広場,中区大野芝町９８－３,原池,中,東百舌鳥,0.01
400-183,砂道町つつじ緑地公園,ｽﾅﾐﾁﾁｮｳﾂﾂｼﾞﾘｮｸﾁｺｳｴﾝ,幼児,堺区砂道町２丁４５－７２,大浜,堺,錦綾,0.03
400-184,金岡町なでしこ公園,ｶﾅｵｶﾁｮｳﾅﾃﾞｼｺｺｳｴﾝ,広場,北区金岡町１０９２－１３,大浜,北,金岡,0.02
400-185,石津町あらかし公園,ｲｼﾂﾞﾁｮｳｱﾗｶｼｺｳｴﾝ,広場,堺区石津町３丁１２３５－８５,大浜,堺,神石,0.02
400-186,七道西町れんぎょう公園,ｼﾁﾄﾞｳﾆｼﾏﾁﾚﾝｷﾞｮｳｺｳｴﾝ,幼児,堺区七道西町１２－４８,大浜,堺,錦西,0.05
400-187,草部あべりあ公園,ｸｻﾍﾞｱﾍﾞﾘｱｺｳｴﾝ,広場,西区草部２６５－４６,大浜,西,福泉,0.01
400-188,毛穴町まあがれっと公園,ｹﾅﾁｮｳﾏｱｶﾞﾚｯﾄｺｳｴﾝ,広場,中区毛穴町３８２－１０,原池,中,八田荘,0.02
400-189,遠里小野町けやき公園,ｵﾘｵﾉﾁｮｳｹﾔｷｺｳｴﾝ,広場,堺区遠里小野町１丁１１－２,大浜,堺,錦綾,0.00
400-190,日置荘西町こぶし公園,ﾋｷｼｮｳﾆｼﾏﾁｺﾌﾞｼｺｳｴﾝ,幼児,東区日置荘西町５丁３４２－１２,原池,東,日置荘西,0.03
400-191,引野町なつぐみ公園,ﾋｷﾉﾁｮｳﾅﾂｸﾞﾐｺｳｴﾝ,広場,東区引野町２丁１００－６,原池,東,八下西,0.01
400-192,北野田こおろぎ公園,ｷﾀﾉﾀﾞｺｵﾛｷﾞｺｳｴﾝ,広場,東区北野田４５７－１７,原池,東,野田,0.01
400-193,深井北町よめな公園,ﾌｶｲｷﾀﾏﾁﾖﾒﾅｺｳｴﾝ,広場,中区深井北町３４９５－１１,原池,中,深井,0.02
400-194,浜寺諏訪森町みつばち公園,ﾊﾏﾃﾞﾗｽﾜﾉﾓﾘﾁｮｳﾐﾂﾊﾞﾁｺｳｴﾝ,広場,西区浜寺諏訪森町中１丁３９－３０,大浜,西,浜寺,0.01
400-195,堀上町ひいらぎ公園,ﾎﾘｱｹﾞﾁｮｳﾋｲﾗｷﾞｺｳｴﾝ,広場,中区堀上町１７０－１７,原池,中,八田荘,0.01
400-196,深阪てんとうむし公園,ﾌｶｻｶﾃﾝﾄｳﾑｼｺｳｴﾝ,広場,中区深阪２丁２２６２－７,原池,中,深阪,0.01
400-197,老松町公園,ｵｲﾏﾂﾁｮｳｺｳｴﾝ,街区,堺区老松町１丁５－１,大浜,堺,新湊,0.36
400-198,深井中町もうそうちく公園,ﾌｶｲﾅｶﾏﾁﾓｳｿｳﾁｸｺｳｴﾝ,広場,中区深井中町１９４８－４７,原池,中,深井西,0.02
400-199,土師町むくげ公園,ﾊｾﾞﾁｮｳﾑｸｹﾞｺｳｴﾝ,広場,中区土師町５丁２７－７,原池,中,土師,0.03
400-200,高倉台あおぎり公園,ﾀｶｸﾗﾀﾞｲｱｵｷﾞﾘｺｳｴﾝ,広場,南区高倉台２丁２５－３７,泉ヶ丘,南,高倉台西,0.02
400-201,蔵前町にしきぎ公園,ｸﾗﾏｴﾁｮｳﾆｼｷｷﾞｺｳｴﾝ,幼児,北区蔵前町１丁１５６２－１２,大浜,北,五箇荘,0.04
400-202,旭ヶ丘北町なずな公園,ｱｻﾋｶﾞｵｶｷﾀﾏﾁﾅｽﾞﾅｺｳｴﾝ,幼児,堺区旭ヶ丘北町４丁１５１－６,大浜,堺,大仙,0.04
400-203,深井中町はこべ公園,ﾌｶｲﾅｶﾏﾁﾊｺﾍﾞｺｳｴﾝ,幼児,中区深井中町９７４－７,原池,中,深井西,0.04
400-204,下草尾公園,ｼﾓｸｻｵｺｳｴﾝ,街区,東区草尾３１－２,原池,東,登美丘西,0.16
400-205,上之つきみそう公園,ｳｴﾉﾂｷﾐｿｳｺｳｴﾝ,広場,中区上之４３０－２,原池,中,東陶器,0.01
400-206,田園さくらそう公園,ﾀｿﾞﾉｻｸﾗｿｳｺｳｴﾝ,広場,中区田園４３５－２３,原池,中,西陶器,0.02
400-207,北波止町きりぎりす公園,ｷﾀﾊﾄﾁｮｳｷﾘｷﾞﾘｽｺｳｴﾝ,広場,堺区北波止町２６－１６,大浜,堺,市,0.01
400-208,賑町おおばこ公園,ﾆｷﾞﾜｲﾁｮｳｵｵﾊﾞｺｺｳｴﾝ,幼児,堺区賑町４丁６５－４,大浜,堺,安井,0.04
400-209,菱木ぷらたなす公園,ﾋｼｷﾌﾟﾗﾀﾅｽｺｳｴﾝ,幼児,西区山田２丁１８３－５４,大浜,西,福泉,0.03
400-210,草尾つくし公園,ｸｻｵﾂｸｼｺｳｴﾝ,幼児,東区草尾１５４－６,原池,東,登美丘西,0.04
400-211,浜寺南町あめんぼ公園,ﾊﾏﾃﾞﾗﾐﾅﾐﾏﾁｱﾒﾝﾎﾞｺｳｴﾝ,広場,西区浜寺南町２丁１４１－１３,大浜,西,浜寺昭和,0.02
400-212,深井中町なんてん公園,ﾌｶｲﾅｶﾏﾁﾅﾝﾃﾝｺｳｴﾝ,幼児,中区深井中町１２７５－２５,原池,中,深井,0.05
400-213,草部ひなぎく公園,ｸｻﾍﾞﾋﾅｷﾞｸｺｳｴﾝ,幼児,西区草部１５４１－３,大浜,西,福泉上,0.05
400-214,上りんどう公園,ｶﾐﾘﾝﾄﾞｳｺｳｴﾝ,広場,西区上１８９－２,大浜,西,福泉上,0.02
400-215,深井北町よもぎ公園,ﾌｶｲｷﾀﾏﾁﾖﾓｷﾞｺｳｴﾝ,幼児,中区深井北町３２３０,原池,中,深井,0.08
400-216,新家町げんごろう公園,ｼﾝｹﾁｮｳｹﾞﾝｺﾞﾛｳｺｳｴﾝ,広場,中区新家町５１７－２,原池,中,東百舌鳥,0.03
400-217,協和町第５公園,ｷｮｳﾜﾁｮｳﾀﾞｲ5ｺｳｴﾝ,街区,堺区協和町３丁３１６－１,大浜,堺,大仙西,0.10
400-218,鳳南町公園,ｵｵﾄﾘﾐﾅﾐﾏﾁｺｳｴﾝ,街区,西区鳳南町５丁４８８－１,大浜,西,鳳南,0.14
400-219,浜寺船尾第３公園,ﾊﾏﾃﾞﾗﾌﾅｵﾀﾞｲ3ｺｳｴﾝ,街区,西区浜寺船尾町西１丁２７６,大浜,西,浜寺東,0.21
400-220,開公園,ﾋﾗｷｺｳｴﾝ,街区,中区深阪４丁１９０１,原池,中,深阪,0.25
400-221,西之条公園,ﾆｼﾉｼﾞｮｳｺｳｴﾝ,街区,中区深阪３丁２０８３,原池,中,深阪,0.34
400-222,八石公園,ﾊﾁｺｸｺｳｴﾝ,街区,中区深阪１丁２４４７,原池,中,深阪,0.36
400-223,尻戸公園,ｼﾘﾄﾞｺｳｴﾝ,街区,中区深阪４丁２５４８,原池,中,深阪,0.33
400-224,矢尾公園,ﾔﾅｺﾞｺｳｴﾝ,街区,中区深阪５丁１７８６,原池,中,深阪,0.10
400-225,矢谷公園,ﾔﾀﾞﾆｺｳｴﾝ,街区,中区深阪６丁１８１１,原池,中,深阪,0.10
400-226,鳳東町おりいぶ公園,ｵｵﾄﾘﾋｶﾞｼﾏﾁｵﾘｲﾌﾞｺｳｴﾝ,街区,西区鳳東町７丁７３５－７,大浜,西,鳳,0.12
400-227,土師町すずしろ公園,ﾊｾﾞﾁｮｳｽｽﾞｼﾛｺｳｴﾝ,街区,中区土師町４丁１８７８－２,原池,中,土師,0.14
400-228,浜寺石津町東どんぐり公園,ﾊﾏﾃﾞﾗｲｼﾂﾞﾁｮｳﾋｶﾞｼﾄﾞﾝｸﾞﾘｺｳｴﾝ,幼児,西区浜寺石津町東４丁３２０－７,大浜,西,浜寺石津,0.04
400-229,辻之かやのき公園,ﾂｼﾞﾉｶﾔﾉｷｺｳｴﾝ,幼児,中区辻之１１４７－９,原池,中,西陶器,0.08
400-230,辻之あすなろ公園,ﾂｼﾞﾉｱｽﾅﾛｺｳｴﾝ,街区,中区辻之１１４６－２,原池,中,西陶器,0.27
400-231,辻之ひがんばな緑地,ﾂｼﾞﾉﾋｶﾞﾝﾊﾞﾅﾘｮｸﾁ,都市緑地,中区辻之１１４７－１９,原池,中,西陶器,0.13
400-232,鉢ヶ峯寺ななかまど公園,ﾊﾁｶﾞﾐﾈｼﾞﾅﾅｶﾏﾄﾞｺｳｴﾝ,街区,南区鉢ヶ峯寺１０３－８６,泉ヶ丘,南,上神谷,0.13
400-233,福田公園,ﾌｸﾀﾞｺｳｴﾝ,幼児,中区福田３８１－１,原池,中,東陶器,0.05
400-234,太子橋公園,ﾀｲｼﾊﾞｼｺｳｴﾝ,幼児,堺区神南辺町１丁６２－３,大浜,堺,三宝,0.05
400-235,中百舌鳥町みんみんぜみ公園,ﾅｶﾓｽﾞﾁｮｳﾐﾝﾐﾝｾﾞﾐｺｳｴﾝ,広場,北区中百舌鳥町６丁１０１２－１４,大浜,北,中百舌鳥,0.01
400-236,金岡町くつわむし公園,ｶﾅｵｶﾁｮｳｸﾂﾜﾑｼｺｳﾝ,幼児,北区金岡町２３８３－２２,大浜,北,金岡,0.04
400-237,中百舌鳥町はなあぶ公園,ﾅｶﾓｽﾞﾁｮｳﾊﾅｱﾌﾞｺｳｴﾝ,広場,東区白鷺町２丁１１８６－５,原池,東,白鷺,0.02
400-238,陶器北かくれみの公園,ﾄｳｷｷﾀｶｸﾚﾐﾉｺｳｴﾝ,広場,中区陶器北１０４６－５,原池,中,東陶器,0.02
400-239,見野山まつむし公園,ﾐﾉﾔﾏﾏﾂﾑｼｺｳｴﾝ,広場,中区見野山９１－１０,原池,中,東陶器,0.03
400-240,田園やまゆり公園,ﾀｿﾞﾉﾔﾏﾕﾘｺｳｴﾝ,広場,中区田園４７７－１３,原池,中,西陶器,0.02
400-241,田園きいちご公園,ﾀｿﾞﾉｷｲﾁｺﾞｺｳｴﾝ,広場,中区田園１０６５－９,原池,中,西陶器,0.03
400-242,上野芝町ちっちぜみ公園,ｳｴﾉｼﾊﾞﾁｮｳﾁｯﾁｾﾞﾐｺｳｴﾝ,広場,西区上野芝町７丁４５５－６,大浜,西,上野芝,0.01
400-243,引野町ひよどり公園,ﾋｷﾉﾁｮｳﾋﾖﾄﾞﾘｺｳｴﾝ,広場,東区引野町１丁１３４－３,原池,東,八下西,0.01
400-244,中茶屋あげはちょう公園,ﾅｶﾁｬﾔｱｹﾞﾊﾁｮｳｺｳｴﾝ,広場,東区中茶屋７４－８,原池,東,登美丘西,0.01
400-245,石津北町みのむし公園,ｲｼﾂﾞｷﾀﾏﾁﾐﾉﾑｼｺｳｴﾝ,広場,堺区石津北町９３－２,大浜,堺,神石,0.01
400-246,土師町くまぜみ公園,ﾊｾﾞﾁｮｳｸﾏｾﾞﾐｺｳｴﾝ,広場,中区土師町３丁１６８１,原池,中,土師,0.02
400-247,草尾むぎわらとんぼ公園,ｸｻｵﾑｷﾞﾜﾗﾄﾝﾎﾞｺｳｴﾝ,広場,東区草尾３６７－９,原池,東,登美丘南,0.02
400-248,辻之しおん公園,ﾂｼﾞﾉｼｵﾝｺｳｴﾝ,幼児,中区辻之１１９３－７,原池,中,西陶器,0.03
400-249,土師町かすみそう公園,ﾊｾﾞﾁｮｳｶｽﾐｿｳｺｳｴﾝ,広場,中区土師町５丁１９２６－１０,原池,中,土師,0.01
400-250,深井清水町ありんこ公園,ﾌｶｲｼﾐｽﾞﾁｮｳｱﾘﾝｺｺｳｴﾝ,広場,中区深井清水町２０５３－３０,原池,中,深井,0.02
400-251,高松せんりょう公園,ﾀｶﾏﾂｾﾝﾘｮｳｺｳｴﾝ,幼児,東区高松２６３－７,原池,東,登美丘東,0.04
400-252,南野田のばら公園,ﾐﾅﾐﾉﾀﾞﾉﾊﾞﾗｺｳｴﾝ,幼児,東区南野田１７０－４３,原池,東,野田,0.05
400-253,楠町くすのき公園,ｸｽﾉｷﾁｮｳｸｽﾉｷｺｳｴﾝ,広場,堺区楠町１丁１８－３０,大浜,堺,新湊,0.02
400-254,平岡町ねむのき公園,ﾋﾗｵｶﾁｮｳﾈﾑﾉｷｺｳｴﾝ,幼児,西区平岡町１８３－６６,大浜,西,平岡,0.04
400-255,南花田あねもね公園,ﾐﾅﾐﾊﾅﾀﾞﾞｱﾈﾓﾈｺｳｴﾝ,広場,北区南花田町１０６－１９,大浜,北,北八下,0.02
400-256,金岡町おしどり公園,ｶﾅｵｶﾁｮｳｵｼﾄﾞﾘｺｳｴﾝ,広場,北区金岡町９８０－１５,大浜,北,金岡,0.03
400-257,出島町しじゅうから公園,ﾃﾞｼﾞﾏﾁｮｳｼｼﾞｭｳｶﾗｺｳｴﾝ,広場,堺区出島町２丁１８９－１０７,大浜,堺,新湊,0.01
400-258,鳳北町第１公園,ｵｵﾄﾘｷﾀﾏﾁﾀﾞｲ1ｺｳｴﾝ,街区,西区鳳北町７丁９６,大浜,西,鳳,0.32
400-259,協和町第３公園,ｷｮｳﾜﾁｮｳﾀﾞｲ3ｺｳｴﾝ,街区,堺区協和町２丁７２,大浜,堺,大仙西,0.15
400-260,協和町第７公園,ｷｮｳﾜﾁｮｳﾀﾞｲ7ｺｳｴﾝ,街区,堺区協和町３丁１４７－２,大浜,堺,大仙西,0.48
400-261,築港浜寺西町公園,ﾁｯｺｳﾊﾏﾃﾞﾗﾆｼﾏﾁｺｳｴﾝ,街区,西区築港浜寺西町２０,大浜,西,浜寺昭和,0.36
400-262,出島町ひなげし公園,ﾃﾞｼﾞﾏﾁｮｳﾋﾅｹﾞｼｺｳｴﾝ,街区,堺区出島町２丁１８９－９９,大浜,堺,新湊,0.10
400-263,辻之いととんぼ緑地,ﾂｼﾞﾉｲﾄﾄﾝﾎﾞﾘｮｸﾁ,都市緑地,中区田園４６１－１１,原池,中,西陶器,0.07
400-264,辻之もんしろちょう公園,ﾂｼﾞﾉﾓﾝｼﾛﾁｮｳｺｳｴﾝ,幼児,中区辻之７４６－３１,原池,中,西陶器,0.05
400-265,深井中町むくどり公園,ﾌｶｲﾅｶﾏﾁﾑｸﾄﾞﾘｺｳｴﾝ,広場,中区深井中町１４０５－１７,原池,中,深井,0.01
400-266,田園ゆうかり緑道,ﾀｿﾞﾉﾕｳｶﾘﾘｮｸﾄﾞｳ,緑道,中区田園４７７－２９,原池,中,西陶器,0.08
400-267,陶器北こがねむし緑地,ﾄｳｷｷﾀｺｶﾞﾈﾑｼﾘｮｸﾁ,都市緑地,中区陶器北１２２８－４,原池,中,東陶器,0.03
400-268,陶器北かみきりむし緑地,ﾄｳｷｷﾀｶﾐｷﾘﾑｼﾘｮｸﾁ,都市緑地,中区上之１８９－１１,原池,中,東陶器,0.03
400-270,深阪丹の池公園,ﾌｶｻｶﾀﾝﾉｲｹｺｳｴﾝ,街区,中区深阪６丁５３８－１０,原池,中,深阪,0.13
400-271,津久野万年橋緑地,ﾂｸﾉﾏﾝﾈﾝﾊﾞｼﾘｮｸﾁ,都市緑地,西区津久野町３丁２３０２,大浜,西,津久野,0.03
400-272,平岡町あやめ公園,ﾋﾗｵｶﾁｮｳｱﾔﾒｺｳｴﾝ,広場,西区平岡町２５３－９,大浜,西,平岡,0.02
400-273,宮山公園,ﾐﾔﾔﾏｺｳｴﾝ,近隣,南区宮山台２丁１－８,泉ヶ丘,南,宮山台,3.60
400-274,荒山公園,ｺｳｾﾞﾝｺｳｴﾝ,総合,南区宮山台２丁３－１,泉ヶ丘,南,宮山台,17.35
400-275,竹城公園,ﾀｹｼﾛｺｳｴﾝ,近隣,南区竹城台２丁３－１７,泉ヶ丘,南,竹城台,2.59
400-276,三原公園,ﾐﾊﾗｺｳｴﾝ,近隣,南区三原台１丁３－４,泉ヶ丘,南,三原台,2.19
400-277,田園公園,ﾀｿﾞﾉｺｳｴﾝ,近隣,南区三原台１丁３－２,泉ヶ丘,南,三原台,3.41
400-278,高倉公園,ﾀｶｸﾗｺｳｴﾝ,近隣,南区高倉台３丁１９－２,泉ヶ丘,南,高倉台,3.44
400-279,茶山公園,ﾁｬﾔﾏｺｳｴﾝ,近隣,南区茶山台３丁２４－１,泉ヶ丘,南,茶山台,4.39
400-280,大蓮公園,ｵｵﾊｽｺｳｴﾝ,風致,南区若松台１丁１－９,泉ヶ丘,南,若松台,15.46
400-281,晴美公園,ﾊﾙﾐｺｳｴﾝ,近隣,南区晴美台３丁６－２,泉ヶ丘,南,晴美台,5.90
400-282,槇塚公園,ﾏｷﾂﾞｶｺｳｴﾝ,近隣,南区槇塚台１丁９－５,泉ヶ丘,南,槇塚台,3.03
400-283,宮山いるか公園,ﾐﾔﾔﾏｲﾙｶｺｳｴﾝ,街区,南区宮山台４丁４－２,泉ヶ丘,南,宮山台,0.49
400-284,宮山ひつじ公園,ﾐﾔﾔﾏﾋﾂｼﾞｺｳｴﾝ,街区,南区宮山台１丁４－４,泉ヶ丘,南,宮山台,0.27
400-285,竹城となかい公園,ﾀｹｼﾛﾄﾅｶｲｺｳｴﾝ,街区,南区竹城台３丁２－４,泉ヶ丘,南,竹城台,0.38
400-286,竹城のうさぎ公園,ﾀｹｼﾛﾉｳｻｷﾞｺｳｴﾝ,街区,南区竹城台２丁２－２,泉ヶ丘,南,竹城台,0.23
400-287,三原しろくま公園,ﾐﾊﾗｼﾛｸﾏｺｳｴﾝ,街区,南区三原台４丁１９－２,泉ヶ丘,南,三原台,0.54
400-288,三原きりん公園,ﾐﾊﾗｷﾘﾝｺｳｴﾝ,街区,南区三原台３丁３－３,泉ヶ丘,南,三原台,0.28
400-289,高倉いのしし公園,ﾀｶｸﾗｲﾉｼｼｺｳｴﾝ,街区,南区高倉台４丁３８,泉ヶ丘,南,高倉台,0.79
400-290,茶山しまうま公園,ﾁｬﾔﾏｼﾏｳﾏｺｳｴﾝ,街区,南区茶山台２丁１０－２,泉ヶ丘,南,茶山台,0.41
400-291,若松かんがるう公園,ﾜｶﾏﾂｶﾝｶﾞﾙｳｺｳｴﾝ,街区,南区若松台３丁５－２５,泉ヶ丘,南,若松台,0.27
400-292,晴美くろうし公園,ﾊﾙﾐｸﾛｳｼｺｳｴﾝ,街区,南区晴美台３丁７,泉ヶ丘,南,晴美台,0.51
400-293,槇塚らくだ公園,ﾏｷﾂﾞｶﾗｸﾀﾞｺｳｴﾝ,街区,南区槇塚台１丁９－２,泉ヶ丘,南,槇塚台,0.39
400-294,槇塚かもしか公園,ﾏｷﾂﾞｶｶﾓｼｶｺｳｴﾝ,街区,南区槇塚台３丁３７－２,泉ヶ丘,南,槇塚台,0.36
400-295,泉ヶ丘緑道,ｲｽﾞﾐｶﾞｵｶﾘｮｸﾄﾞｳ,緑道,南区宮山台１丁６－２,泉ヶ丘,南,宮山台,31.28
400-296,泉ヶ丘緑地,ｲｽﾞﾐｶﾞｵｶﾘｮｸﾁ,都市緑地,南区槇塚台４丁７－１他,,南,槇塚台,40.53
400-298,金岡町つぐみ公園,ｶﾅｵｶﾁｮｳﾂｸﾞﾐｺｳｴﾝ,広場,北区金岡町２４１５－８,大浜,北,金岡,0.01
400-299,日置荘北町ひめばち公園,ﾋｷｼｮｳｷﾀﾏﾁﾋﾒﾊﾞﾁｺｳｴﾝ,広場,東区日置荘北町２丁２６７－６,原池,東,日置荘,0.03
400-300,高松やまばと公園,ﾀｶﾏﾂﾔﾏﾊﾞﾄｺｳｴﾝ,広場,東区高松３６６－７,原池,東,登美丘西,0.01
400-301,土師町はやぶさ公園,ﾊｾﾞﾁｮｳﾊﾔﾌﾞｻｺｳｴﾝ,幼児,中区土師町５丁１８９１－２,原池,中,土師,0.04
400-302,田園あかとんぼ公園,ﾀｿﾞﾉｱｶﾄﾝﾎﾞｺｳｴﾝ,街区,中区田園７６５－１１,原池,中,西陶器,0.16
400-303,陶器北かげろう公園,ﾄｳｷｷﾀｶｹﾞﾛｳｺｳｴﾝ,街区,中区上之７０,原池,中,東陶器,0.13
400-304,土師町たぶのき公園,ﾊｾﾞﾁｮｳﾀﾌﾞﾉｷｺｳｴﾝ,幼児,中区土師町５丁１９０８－４,原池,中,土師,0.03
400-305,土師町ねこやなぎ公園,ﾊｾﾞﾁｮｳﾈｺﾔﾅｷﾞｺｳｴﾝ,幼児,中区土師町５丁１９２０－１,原池,中,土師,0.04
400-306,金岡町かわせみ公園,ｶﾅｵｶﾁｮｳｶﾜｾﾐｺｳｴﾝ,広場,北区金岡町１２６４－３２,大浜,北,金岡,0.02
400-307,東山しろちどり公園,ﾋｶﾞｼﾔﾏｼﾛﾁﾄﾞﾘｺｳｴﾝ,広場,中区東山８９２,原池,中,西陶器,0.01
400-308,東山ことどり公園,ﾋｶﾞｼﾔﾏｺﾄﾄﾞﾘｺｳｴﾝ,広場,中区辻之１４６７－３,原池,中,西陶器,0.01
400-309,深井水池町きじ公園,ﾌｶｲﾐｽﾞｲｹﾁｮｳｷｼﾞｺｳｴﾝ,広場,中区深井水池町３３８９,原池,中,東深井,0.01
400-310,土師町ちどり公園,ﾊｾﾞﾁｮｳﾁﾄﾞﾘｺｳｴﾝ,広場,中区土師町２丁１７５８－４,原池,中,土師,0.02
400-311,鳳中町ほおじろ公園,ｵｵﾄﾘﾅｶﾏﾁﾎｵｼﾞﾛｺｳｴﾝ,広場,西区鳳中町８丁２－１８,大浜,西,鳳,0.01
400-312,出島町があべら公園,ﾃﾞｼﾞﾏﾁｮｳｶﾞｱﾍﾞﾗｺｳｴﾝ,幼児,堺区出島町２丁１８９－１２２,大浜,堺,新湊,0.07
400-313,戎島町かいず公園,ｴﾋﾞｽｼﾞﾏﾁｮｳｶｲｽﾞｺｳｴﾝ,幼児,堺区戎島町４丁２８－１,大浜,堺,市,0.09
400-314,日置荘北町こちどり公園,ﾋｷｼｮｳｷﾀﾏﾁｺﾁﾄﾞﾘｺｳｴﾝ,広場,東区日置荘北町２丁２８８,原池,東,日置荘,0.01
400-316,沢町公園,ｻﾜﾏﾁｺｳｴﾝ,街区,中区深井沢町３１８３,原池,中,東深井,0.31
400-317,桃山公園,ﾓﾓﾔﾏｺｳｴﾝ,近隣,南区桃山台３丁３－４,泉ヶ丘,南,福泉中央,3.46
400-318,西原公園,ﾆｼﾊﾗｺｳｴﾝ,地区,南区桃山台１丁３－３,泉ヶ丘,南,桃山台,12.67
400-319,原山公園,ﾊﾗﾔﾏｺｳｴﾝ,近隣,南区原山台２丁５－１,泉ヶ丘,南,原山台,7.80
400-320,庭代公園,ﾆﾜｼﾛｺｳｴﾝ,近隣,南区庭代台２丁２－１,泉ヶ丘,南,庭代台,6.89
400-321,御池公園,ﾐｲｹｺｳｴﾝ,近隣,南区御池台２丁２－９,泉ヶ丘,南,御池台,9.18
400-322,桃山かなりや公園,ﾓﾓﾔﾏｶﾅﾘﾔｺｳｴﾝ,街区,南区桃山台３丁６－２６,泉ヶ丘,南,福泉中央,0.33
400-323,原山かもめ公園,ﾊﾗﾔﾏｶﾓﾒｺｳｴﾝ,街区,南区原山台４丁１－２,泉ヶ丘,南,原山台,0.30
400-324,原山ひばり公園,ﾊﾗﾔﾏﾋﾊﾞﾘｺｳｴﾝ,街区,南区原山台４丁７－２,泉ヶ丘,南,原山台,0.26
400-325,庭代うぐいす公園,ﾆﾜｼﾛｳｸﾞｲｽｺｳｴﾝ,街区,南区庭代台３丁１０,泉ヶ丘,南,庭代台,0.54
400-326,庭代めじろ公園,ﾆﾜｼﾛﾒｼﾞﾛｺｳｴﾝ,街区,南区庭代台２丁５－１,泉ヶ丘,南,庭代台,0.29
400-327,御池みみずく公園,ﾐｲｹﾐﾐｽﾞｸｺｳｴﾝ,街区,南区御池台３丁１２－１５,泉ヶ丘,南,御池台,0.20
400-328,栂緑道,ﾄｶﾞﾘｮｸﾄﾞｳ,緑道,南区桃山台２丁６－３,泉ヶ丘,南,桃山台,9.33
400-329,つくもりざか公園,ﾂｸﾓﾘｻﾞｶｺｳｴﾝ,街区,中区東山９６４－１,原池,中,西陶器,0.13
400-330,鶯谷公園,ｳｸﾞｲｽﾀﾞﾆｺｳｴﾝ,街区,中区東山８９７,原池,中,西陶器,0.24
400-331,柳之町あおき公園,ﾔﾅｷﾞﾉﾁｮｳｱｵｷｺｳｴﾝ,幼児,堺区柳之町西３丁２１－６,大浜,堺,錦西,0.03
400-332,深阪きじばと公園,ﾌｶｻｶｷｼﾞﾊﾞﾄｺｳｴﾝ,幼児,中区深阪１丁１０４８－２,原池,中,深阪,0.03
400-333,西野ぶんちょう公園,ﾆｼﾉﾌﾞﾝﾁｮｳｺｳｴﾝ,広場,東区西野１７５－１２,原池,東,登美丘南,0.01
400-334,西野こうのとり公園,ﾆｼﾉｺｳﾉﾄﾘｺｳｴﾝ,広場,東区西野１９３－６,原池,東,登美丘南,0.02
400-335,堀上町かいつぶり公園,ﾎﾘｱｹﾞﾁｮｳｶｲﾂﾌﾞﾘｺｳｴﾝ,幼児,中区堀上町３８９－２,原池,中,八田荘,0.03
400-336,中百舌鳥町みさご公園,ﾅｶﾓｽﾞﾁｮｳﾐｻｺﾞｺｳｴﾝ,街区,北区中百舌鳥町６丁１０３８－８,大浜,北,中百舌鳥,0.16
400-337,中百舌鳥町おおたか公園,ﾅｶﾓｽﾞﾁｮｳｵｵﾀｶｺｳｴﾝ,幼児,北区中百舌鳥町６丁１０４０－７２,大浜,北,中百舌鳥,0.06
400-338,中百舌鳥町宮路池公園,ﾅｶﾓｽﾞﾁｮｳﾐﾔｼﾞｲｹｺｳｴﾝ,幼児,東区白鷺町２丁１１８３－８７,原池,東,白鷺,0.10
400-339,草部かわがらす公園,ｸｻﾍﾞｶﾜｶﾞﾗｽｺｳｴﾝ,幼児,西区草部１９００－１,大浜,西,福泉,0.08
400-340,辻之こまどり緑地,ﾂｼﾞﾉｺﾏﾄﾞﾘﾘｮｸﾁ,都市緑地,中区辻之１１３０－３３,原池,中,西陶器,0.04
400-341,日置荘西町やまどり公園,ﾋｷｼｮｳﾆｼﾏﾁﾔﾏﾄﾞﾘｺｳｴﾝ,幼児,東区日置荘西町６丁３８８－１０,原池,東,日置荘西,0.04
400-342,七道東町やませみ公園,ｼﾁﾄﾞｳﾋｶﾞｼﾏﾁﾔﾏｾﾐｺｳｴﾝ,街区,堺区七道東町１８２－７,大浜,堺,錦西,0.10
400-343,柏木町むつごろう公園,ｶｼﾜｷﾞﾁｮｳﾑﾂｺﾞﾛｳｺｳｴﾝ,幼児,堺区柏木町１丁４－１４１,大浜,堺,新湊,0.05
400-344,東上野芝町やまがら公園,ﾋｶﾞｼｳｴﾉｼﾊﾞﾁｮｳﾔﾏｶﾞﾗｺｳｴﾝ,幼児,北区東上野芝町２丁４９０－２,大浜,北,西百舌鳥,0.05
400-345,福田やましぎ公園,ﾌｸﾀﾞﾔﾏｼｷﾞｺｳｴﾝ,幼児,中区福田７８４－２,原池,中,福田,0.04
400-346,日置荘西町つばめ公園,ﾋｷｼｮｳﾆｼﾏﾁﾂﾊﾞﾒｺｳｴﾝ,幼児,東区日置荘西町５丁２５５,原池,東,日置荘西,0.05
400-347,白鷺公園,ｼﾗｻｷﾞｺｳｴﾝ,総合,東区白鷺町１丁１１８１－１,原池,東,白鷺,9.00
400-348,鳳東町はちどり公園,ｵｵﾄﾘﾋｶﾞｼﾏﾁﾊﾁﾄﾞﾘｺｳｴﾝ,広場,西区鳳東町７丁７４４－４,大浜,西,鳳,0.01
400-349,水池第２公園,ﾐｽﾞｲｹﾀﾞｲ2ｺｳｴﾝ,街区,中区深井水池町３０１２,原池,中,東深井,0.42
400-350,浜寺船尾第４公園,ﾊﾏﾃﾞﾗﾌﾅｵﾀﾞｲ4ｺｳｴﾝ,街区,西区浜寺船尾町東３丁４４１,大浜,西,浜寺東,0.27
400-351,協和町中公園,ｷｮｳﾜﾁｮｳﾅｶｺｳｴﾝ,街区,堺区協和町２丁９９,大浜,堺,大仙西,0.22
400-352,協和町東公園,ｷｮｳﾜﾁｮｳﾋｶﾞｼｺｳｴﾝ,街区,堺区協和町４丁４４８,大浜,堺,大仙西,0.39
400-353,内川緑地,ｳﾁｶﾜﾘｮｸﾁ,都市緑地,堺区桜之町西３丁３,大浜,堺,三宝,0.22
400-354,上たつのおとしご公園,ｶﾐﾀﾂﾉｵﾄｼｺﾞｺｳｴﾝ,広場,西区上３３－９,大浜,西,福泉上,0.01
400-355,家原寺町みやこどり公園,ｴﾊﾞﾗｼﾞﾁｮｳﾐﾔｺﾄﾞﾘｺｳｴﾝ,幼児,西区家原寺町２丁３２－１７,大浜,西,家原寺,0.09
400-356,小阪ぺんぎん公園,ｺｻｶﾍﾟﾝｷﾞﾝｺｳｴﾝ,幼児,中区小阪２６１－２,原池,中,久世,0.03
400-357,毛穴町いわな公園,ｹﾅﾁｮｳｲﾜﾅｺｳｴﾝ,広場,中区毛穴町４３１－９０,原池,中,八田荘,0.01
400-358,北条町このはずく公園,ﾎｳｼﾞｮｳﾁｮｳｺﾉﾊｽﾞｸｺｳｴﾝ,広場,西区北条町２丁４１０－９,大浜,西,向丘,0.02
400-359,深井中町まんぼう公園,ﾌｶｲﾅｶﾏﾁﾏﾝﾎﾞｳｺｳｴﾝ,広場,中区深井中町８８０－１５,原池,中,深井西,0.03
400-360,辻之くまのみ公園,ﾂｼﾞﾉｸﾏﾉﾐｺｳｴﾝ,広場,中区辻之３４２－１３,原池,中,西陶器,0.03
400-361,水賀池公園,ﾐｽﾞｶﾞｲｹｺｳｴﾝ,地区,中区深井水池町３２１２,原池,中,東深井,1.98
400-362,浜寺石津東第２公園,ﾊﾏﾃﾞﾗｲｼﾂﾞﾋｶﾞｼﾀﾞｲ2ｺｳｴﾝ,街区,西区浜寺石津町東３丁２４０－７,大浜,西,浜寺石津,0.33
400-363,水池公園,ﾐｽﾞｲｹｺｳｴﾝ,街区,中区深井水池町３４１０,原池,中,東深井,0.36
400-364,清水こやま公園,ｼﾐｽﾞｺﾔﾏｺｳｴﾝ,街区,中区深井清水町３２８７,原池,中,深井,0.36
400-365,浜寺船尾第１公園,ﾊﾏﾃﾞﾗﾌﾅｵﾀﾞｲ1ｺｳｴﾝ,街区,西区浜寺船尾町東２丁２３４,大浜,西,浜寺東,0.21
400-367,赤坂公園,ｱｶｻｶｺｳｴﾝ,近隣,南区赤坂台２丁４－１,泉ヶ丘,南,赤坂台,4.26
400-368,新檜尾公園,ｼﾝﾋﾉｵｺｳｴﾝ,風致,南区新檜尾台１丁１－４８,泉ヶ丘,南,新檜尾台,11.06
400-369,鴨谷公園,ｶﾓﾀﾆｺｳｴﾝ,総合,南区鴨谷台１丁２－１,泉ヶ丘,南,美木多,13.12
400-370,城山公園,ｼﾛﾔﾏｺｳｴﾝ,近隣,南区城山台１丁１９－１,泉ヶ丘,南,城山台,5.37
400-371,赤坂くわがた公園,ｱｶｻｶｸﾜｶﾞﾀｺｳｴﾝ,街区,南区赤坂台２丁３－５,泉ヶ丘,南,赤坂台,0.38
400-372,新檜尾かぶと公園,ｼﾝﾋﾉｵｶﾌﾞﾄｺｳｴﾝ,街区,南区新檜尾台３丁８－１,泉ヶ丘,南,新檜尾台,0.41
400-373,城山とんぼ公園,ｼﾛﾔﾏﾄﾝﾎﾞｺｳｴﾝ,街区,南区城山台２丁３－２,泉ヶ丘,南,城山台,0.37
400-374,光明池緑道,ｺｳﾐｮｳｲｹﾘｮｸﾄﾞｳ,緑道,南区赤坂台２丁１－７,泉ヶ丘,南,赤坂台,11.50
400-375,光明池緑地,ｺｳﾐｮｳｲｹﾘｮｸﾁ,都市緑地,南区城山台４丁２－６,泉ヶ丘,南,城山台,33.58
400-377,平岡町どじょう公園,ﾋﾗｵｶﾁｮｳﾄﾞｼﾞｮｳｺｳｴﾝ,幼児,西区平岡町１８５－１４,大浜,西,平岡,0.05
400-378,浜寺諏訪森町中あおはた公園,ﾊﾏﾃﾞﾗｽﾜﾉﾓﾘﾁｮｳﾅｶｱｵﾊﾀｺｳｴﾝ,広場,西区浜寺諏訪森町中１丁５１－５,大浜,西,浜寺,0.02
400-379,浜寺船尾町くりんそう公園,ﾊﾏﾃﾞﾗﾌﾅｵﾁｮｳｸﾘﾝｿｳｺｳｴﾝ,幼児,西区浜寺船尾町西５丁５７０－４,大浜,西,浜寺東,0.07
400-380,七道東町やまめ公園,ｼﾁﾄﾞｳﾋｶﾞｼﾏﾁﾔﾏﾒｺｳｴﾝ,幼児,堺区七道東町１２６－４２,大浜,堺,錦西,0.05
400-381,鳳南町ひごい公園,ｵｵﾄﾘﾐﾅﾐﾏﾁﾋｺﾞｲｺｳｴﾝ,広場,西区鳳南町５丁６４８－６,大浜,西,鳳南,0.02
400-382,鳳南町おにあざみ公園,ｵｵﾄﾘﾐﾅﾐﾏﾁｵﾆｱｻﾞﾐｺｳｴﾝ,幼児,西区鳳南町２丁９０,大浜,西,鳳南,0.07
400-383,深井水池町みのかさご公園,ﾌｶｲﾐｽﾞｲｹﾁｮｳﾐﾉｶｻｺﾞｺｳｴﾝ,広場,中区深井水池町３２３７－２,原池,中,東深井,0.02
400-384,日置荘北町はたはた公園,ﾋｷｼｮｳｷﾀﾏﾁﾊﾀﾊﾀｺｳｴﾝ,広場,東区日置荘北町２丁２６５－１３,原池,東,日置荘,0.02
400-385,上之あんこう公園,ｳｴﾉｱﾝｺｳｺｳｴﾝ,街区,中区上之６３０－５０,原池,中,東陶器,0.15
400-386,上之しらうお緑地,ｳｴﾉｼﾗｳｵﾘｮｸﾁ,都市緑地,中区上之６３０－４７,原池,中,東陶器,0.07
400-387,深井沢町きじはた公園,ﾌｶｲｻﾜﾏﾁｷｼﾞﾊﾀｺｳｴﾝ,広場,中区深井沢町３１４７－２,原池,中,東深井,0.01
400-388,原山台かきつばた公園,ﾊﾗﾔﾏﾀﾞｲｶｷﾂﾊﾞﾀｺｳｴﾝ,街区,南区原山台５丁２－２,泉ヶ丘,南,原山台東,0.43
400-389,宮山第１公園,ﾐﾔﾔﾏﾀﾞｲ1ｺｳｴﾝ,幼児,南区宮山台３丁７－１,泉ヶ丘,南,宮山台,0.06
400-390,宮山第２公園,ﾐﾔﾔﾏﾀﾞｲ2ｺｳｴﾝ,広場,南区宮山台４丁８－１７,泉ヶ丘,南,宮山台,0.03
400-391,宮山第３公園,ﾐﾔﾔﾏﾀﾞｲ3ｺｳｴﾝ,幼児,南区宮山台４丁１２－１４,泉ヶ丘,南,宮山台,0.06
400-392,竹城第１公園,ﾀｹｼﾛﾀﾞｲ1ｺｳｴﾝ,街区,南区竹城台３丁５－１８,泉ヶ丘,南,竹城台,0.12
400-393,竹城第２公園,ﾀｹｼﾛﾀﾞｲ2ｺｳｴﾝ,幼児,南区竹城台４丁４－６,泉ヶ丘,南,竹城台,0.07
400-394,三原第１公園（かめ公園）,ﾐﾊﾗﾀﾞｲ1ｺｳｴﾝ,幼児,南区三原台１丁８－３,泉ヶ丘,南,三原台,0.08
400-395,三原第２公園（いもむし公園）,ﾐﾊﾗﾀﾞｲ2ｺｳｴﾝ,幼児,南区三原台３丁８－１３,泉ヶ丘,南,三原台,0.07
400-396,三原第３公園（イルカ公園）,ﾐﾊﾗﾀﾞｲ3ｺｳｴﾝ,幼児,南区三原台３丁１９－２５,泉ヶ丘,南,三原台,0.06
400-397,三原第４公園（山のぼり公園）,ﾐﾊﾗﾀﾞｲ4ｺｳｴﾝ,幼児,南区三原台３丁２２－７,泉ヶ丘,南,三原台,0.05
400-398,三原第５公園（ありんこ公園）,ﾐﾊﾗﾀﾞｲ5ｺｳｴﾝ,幼児,南区三原台３丁３７－８,泉ヶ丘,南,三原台,0.05
400-399,三原第６公園（りす公園）,ﾐﾊﾗﾀﾞｲ6ｺｳｴﾝ,幼児,南区三原台４丁２９－１,泉ヶ丘,南,三原台,0.09
400-400,三原第７公園（ひまわり公園）,ﾐﾊﾗﾀﾞｲ7ｺｳｴﾝ,幼児,南区三原台４丁１４－８,泉ヶ丘,南,三原台,0.06
400-401,高倉第１公園,ﾀｶｸﾗﾀﾞｲ1ｺｳｴﾝ,幼児,南区高倉台２丁２８－１,泉ヶ丘,南,高倉台西,0.03
400-402,高倉第２公園,ﾀｶｸﾗﾀﾞｲ2ｺｳｴﾝ,幼児,南区高倉台２丁３９－１６,泉ヶ丘,南,高倉台,0.03
400-403,高倉第３公園,ﾀｶｸﾗﾀﾞｲ3ｺｳｴﾝ,幼児,南区高倉台２丁４６－１１,泉ヶ丘,南,高倉台,0.06
400-404,高倉第４公園,ﾀｶｸﾗﾀﾞｲ4ｺｳｴﾝ,幼児,南区高倉台３丁９－７,泉ヶ丘,南,高倉台,0.05
400-405,高倉第５公園,ﾀｶｸﾗﾀﾞｲ5ｺｳｴﾝ,街区,南区高倉台３丁１６－１３,泉ヶ丘,南,高倉台,0.15
400-406,高倉第６公園,ﾀｶｸﾗﾀﾞｲ6ｺｳｴﾝ,幼児,南区高倉台４丁９－１,泉ヶ丘,南,高倉台,0.07
400-407,高倉第７公園,ﾀｶｸﾗﾀﾞｲ7ｺｳｴﾝ,幼児,南区高倉台４丁１９－８,泉ヶ丘,南,高倉台,0.07
400-408,高倉第８公園,ﾀｶｸﾗﾀﾞｲ8ｺｳｴﾝ,幼児,南区高倉台４丁２５－９,泉ヶ丘,南,高倉台,0.04
400-409,茶山第１公園,ﾁｬﾔﾏﾀﾞｲ1ｺｳｴﾝ,幼児,南区茶山台３丁１３－１４,泉ヶ丘,南,茶山台,0.06
400-410,茶山第２公園,ﾁｬﾔﾏﾀﾞｲ2ｺｳｴﾝ,幼児,南区茶山台３丁３４－５,泉ヶ丘,南,茶山台,0.09
400-411,晴美第１公園,ﾊﾙﾐﾀﾞｲ1ｺｳｴﾝ,幼児,南区晴美台１丁９－５,泉ヶ丘,南,晴美台,0.06
400-412,晴美第２公園,ﾊﾙﾐﾀﾞｲ2ｺｳｴﾝ,幼児,南区晴美台１丁１４－６,泉ヶ丘,南,晴美台,0.05
400-413,晴美第３公園,ﾊﾙﾐﾀﾞｲ3ｺｳｴﾝ,幼児,南区晴美台１丁２２－１１,泉ヶ丘,南,晴美台,0.04
400-414,晴美第４公園,ﾊﾙﾐﾀﾞｲ4ｺｳｴﾝ,幼児,南区晴美台２丁５－１１,泉ヶ丘,南,晴美台,0.05
400-415,晴美第５公園,ﾊﾙﾐﾀﾞｲ5ｺｳｴﾝ,幼児,南区晴美台２丁２４－１８,泉ヶ丘,南,晴美台,0.08
400-416,晴美第６公園,ﾊﾙﾐﾀﾞｲ6ｺｳｴﾝ,街区,南区晴美台２丁３０－８,泉ヶ丘,南,晴美台,0.10
400-417,晴美第７公園,ﾊﾙﾐﾀﾞｲ7ｺｳｴﾝ,幼児,南区晴美台２丁３２－９,泉ヶ丘,南,晴美台,0.06
400-418,晴美第８公園,ﾊﾙﾐﾀﾞｲ8ｺｳｴﾝ,幼児,南区晴美台２丁４０－８,泉ヶ丘,南,晴美台,0.07
400-419,晴美第９公園,ﾊﾙﾐﾀﾞｲ9ｺｳｴﾝ,幼児,南区晴美台３丁９－１,泉ヶ丘,南,晴美台,0.06
400-420,槇塚第１公園,ﾏｷﾂﾞｶﾀﾞｲ1ｺｳｴﾝ,幼児,南区槇塚台１丁８－７,泉ヶ丘,南,槇塚台,0.08
400-421,槇塚第２公園,ﾏｷﾂﾞｶﾀﾞｲ2ｺｳｴﾝ,幼児,南区槇塚台１丁１１－１２,泉ヶ丘,南,槇塚台,0.06
400-422,槇塚第３公園,ﾏｷﾂﾞｶﾀﾞｲ3ｺｳｴﾝ,幼児,南区槇塚台２丁１－９,泉ヶ丘,南,槇塚台,0.09
400-423,槇塚第４公園,ﾏｷﾂﾞｶﾀﾞｲ4ｺｳｴﾝ,幼児,南区槇塚台２丁１９－５,泉ヶ丘,南,槇塚台,0.06
400-424,槇塚第５公園,ﾏｷﾂﾞｶﾀﾞｲ5ｺｳｴﾝ,幼児,南区槇塚台２丁２７－１,泉ヶ丘,南,槇塚台,0.08
400-425,槇塚第６公園,ﾏｷﾂﾞｶﾀﾞｲ6ｺｳｴﾝ,幼児,南区槇塚台２丁２８－１,泉ヶ丘,南,槇塚台,0.08
400-426,槇塚第７公園,ﾏｷﾂﾞｶﾀﾞｲ7ｺｳｴﾝ,幼児,南区槇塚台２丁３５－５,泉ヶ丘,南,槇塚台,0.05
400-427,槇塚第８公園,ﾏｷﾂﾞｶﾀﾞｲ8ｺｳｴﾝ,幼児,南区槇塚台３丁１７－８,泉ヶ丘,南,槇塚台,0.06
400-428,槇塚第９公園,ﾏｷﾂﾞｶﾀﾞｲ9ｺｳｴﾝ,幼児,南区槇塚台３丁２９－２５,泉ヶ丘,南,槇塚台,0.09
400-429,槇塚第１０公園,ﾏｷﾂﾞｶﾀﾞｲ10ｺｳｴﾝ,幼児,南区槇塚台３丁３８－１,泉ヶ丘,南,槇塚台,0.04
400-430,桃山第１公園,ﾓﾓﾔﾏﾀﾞｲ1ｺｳｴﾝ,幼児,南区桃山台１丁６－８,泉ヶ丘,南,桃山台,0.07
400-431,桃山第２公園,ﾓﾓﾔﾏﾀﾞｲ2ｺｳｴﾝ,幼児,南区桃山台１丁１５－１,泉ヶ丘,南,桃山台,0.03
400-432,桃山第３公園,ﾓﾓﾔﾏﾀﾞｲ3ｺｳｴﾝ,幼児,南区桃山台２丁１０－９,泉ヶ丘,南,桃山台,0.05
400-433,桃山第４公園,ﾓﾓﾔﾏﾀﾞｲ4ｺｳｴﾝ,幼児,南区桃山台３丁１４－１,泉ヶ丘,南,福泉中央,0.03
400-434,桃山第５公園,ﾓﾓﾔﾏﾀﾞｲ5ｺｳｴﾝ,幼児,南区桃山台３丁１９－９,泉ヶ丘,南,福泉中央,0.04
400-435,桃山第６公園,ﾓﾓﾔﾏﾀﾞｲ6ｺｳｴﾝ,幼児,南区桃山台３丁２３－５,泉ヶ丘,南,福泉中央,0.05
400-436,桃山第７公園,ﾓﾓﾔﾏﾀﾞｲ7ｺｳｴﾝ,街区,南区桃山台３丁２９－２６,泉ヶ丘,南,福泉中央,0.13
400-437,桃山第８公園,ﾓﾓﾔﾏﾀﾞｲ8ｺｳｴﾝ,幼児,南区桃山台４丁４－１２,泉ヶ丘,南,福泉中央,0.04
400-438,原山第１公園,ﾊﾗﾔﾏﾀﾞｲ1ｺｳｴﾝ,幼児,南区原山台４丁１２－１１,泉ヶ丘,南,原山台,0.05
400-439,庭代第１公園,ﾆﾜｼﾛﾀﾞｲ1ｺｳｴﾝ,幼児,南区庭代台１丁３－３,泉ヶ丘,南,庭代台,0.07
400-440,庭代第２公園,ﾆﾜｼﾛﾀﾞｲ2ｺｳｴﾝ,幼児,南区庭代台１丁７－３,泉ヶ丘,南,庭代台,0.08
400-441,庭代第３公園,ﾆﾜｼﾛﾀﾞｲ3ｺｳｴﾝ,幼児,南区庭代台１丁１４－１８,泉ヶ丘,南,庭代台,0.05
400-442,庭代第４公園,ﾆﾜｼﾛﾀﾞｲ4ｺｳｴﾝ,幼児,南区庭代台１丁２１－１４,泉ヶ丘,南,庭代台,0.03
400-443,庭代第５公園,ﾆﾜｼﾛﾀﾞｲ5ｺｳｴﾝ,幼児,南区庭代台１丁３２－７,泉ヶ丘,南,庭代台,0.05
400-444,庭代第６公園,ﾆﾜｼﾛﾀﾞｲ6ｺｳｴﾝ,幼児,南区庭代台１丁４１－１５,泉ヶ丘,南,庭代台,0.05
400-445,庭代第７公園,ﾆﾜｼﾛﾀﾞｲ7ｺｳｴﾝ,幼児,南区庭代台３丁３－１８,泉ヶ丘,南,庭代台,0.10
400-446,庭代第８公園,ﾆﾜｼﾛﾀﾞｲ8ｺｳｴﾝ,幼児,南区庭代台３丁５－４,泉ヶ丘,南,庭代台,0.08
400-447,庭代第９公園,ﾆﾜｼﾛﾀﾞｲ9ｺｳｴﾝ,幼児,南区庭代台４丁５－４,泉ヶ丘,南,庭代台,0.09
400-448,庭代第１０公園,ﾆﾜｼﾛﾀﾞｲ10ｺｳｴﾝ,幼児,南区庭代台４丁１１－１１,泉ヶ丘,南,庭代台,0.09
400-449,庭代第１１公園,ﾆﾜｼﾛﾀﾞｲ11ｺｳｴﾝ,幼児,南区庭代台４丁１８－１３,泉ヶ丘,南,庭代台,0.04
400-450,庭代第１２公園,ﾆﾜｼﾛﾀﾞｲ12ｺｳｴﾝ,街区,南区庭代台４丁２６－１７,泉ヶ丘,南,庭代台,0.11
400-451,庭代第１３公園,ﾆﾜｼﾛﾀﾞｲ13ｺｳｴﾝ,幼児,南区庭代台４丁３６－５,泉ヶ丘,南,庭代台,0.06
400-452,御池第１公園,ﾐｲｹﾀﾞｲ1ｺｳｴﾝ,幼児,南区御池台１丁２－８,泉ヶ丘,南,御池台,0.04
400-453,御池第２公園,ﾐｲｹﾀﾞｲ2ｺｳｴﾝ,幼児,南区御池台１丁１５－１１,泉ヶ丘,南,御池台,0.05
400-454,御池第３公園,ﾐｲｹﾀﾞｲ3ｺｳｴﾝ,幼児,南区御池台１丁３５－２０,泉ヶ丘,南,御池台,0.06
400-455,御池第４公園,ﾐｲｹﾀﾞｲ4ｺｳｴﾝ,幼児,南区御池台３丁３３－３,泉ヶ丘,南,御池台,0.04
400-456,御池第５公園,ﾐｲｹﾀﾞｲ5ｺｳｴﾝ,幼児,南区御池台４丁９－１,泉ヶ丘,南,御池台,0.04
400-457,御池第６公園,ﾐｲｹﾀﾞｲ6ｺｳｴﾝ,幼児,南区御池台４丁１６－１,泉ヶ丘,南,御池台,0.04
400-458,御池第７公園,ﾐｲｹﾀﾞｲ7ｺｳｴﾝ,幼児,南区御池台４丁１７－７,泉ヶ丘,南,御池台,0.07
400-459,赤坂第１公園,ｱｶｻｶﾀﾞｲ1ｺｳｴﾝ,幼児,南区赤坂台１丁１２－４,泉ヶ丘,南,赤坂台,0.05
400-460,赤坂第２公園,ｱｶｻｶﾀﾞｲ2ｺｳｴﾝ,幼児,南区赤坂台１丁２０－５,泉ヶ丘,南,赤坂台,0.06
400-461,赤坂第３公園,ｱｶｻｶﾀﾞｲ3ｺｳｴﾝ,幼児,南区赤坂台１丁２６－６,泉ヶ丘,南,赤坂台,0.04
400-462,赤坂第４公園,ｱｶｻｶﾀﾞｲ4ｺｳｴﾝ,幼児,南区赤坂台１丁４２－５,泉ヶ丘,南,赤坂台,0.07
400-463,赤坂第５公園,ｱｶｻｶﾀﾞｲ5ｺｳｴﾝ,幼児,南区赤坂台１丁５７－１,泉ヶ丘,南,赤坂台,0.06
400-464,赤坂第６公園,ｱｶｻｶﾀﾞｲ6ｺｳｴﾝ,幼児,南区赤坂台３丁６－１,泉ヶ丘,南,赤坂台,0.04
400-465,赤坂第７公園,ｱｶｻｶﾀﾞｲ7ｺｳｴﾝ,幼児,南区赤坂台４丁４－１０,泉ヶ丘,南,赤坂台,0.07
400-466,赤坂第８公園,ｱｶｻｶﾀﾞｲ8ｺｳｴﾝ,幼児,南区赤坂台４丁９－１,泉ヶ丘,南,赤坂台,0.04
400-467,赤坂第１０公園,ｱｶｻｶﾀﾞｲ10ｺｳｴﾝ,幼児,南区赤坂台５丁１３－１３,泉ヶ丘,南,赤坂台,0.07
400-468,赤坂第１１公園,ｱｶｻｶﾀﾞｲ11ｺｳｴﾝ,幼児,南区赤坂台５丁１７－７,泉ヶ丘,南,赤坂台,0.05
400-469,赤坂第１２公園,ｱｶｻｶﾀﾞｲ12ｺｳｴﾝ,幼児,南区赤坂台６丁１－８,泉ヶ丘,南,赤坂台,0.06
400-470,赤坂第１３公園,ｱｶｻｶﾀﾞｲ13ｺｳｴﾝ,幼児,南区赤坂台６丁１６－２７,泉ヶ丘,南,赤坂台,0.04
400-471,新檜尾第１公園,ｼﾝﾋﾉｵﾀﾞｲ1ｺｳｴﾝ,幼児,南区新檜尾台１丁１－５,泉ヶ丘,南,新檜尾台,0.05
400-472,新檜尾第２公園,ｼﾝﾋﾉｵﾀﾞｲ2ｺｳｴﾝ,幼児,南区新檜尾台１丁１４－７,泉ヶ丘,南,新檜尾台,0.04
400-473,新檜尾第３公園,ｼﾝﾋﾉｵﾀﾞｲ3ｺｳｴﾝ,幼児,南区新檜尾台１丁１－５３,泉ヶ丘,南,新檜尾台,0.07
400-474,新檜尾第５公園,ｼﾝﾋﾉｵﾀﾞｲ5ｺｳｴﾝ,幼児,南区新檜尾台４丁３－１,泉ヶ丘,南,新檜尾台,0.07
400-475,新檜尾第７公園,ｼﾝﾋﾉｵﾀﾞｲ7ｺｳｴﾝ,幼児,南区新檜尾台４丁１１－９,泉ヶ丘,南,新檜尾台,0.04
400-476,新檜尾第８公園,ｼﾝﾋﾉｵﾀﾞｲ8ｺｳｴﾝ,幼児,南区新檜尾台４丁１７－４,泉ヶ丘,南,新檜尾台,0.04
400-477,鴨谷第１公園,ｶﾓﾀﾆﾀﾞｲ1ｺｳｴﾝ,幼児,南区鴨谷台１丁２５－６,泉ヶ丘,南,美木多,0.06
400-478,鴨谷第２公園,ｶﾓﾀﾆﾀﾞｲ2ｺｳｴﾝ,幼児,南区鴨谷台１丁３３－１,泉ヶ丘,南,美木多,0.05
400-479,鴨谷第３公園,ｶﾓﾀﾆﾀﾞｲ3ｺｳｴﾝ,幼児,南区鴨谷台１丁５１－１３,泉ヶ丘,南,美木多,0.04
400-480,城山第１公園,ｼﾛﾔﾏﾀﾞｲ1ｺｳｴﾝ,幼児,南区城山台１丁７－１,泉ヶ丘,南,城山台,0.06
400-481,城山第２公園,ｼﾛﾔﾏﾀﾞｲ2ｺｳｴﾝ,幼児,南区城山台３丁２１－１２,泉ヶ丘,南,城山台,0.06
400-482,大仙西町第４公園,ﾀﾞｲｾﾝﾆｼﾏﾁﾀﾞｲ4ｺｳｴﾝ,街区,堺区大仙西町５丁１３９－２,大浜,堺,大仙西,0.11
400-483,金口公園,ｶﾅｸﾞﾁｺｳｴﾝ,街区,北区中百舌鳥町４丁８４,大浜,北,中百舌鳥,0.11
400-484,梅寿公園,ﾊﾞｲｼﾞｭｺｳｴﾝ,街区,北区百舌鳥梅北町５丁１６,大浜,北,百舌鳥,0.10
400-485,築港新町はまひるがお公園,ﾁｯｺｳｼﾝﾏﾁﾊﾏﾋﾙｶﾞｵｺｳｴﾝ,街区,西区築港新町２丁６－４５,大浜,西,浜寺石津,0.12
400-486,大浜北町ウエーブ公園,ｵｵﾊﾏｷﾀﾏﾁｳｴｰﾌﾞｺｳｴﾝ,幼児,堺区大浜北町１丁,大浜,堺,英彰,0.07
400-487,大浜南町サーフィン公園,ｵｵﾊﾏﾐﾅﾐﾏﾁｻｰﾌｨﾝｺｳｴﾝ,幼児,堺区大浜南町１丁,大浜,堺,英彰,0.03
400-488,出島町レールウェイ公園,ﾃﾞｼﾞﾏﾁｮｳﾚｰﾙｳｪｲｺｳｴﾝ,幼児,堺区出島海岸通２丁,大浜,堺,英彰,0.10
400-489,楠町ストリーム公園,ｸｽﾉｷﾁｮｳｽﾄﾘｰﾑｺｳｴﾝ,幼児,堺区楠町４丁,大浜,堺,新湊,0.04
400-490,浜寺石津町中レーン公園,ﾊﾏﾃﾞﾗｲｼﾂﾞﾁｮｳﾅｶﾚｰﾝｺｳｴﾝ,幼児,西区浜寺石津町中１丁,大浜,西,浜寺石津,0.04
400-491,三宝町みずばしょう公園,ｻﾝﾎﾞｳﾁｮｳﾐｽﾞﾊﾞｼｮｳｺｳｴﾝ,幼児,堺区三宝町１丁１０－３,大浜,堺,三宝,0.06
400-492,上野芝向ヶ丘町きりんそう公園,ｳｴﾉｼﾊﾞﾑｺｳｶﾞｵｶﾁｮｳｷﾘﾝｿｳｺｳｴﾝ,街区,西区上野芝向ヶ丘町１丁７９１－５,大浜,西,向丘,0.25
400-493,大浜南町みやこぐさ公園,ｵｵﾊﾏﾐﾅﾐﾏﾁﾐﾔｺｸﾞｻｺｳｴﾝ,幼児,堺区大浜南町１丁１８－３,大浜,堺,英彰,0.04
400-494,西野つりふねそう公園,ﾆｼﾉﾂﾘﾌﾈｿｳｺｳｴﾝ,幼児,東区西野１１１－２７,原池,東,登美丘南,0.05
400-495,原山台しろつめぐさ公園,ﾊﾗﾔﾏﾀﾞｲｼﾛﾂﾒｸﾞｻｺｳｴﾝ,幼児,南区原山台５丁４５６－１４３,泉ヶ丘,南,原山台東,0.05
400-496,浜寺諏訪森公園,ﾊﾏﾃﾞﾗｽﾜﾉﾓﾘｺｳｴﾝ,街区,西区浜寺諏訪森町西１丁８－２,大浜,西,浜寺,0.16
400-497,大美野公園,ｵｵﾐﾉｺｳｴﾝ,幼児,東区大美野８７－１,原池,東,登美丘西,0.05
400-498,今池町まいづるそう公園,ｲﾏｲｹﾁｮｳﾏｲﾂﾞﾞﾙｿｳｺｳｴﾝ,幼児,堺区今池町６丁５８－１７,大浜,堺,浅香山,0.03
400-499,深井東町いわかがみ公園,ﾌｶｲﾋｶﾞｼﾏﾁｲﾜｶｶﾞﾐｺｳｴﾝ,幼児,中区深井東町３０３７－２,原池,中,東深井,0.03
400-500,西野おきなぐさ公園,ﾆｼﾉｵｷﾅｸﾞｻｺｳｴﾝ,幼児,東区西野３８０－８,原池,東,登美丘南,0.04
400-501,鳳東町こなすび公園,ｵｵﾄﾘﾋｶﾞｼﾏﾁｺﾅｽﾋﾞｺｳｴﾝ,幼児,西区鳳東町７丁７６８－３３,大浜,西,鳳南,0.04
400-502,宮山台わかさぎ公園,ﾐﾔﾔﾏﾀﾞｲﾜｶｻｷﾞｺｳｴﾝ,広場,南区宮山台３丁４－５７,泉ヶ丘,南,宮山台,0.01
400-503,御池台ふたりしずか公園,ﾐｲｹﾀﾞｲﾌﾀﾘｼｽﾞｶｺｳｴﾝ,幼児,南区御池台３丁３－１６０,泉ヶ丘,南,御池台,0.06
400-504,御池台ひとりしずか公園,ﾐｲｹﾀﾞｲﾋﾄﾘｼｽﾞｶｺｳｴﾝ,幼児,南区御池台３丁３－７６,泉ヶ丘,南,御池台,0.06
400-505,桃山台わかあゆ公園,ﾓﾓﾔﾏﾀﾞｲﾜｶｱﾕｺｳｴﾝ,幼児,南区桃山台３丁３３－１,泉ヶ丘,南,福泉中央,0.09
400-506,八田北町かるがも公園,ﾊﾝﾀﾞｷﾀﾁｮｳｶﾙｶﾞﾓｺｳｴﾝ,街区,中区八田北町１０－４３,原池,中,八田荘西,0.15
400-507,八田寺町すずがも公園,ﾊﾝﾀﾞｲｼﾞﾁｮｳｽｽﾞｶﾞﾓｺｳｴﾝ,街区,中区八田寺町２９１－２２４,原池,中,八田荘西,0.11
400-508,陶器北かたつむり公園,ﾄｳｷｷﾀｶﾀﾂﾑﾘｺｳｴﾝ,広場,中区陶器北１０６９－２,原池,中,東陶器,0.02
400-509,深井花のこみち,ﾌｶｲﾊﾅﾉｺﾐﾁ,緑道,中区深井清水町３４５８,原池,中,深井,0.41
400-510,和田公園,ﾜﾀﾞｺｳｴﾝ,幼児,南区和田３７２－４,泉ヶ丘,南,宮山台,0.10
400-511,浜寺船尾第２公園,ﾊﾏﾃﾞﾗﾌﾅｵﾀﾞｲ2ｺｳｴﾝ,街区,西区浜寺船尾町東１丁１１７,大浜,西,浜寺東,0.13
400-512,草尾きんぎょそう公園,ｸｻｵｷﾝｷﾞｮｿｳｺｳｴﾝ,幼児,東区草尾２５－１１,原池,東,登美丘西,0.03
400-513,浜寺石津町中サンド公園,ﾊﾏﾃﾞﾗｲｼﾂﾞﾁｮｳﾅｶｻﾝﾄﾞｺｳｴﾝ,幼児,西区浜寺石津町中４丁,大浜,西,浜寺石津,0.04
400-514,海山町ファクトリー公園,ｶｲｻﾝﾁｮｳﾌｧｸﾄﾘｰｺｳｴﾝ,幼児,堺区海山町２丁,大浜,堺,三宝,0.08
400-515,浜寺石津町中ブリーチ公園,ﾊﾏﾃﾞﾗｲｼﾂﾞﾁｮｳﾅｶﾌﾞﾘｰﾁｺｳｴﾝ,幼児,西区浜寺石津町中２丁,大浜,西,浜寺石津,0.04
400-516,出島町くまがいそう公園,ﾃﾞｼﾞﾏﾁｮｳｸﾏｶﾞｲｿｳｺｳｴﾝ,幼児,堺区出島町２丁１８９－１２７,大浜,堺,新湊,0.04
400-517,鳳中町すずむしそう公園,ｵｵﾄﾘﾅｶﾏﾁｽｽﾞﾑｼｿｳｺｳｴﾝ,幼児,西区鳳中町２丁４８－４,大浜,西,鳳,0.06
400-518,南野田くるまゆり公園,ﾐﾅﾐﾉﾀﾞｸﾙﾏﾕﾘｺｳｴﾝ,幼児,東区南野田３３５－３,原池,東,野田,0.09
400-519,南野田すかしゆり公園,ﾐﾅﾐﾉﾀﾞｽｶｼﾕﾘｺｳｴﾝ,街区,東区南野田３７５－９,原池,東,野田,0.17
400-520,深阪ねじばな公園,ﾌｶｻｶﾈｼﾞﾊﾞﾅｺｳｴﾝ,幼児,中区深阪５丁１２３４－３,原池,中,深阪,0.04
400-521,鳳西町せんにんそう公園,ｵｵﾄﾘﾆｼﾏﾁｾﾝﾆﾝｿｳｺｳｴﾝ,幼児,西区鳳西町１丁８０－６,大浜,西,鳳南,0.04
400-522,西野公園,ﾆｼﾉｺｳｴﾝ,街区,東区西野５７６－１,原池,東,登美丘南,0.15
400-523,鉢ヶ峯いずも公園,ﾊﾁｶﾞﾐﾈｲｽﾞﾓｺｳｴﾝ,街区,南区鉢ヶ峯寺３７９,泉ヶ丘,南,上神谷,0.58
400-524,浜寺諏訪森町西くろまつ公園,ﾊﾏﾃﾞﾗｽﾜﾉﾓﾘﾁｮｳﾆｼｸﾛﾏﾂｺｳｴﾝ,広場,西区浜寺諏訪森町西３丁１９７－４,大浜,西,浜寺,0.02
400-525,北条町さるすべり公園,ﾎｳｼﾞｮｳﾁｮｳｻﾙｽﾍﾞﾘｺｳｴﾝ,広場,西区北条町２丁４８２－２,大浜,西,向丘,0.01
400-526,南花田町おぐるま公園,ﾐﾅﾐﾊﾅﾀﾞﾁｮｳｵｸﾞﾙﾏｺｳｴﾝ,幼児,北区南花田町１１９－６,大浜,北,北八下,0.04
400-527,花田口公園,ﾊﾅﾀﾞｸﾞﾁｺｳｴﾝ,街区,堺区北花田口町２丁６１－３,大浜,堺,熊野,0.12
400-528,美木多上公園,ﾐｷﾀｶﾐｺｳｴﾝ,街区,南区美木多上１３５－１,泉ヶ丘,南,美木多,0.34
400-529,清水はざま公園,ｼﾐｽﾞﾊｻﾞﾏｺｳｴﾝ,街区,中区深井清水町３６０６,原池,中,深井,0.45
400-530,柏木町公園,ｶｼﾜｷﾞﾁｮｳｺｳｴﾝ,幼児,堺区柏木町４丁８０－１,大浜,堺,新湊,0.07
400-531,神南辺町とけいそう公園,ｶﾝﾅﾍﾞﾁｮｳﾄｹｲｿｳｺｳｴﾝ,街区,堺区神南辺町２丁７６－９,大浜,堺,三宝,0.25
400-532,中茶屋あまりりす公園,ﾅｶﾁｬﾔｱﾏﾘﾘｽｺｳｴﾝ,広場,東区中茶屋４１－４０,原池,東,登美丘西,0.02
400-533,日置荘田中町あさつき公園,ﾋｷｼｮｳﾀﾅｶﾏﾁｱｻﾂｷｺｳｴﾝ,幼児,東区日置荘田中町３３２,原池,東,日置荘西,0.06
400-534,菱木下の池公園,ﾋｼｷｼﾓﾉｲｹｺｳｴﾝ,街区,西区菱木３丁２５０１－１,大浜,西,福泉,0.21
400-535,清水おさ公園,ｼﾐｽﾞｵｻｺｳｴﾝ,街区,中区深井清水町３６９８,原池,中,深井,0.27
400-536,晴美台ゆきもちそう公園,ﾊﾙﾐﾀﾞｲﾕｷﾓﾁｿｳｺｳｴﾝ,幼児,南区晴美台４丁３－４４,泉ヶ丘,南,晴美台,0.06
400-537,晴美台かのこそう公園,ﾊﾙﾐﾀﾞｲｶﾉｺｿｳｺｳｴﾝ,幼児,南区晴美台４丁３－４６,泉ヶ丘,南,晴美台,0.03
400-538,宮山第４公園,ﾐﾔﾔﾏﾀﾞｲ4ｺｳｴﾝ,幼児,南区宮山台１丁２２－４,泉ヶ丘,南,宮山台,0.09
400-539,庭代第１５公園,ﾆﾜｼﾛﾀﾞｲ15ｺｳｴﾝ,幼児,南区庭代台４丁４４－９,泉ヶ丘,南,庭代台,0.08
400-540,深井中町しくらめん公園,ﾌｶｲﾅｶﾏﾁｼｸﾗﾒﾝｺｳｴﾝ,幼児,中区深井中町１８０２,原池,中,深井,0.03
400-541,陶器北小角田公園,ﾄｳｷｷﾀｺｶﾝﾀﾞｺｳｴﾝ,街区,中区陶器北１８６６,原池,中,東陶器,0.12
400-542,毛穴町まがも公園,ｹﾅﾁｮｳﾏｶﾞﾓｺｳｴﾝ,街区,中区毛穴町２７３－７,原池,中,八田荘西,0.10
400-543,日置荘田中町しばざくら公園,ﾋｷｼｮｳﾀﾅｶﾏﾁｼﾊﾞｻﾞｸﾗｺｳｴﾝ,幼児,東区日置荘田中町３２２－１,原池,東,日置荘西,0.07
400-544,築港新町はまなでしこ公園,ﾁｯｺｳｼﾝﾏﾁﾊﾏﾅﾃﾞｼｺｺｳｴﾝ,近隣,西区築港新町１丁５－２２,大浜,西,浜寺石津,1.00
400-545,築港新町はまはこべ公園,ﾁｯｺｳｼﾝﾏﾁﾊﾏﾊｺﾍﾞｺｳｴﾝ,街区,西区築港新町１丁５－２１,大浜,西,浜寺石津,0.32
400-546,城山台あるめりあ公園,ｼﾛﾔﾏﾀﾞｲｱﾙﾒﾘｱｺｳｴﾝ,幼児,南区城山台４丁２－６６,泉ヶ丘,南,城山台,0.03
400-547,上ゆりのき公園,ｶﾐﾕﾘﾉｷｺｳｴﾝ,広場,西区上１６５－１３,大浜,西,福泉上,0.02
400-548,松屋町はなかいどう公園,ﾏﾂﾔﾁｮｳﾊﾅｶｲﾄﾞｳｺｳｴﾝ,広場,堺区松屋町１丁６－１１,大浜,堺,三宝,0.02
400-549,庭代せきれい公園,ﾆﾜｼﾛｾｷﾚｲｺｳｴﾝ,街区,南区庭代台４丁４５－４,泉ヶ丘,南,庭代台,0.49
400-550,霞ヶ丘公園,ｶｽﾐｶﾞｵｶｺｳｴﾝ,地区,西区上野芝町８丁２２８０－３,大浜,西,上野芝,3.51
400-551,晴美第１０公園,ﾊﾙﾐﾀﾞｲ10ｺｳｴﾝ,幼児,南区晴美台１丁３３－４,泉ヶ丘,南,晴美台,0.05
400-552,みきとじ公園,ﾐｷﾄｼﾞｺｳｴﾝ,街区,南区桃山台４丁２６－３０,泉ヶ丘,南,福泉中央,0.13
400-553,桃山第９公園,ﾓﾓﾔﾏﾀﾞｲ9ｺｳｴﾝ,幼児,南区桃山台１丁２１－６３,泉ヶ丘,南,桃山台,0.06
400-554,御池第８公園,ﾐｲｹﾀﾞｲ8ｺｳｴﾝ,幼児,南区御池台２丁１－１６４,泉ヶ丘,南,御池台,0.03
400-555,赤坂第９公園,ｱｶｻｶﾀﾞｲ9ｺｳｴﾝ,幼児,南区赤坂台４丁１８－７,泉ヶ丘,南,赤坂台,0.04
400-556,新檜尾第６公園,ｼﾝﾋﾉｵﾀﾞｲ6ｺｳｴﾝ,幼児,南区新檜尾台４丁１０－７,泉ヶ丘,南,新檜尾台,0.05
400-557,御池台くりんざくら公園,ﾐｲｹﾀﾞｲｸﾘﾝｻﾞｸﾗｺｳｴﾝ,街区,南区御池台２丁４－５６,泉ヶ丘,南,御池台,0.14
400-558,豊田つくばねそう公園,ﾄﾖﾀﾞﾂｸﾊﾞﾈｿｳｺｳｴﾝ,幼児,南区豊田５２－４２,泉ヶ丘,南,上神谷,0.04
400-559,奥本公園,ｵｸﾓﾄｺｳｴﾝ,街区,北区奥本町１丁２８８,大浜,北,五箇荘,0.17
400-560,上野芝向ヶ丘町かもめらん公園,ｳｴﾉｼﾊﾞﾑｺｳｶﾞｵｶﾁｮｳｶﾓﾒﾗﾝｺｳｴﾝ,幼児,西区上野芝向ヶ丘町６丁１２８－５,大浜,西,向丘,0.03
400-561,福田はくさんいちげ公園,ﾌｸﾀﾞﾊｸｻﾝｲﾁｹﾞｺｳｴﾝ,幼児,中区福田１０７４－３,原池,東,登美丘西,0.03
400-562,高松まんりょう公園,ﾀｶﾏﾂﾏﾝﾘｮｳｺｳｴﾝ,幼児,東区高松２２９－２,原池,東,登美丘東,0.05
400-563,深井西公園,ﾌｶｲﾆｼｺｳｴﾝ,街区,中区深井中町８９７－３,原池,中,深井西,0.13
400-564,中村町公園,ﾅｶﾑﾗﾁｮｳｺｳｴﾝ,幼児,北区野遠町３５２－３,大浜,北,北八下,0.10
400-565,深阪大川端公園,ﾌｶｻｶｵｵｶﾜﾊﾞﾀｺｳｴﾝ,幼児,中区深阪４丁２５９６－１,原池,中,深阪,0.06
400-566,築港浜寺西町はまかんざし公園,ﾁｯｺｳﾊﾏﾃﾞﾗﾆｼﾏﾁﾊﾏｶﾝｻﾞｼｺｳｴﾝ,幼児,西区築港浜寺西町１０－６,大浜,西,浜寺昭和,0.07
400-567,登美丘北公園,ﾄﾐｵｶｷﾀｺｳｴﾝ,地区,東区丈六２０８－３,原池,東,登美丘東,1.07
400-568,協和町第６公園,ｷｮｳﾜﾁｮｳﾀﾞｲ6ｺｳｴﾝ,街区,堺区協和町４丁３６７－２,大浜,堺,大仙西,0.11
400-569,三原第８公園（さくら公園）,ﾐﾊﾗﾀﾞｲ8ｺｳｴﾝ,街区,南区三原台２丁８－２６,泉ヶ丘,南,三原台,0.14
400-570,三原第９公園（ふね公園）,ﾐﾊﾗﾀﾞｲ9ｺｳｴﾝ,幼児,南区三原台４丁３３－６,泉ヶ丘,南,三原台,0.05
400-571,庭代第１４公園,ﾆﾜｼﾛﾀﾞｲ14ｺｳｴﾝ,幼児,南区庭代台２丁２－６９,泉ヶ丘,南,庭代台,0.06
400-572,赤坂第１４公園,ｱｶｻｶﾀﾞｲ14ｺｳｴﾝ,幼児,南区赤坂台６丁２６－１０,泉ヶ丘,南,赤坂台,0.04
400-573,城山第３公園,ｼﾛﾔﾏﾀﾞｲ3ｺｳｴﾝ,幼児,南区城山台３丁４－１６,泉ヶ丘,南,城山台,0.09
400-574,おおもり公園,ｵｵﾓﾘｺｳｴﾝ,街区,南区桃山台３丁２８－２８,泉ヶ丘,南,美木多,0.27
400-575,田園メモリアル緑地,ﾀｿﾞﾉﾒﾓﾘｱﾙﾘｮｸﾁ,都市緑地,南区三原台２丁１１－１,泉ヶ丘,南,三原台,1.20
400-576,野々井メモリアル緑地,ﾉﾉｲﾒﾓﾘｱﾙﾘｮｸﾁ,都市緑地,南区桃山台３丁７－１１,泉ヶ丘,南,福泉中央,0.30
400-577,平田メモリアル緑地,ﾋﾗﾀﾒﾓﾘｱﾙﾘｮｸﾁ,都市緑地,南区桃山台３丁２－２,泉ヶ丘,南,福泉中央,0.71
400-578,檜尾山メモリアル緑地,ﾋﾉｵﾔﾏﾒﾓﾘｱﾙﾘｮｸﾁ,都市緑地,南区赤坂台５丁３１－２,泉ヶ丘,南,赤坂台,1.25
400-579,美木多メモリアル緑地,ﾐｷﾀﾒﾓﾘｱﾙﾘｮｸﾁ,都市緑地,南区鴨谷台１丁４９－８,泉ヶ丘,南,美木多,0.86
400-580,新金岡町ブリック公園,ｼﾝｶﾅｵｶﾁｮｳﾌﾞﾘｯｸｺｳｴﾝ,街区,北区新金岡町５丁１００６,大浜,北,新金岡東,0.13
400-581,福田しらねあおい公園,ﾌｸﾀﾞｼﾗﾈｱｵｲｺｳｴﾝ,幼児,中区福田３０７－６,原池,中,東陶器,0.06
400-582,船堂公園,ｾﾝﾄﾞｳｺｳｴﾝ,近隣,北区船堂町１丁１７４,大浜,北,五箇荘東,1.86
400-583,翁橋公園,ｵｷﾅﾊﾞｼｺｳｴﾝ,街区,堺区翁橋町２丁１４５－２,大浜,堺,安井,0.31
400-584,陶器北公園,ﾄｳｷｷﾀｺｳｴﾝ,街区,中区陶器北１０７２－１,原池,中,東陶器,0.18
400-585,土塔町公園,ﾄﾞﾄｳﾁｮｳｺｳｴﾝ,近隣,中区土塔町１６２－２６,原池,中,東百舌鳥,1.81
400-586,向陵公園,ｺｳﾘｮｳｺｳｴﾝ,近隣,堺区向陵東町３丁２２０－２,大浜,堺,榎,1.51
400-587,添尾メモリアル緑地,ｿﾖｵﾒﾓﾘｱﾙﾘｮｸﾁ,都市緑地,南区茶山台３丁２４－１１,泉ヶ丘,南,茶山台,1.59
400-588,百舌鳥本町やまはなそう公園,ﾓｽﾞﾎﾝﾏﾁﾔﾏﾊﾅｿｳｺｳｴﾝ,街区,北区百舌鳥本町３丁５２７－２,大浜,北,西百舌鳥,0.16
400-589,浜寺諏訪森町東公園,ﾊﾏﾃﾞﾗｽﾜﾉﾓﾘﾁｮｳﾋｶﾞｼｺｳｴﾝ,幼児,西区浜寺諏訪森町東３丁３４２－４,大浜,西,浜寺,0.04
400-590,シュガ谷公園,ｼｭｶﾞﾀﾆｺｳｴﾝ,街区,南区土佐屋台１５５１,泉ヶ丘,南,竹城台東,0.21
400-591,城山第４公園,ｼﾛﾔﾏﾀﾞｲ4ｺｳｴﾝ,幼児,南区城山台１丁３６－７,泉ヶ丘,南,城山台,0.05
400-592,原山メモリアル緑地,ﾊﾗﾔﾏﾒﾓﾘｱﾙﾘｮｸﾁ,都市緑地,南区原山台５丁４５６－３８,泉ヶ丘,南,原山台東,0.33
400-593,東山あかねすみれ公園,ﾋｶﾞｼﾔﾏｱｶﾈｽﾐﾚｺｳｴﾝ,幼児,中区東山２８－９,原池,中,久世,0.05
400-594,南野田公園,ﾐﾅﾐﾉﾀﾞｺｳｴﾝ,街区,東区南野田２２１－１,原池,東,野田,0.12
400-595,東雲東公園,ｼﾉﾉﾒﾋｶﾞｼｺｳｴﾝ,幼児,北区東雲東町２丁１２－１,大浜,北,東三国丘,0.10
400-596,東山はないかり公園,ﾋｶﾞｼﾔﾏﾊﾅｲｶﾘｺｳｴﾝ,幼児,中区東山７７－４８,原池,中,久世,0.09
400-597,土塔町西谷公園,ﾄﾞﾄｳﾁｮｳﾆｼﾀﾆｺｳｴﾝ,幼児,中区土塔町３０５０,原池,中,東百舌鳥,0.08
400-598,土塔町東公園,ﾄﾞﾄｳﾁｮｳﾋｶﾞｼｺｳｴﾝ,幼児,中区土塔町３０００,原池,中,東百舌鳥,0.06
400-599,土塔町北谷公園,ﾄﾞﾄｳﾁｮｳｷﾀﾀﾆｺｳｴﾝ,街区,中区土塔町３１３０,原池,中,東百舌鳥,0.15
400-600,向陵東町ぶどう公園,ｺｳﾘｮｳﾋｶﾞｼﾏﾁﾌﾞﾄﾞｳｺｳｴﾝ,幼児,堺区向陵東町３丁２２１－１９,大浜,堺,榎,0.04
400-601,家原大池公園,ｴﾊﾞﾗｵｵｲｹｺｳｴﾝ,地区,西区家原寺町１丁１３３－２,大浜,西,家原寺,4.14
400-602,笠池公園,ｶｻｲｹｺｳｴﾝ,街区,西区上３９－２,大浜,西,福泉上,0.47
400-603,大饗野公園,ｵﾜｲﾉｺｳｴﾝ,幼児,東区菩提町１丁１４８,原池,東,南八下,0.10
400-604,ひょんのき公園,ﾋｮﾝﾉｷｺｳｴﾝ,街区,中区土塔町３３２９,原池,中,東百舌鳥,0.12
400-605,おおたに公園,ｵｵﾀﾆｺｳｴﾝ,幼児,中区土塔町３３７９,原池,中,東百舌鳥,0.10
400-606,東湊町れもん公園,ﾋｶﾞｼﾐﾅﾄﾁｮｳﾚﾓﾝｺｳｴﾝ,幼児,堺区東湊町６丁３５３－３,大浜,堺,新湊,0.06
400-607,東浅香山町おかりば公園,ﾋｶﾞｼｱｻｶﾔﾏﾁｮｳｵｶﾘﾊﾞｺｳｴﾝ,近隣,北区東浅香山町４丁１－２６,大浜,北,新浅香山,0.97
400-608,庭代台やっこそう公園,ﾆﾜｼﾛﾀﾞｲﾔｯｺｿｳｺｳｴﾝ,街区,南区庭代台３丁９－１,泉ヶ丘,南,庭代台,0.12
400-609,中百舌鳥町れんげそう公園,ﾅｶﾓｽﾞﾁｮｳﾚﾝｹﾞｿｳｺｳｴﾝ,街区,北区中百舌鳥町１丁２４７,大浜,北,中百舌鳥,0.15
400-610,南花田町さざんか公園,ﾐﾅﾐﾊﾅﾀﾞﾁｮｳｻｻﾞﾝｶｺｳｴﾝ,広場,北区南花田町１１５－７,大浜,北,北八下,0.02
400-611,ばらいず池公園,ﾊﾞﾗｲｽﾞｲｹｺｳｴﾝ,街区,中区平井２１５－７,原池,中,久世,0.23
400-612,南野田りんご公園,ﾐﾅﾐﾉﾀﾞﾘﾝｺﾞｺｳｴﾝ,街区,東区南野田３３７－４４,原池,東,野田,0.15
400-613,百舌鳥本町ゆず公園,ﾓｽﾞﾎﾝﾏﾁﾕｽﾞｺｳｴﾝ,幼児,北区百舌鳥本町３丁５３８－９,大浜,北,西百舌鳥,0.04
400-614,菩提町ナシ公園,ﾎﾞﾀﾞｲﾁｮｳﾅｼｺｳｴﾝ,街区,東区菩提町３丁３９－２０,原池,東,南八下,0.25
400-615,菩提町キュウリ緑地,ﾎﾞﾀﾞｲﾁｮｳｷｭｳﾘﾘｮｸﾁ,都市緑地,東区菩提町３丁３９－３５,原池,東,南八下,0.68
400-616,土塔町ラフランス公園,ﾄﾞﾄｳﾁｮｳﾗﾌﾗﾝｽｺｳｴﾝ,幼児,中区土塔町５１－５,原池,中,東百舌鳥,0.04
400-617,野尻町くまざさ公園,ﾉｼﾞﾘﾁｮｳｸﾏｻﾞｻｺｳｴﾝ,広場,東区野尻町２８４－３０,原池,東,白鷺,0.02
400-618,第三向陵公園,ﾀﾞｲ3ｺｳﾘｮｳｺｳｴﾝ,街区,堺区向陵東町１丁６５,大浜,堺,榎,0.54
400-619,東湊みどりの広場,ﾋｶﾞｼﾐﾅﾄﾐﾄﾞﾘﾉﾋﾛﾊﾞ,幼児,堺区東湊町３丁１８０－１,大浜,堺,新湊,0.05
400-620,山田鶴鳴公園,ﾔﾏﾀﾞｶｸﾒｲｺｳｴﾝ,幼児,西区山田１丁１０９４－５,大浜,西,福泉,0.05
400-621,上カボス公園,ｶﾐｶﾎﾞｽｺｳｴﾝ,幼児,西区上１１０－２７,大浜,西,福泉上,0.03
400-622,山田くるみ公園,ﾔﾏﾀﾞｸﾙﾐｺｳｴﾝ,幼児,西区山田３丁９１９－２０,大浜,西,福泉,0.09
400-623,高倉台アセロラ公園,ﾀｶｸﾗﾀﾞｲｱｾﾛﾗｺｳｴﾝ,幼児,南区高倉台１丁１７－３３,泉ヶ丘,南,高倉台西,0.04
400-624,百舌鳥本町だわの坂公園,ﾓｽﾞﾎﾝﾏﾁﾀﾞﾜﾉｻｶｺｳｴﾝ,街区,北区百舌鳥本町２丁４５５,大浜,北,西百舌鳥,0.10
400-625,百舌鳥西之町城之下公園,ﾓｽﾞﾆｼﾉﾁｮｳｼﾞｮｳﾉｼﾀｺｳｴﾝ,街区,北区百舌鳥西之町１丁２４２,大浜,北,百舌鳥,0.10
400-626,平岡町ピオーネ公園,ﾋﾗｵｶﾁｮｳﾋﾟｵｰﾈｺｳｴﾝ,幼児,西区平岡町１８５－６８,大浜,西,平岡,0.03
400-627,八田南之町公園,ﾊﾝﾀﾞﾐﾅﾐﾉﾁｮｳｺｳｴﾝ,幼児,中区八田南之町４３６－１,原池,中,八田荘,0.07
400-628,御陵山公園,ｺﾞﾘｮｳﾔﾏｺｳｴﾝ,風致,北区百舌鳥西之町３丁３５７－１,大浜,北,百舌鳥,1.59
400-629,浜寺石津町東サンフラワー公園,ﾊﾏﾃﾞﾗｲｼﾂﾞﾁｮｳﾋｶﾞｼｻﾝﾌﾗﾜｰｺｳｴﾝ,幼児,西区浜寺石津町東５丁４７１－９,大浜,西,浜寺東,0.07
400-630,妙寺池公園,ﾐｮｳｼﾞｲｹｺｳｴﾝ,街区,堺区向陵中町３丁１０２－５,大浜,堺,榎,0.42
400-631,永代町パプリカ公園,ｴｲﾀｲﾁｮｳﾊﾟﾌﾟﾘｶｺｳｴﾝ,幼児,堺区永代町４丁５４－７２,大浜,堺,安井,0.05
400-632,中百舌鳥駅前公園,ﾅｶﾓｽﾞｴｷﾏｴｺｳｴﾝ,街区,北区長曽根町５５,大浜,北,金岡南,0.21
400-633,長曽根町北公園,ﾅｶﾞｿﾈﾁｮｳｷﾀｺｳｴﾝ,幼児,北区長曽根町１６６８,大浜,北,新金岡,0.03
400-634,野尻町加古里池公園,ﾉｼﾞﾘﾁｮｳｶｺﾞﾘｲｹｺｳｴﾝ,街区,東区野尻町１１２－３,原池,東,白鷺,0.18
400-635,南八下西公園,ﾐﾅﾐﾔｼﾓﾆｼｺｳｴﾝ,近隣,東区引野町３丁１５１－８,原池,東,八下西,0.93
400-636,八田北町公園,ﾊﾝﾀﾞｷﾀﾁｮｳｺｳｴﾝ,街区,中区八田北町３４１－１,原池,中,八田荘,0.15
400-637,栂緑地,ﾄｶﾞﾘｮｸﾁ,都市緑地,南区御池台５丁３－１,泉ヶ丘,南,御池台,7.06
400-638,原山台緑地,ﾊﾗﾔﾏﾀﾞｲﾘｮｸﾁ,都市緑地,南区原山台５丁４５６－２１,泉ヶ丘,南,原山台東,0.36
400-639,菱木サントリナ公園,ﾋｼｷｻﾝﾄﾘﾅｺｳｴﾝ,幼児,西区菱木１丁１３７６－１１２,大浜,西,福泉,0.06
400-640,鳳南町ローズ公園,ｵｵﾄﾘﾐﾅﾐﾏﾁﾛｰｽﾞｺｳｴﾝ,幼児,西区鳳南町５丁６５８－４,大浜,西,鳳南,0.03
400-641,上セイヴォリー公園,ｶﾐｾｲｳﾞｫﾘｰｺｳｴﾝ,幼児,西区上６７０－１０３,大浜,西,福泉上,0.05
400-642,土塔町ローズマリー公園,ﾄﾞﾄｳﾁｮｳﾛｰｽﾞﾏﾘｰｺｳｴﾝ,幼児,中区土塔町２００２－３２,原池,中,東百舌鳥,0.05
400-643,土塔町フレッシュタイム公園,ﾄﾞﾄｳﾁｮｳﾌﾚｯｼｭﾀｲﾑｺｳｴﾝ,幼児,中区土塔町９１－１７,原池,中,東百舌鳥,0.04
400-644,大野芝町マルメロ公園,ｵｵﾉｼﾊﾞﾁｮｳﾏﾙﾒﾛｺｳｴﾝ,幼児,中区大野芝町２３－９,原池,中,東百舌鳥,0.03
400-645,土師町ミント公園,ﾊｾﾞﾁｮｳﾐﾝﾄｺｳｴﾝ,幼児,中区土師町３丁１５８９－４,原池,中,土師,0.03
400-646,中百舌鳥町マシュマロウ公園,ﾅｶﾓｽﾞﾁｮｳﾏｼｭﾏﾛｳｺｳｴﾝ,幼児,北区中百舌鳥町６丁１０３４－２５,大浜,北,中百舌鳥,0.06
400-647,南野田アップル公園,ﾐﾅﾐﾉﾀﾞｱｯﾌﾟﾙｺｳｴﾝ,幼児,東区北野田１－１１,原池,東,登美丘南,0.04
400-648,下田町ハ－ブ公園,ｼﾓﾀﾞﾁｮｳﾊ－ﾌﾞｺｳｴﾝ,街区,西区下田町２６－１４,大浜,西,津久野,0.10
400-649,八田北町おしどり公園,ﾊﾝﾀﾞｷﾀﾁｮｳｵｼﾄﾞﾘｺｳｴﾝ,街区,中区八田北町１０－５４,原池,中,八田荘西,0.37
400-650,菱木サザンウッド公園,ﾋｼｷｻｻﾞﾝｳｯﾄﾞｺｳｴﾝ,幼児,西区菱木１丁２３４３－８,大浜,西,福泉,0.08
400-651,御池台花の丘公園,ﾐｲｹﾀﾞｲﾊﾅﾉｵｶｺｳｴﾝ,街区,南区御池台２丁２３－３,泉ヶ丘,南,御池台,0.10
400-652,南安井町リエール公園,ﾐﾅﾐﾔｽｲﾁｮｳﾘｴｰﾙｺｳｴﾝ,幼児,堺区南安井町２丁５０－８０,大浜,堺,安井,0.04
400-653,常磐町ウォーターリリー公園,ﾄｷﾜﾁｮｳｳｫｰﾀｰﾘﾘｰｺｳｴﾝ,幼児,北区常磐町１丁１７－９,大浜,北,東浅香山,0.03
400-654,深井中町セージ公園,ﾌｶｲﾅｶﾏﾁｾｰｼﾞｺｳｴﾝ,幼児,中区深井中町８８０－６６,原池,中,深井西,0.05
400-655,臨海の丘公園,ﾘﾝｶｲﾉｵｶｺｳｴﾝ,都市緑地,西区石津西町１０１,大浜,西,浜寺石津,1.04
400-656,草部メドゥスィート公園,ｸｻﾍﾞﾒﾄﾞｩｽｨｰﾄｺｳｴﾝ,幼児,西区草部９８６－４,大浜,西,福泉東,0.03
400-657,山田タンジー公園,ﾔﾏﾀﾞﾀﾝｼﾞｰｺｳｴﾝ,幼児,西区山田１丁１０９８－１０,大浜,西,福泉,0.04
400-658,引野町フレーズ公園,ﾋｷﾉﾁｮｳﾌﾚｰｽﾞｺｳｴﾝ,幼児,東区引野町１丁７－７７,原池,東,八下西,0.04
400-659,黒土みのんだ公園,ｸﾛﾂﾁﾐﾉﾝﾀﾞｺｳｴﾝ,街区,北区黒土町３００１－５,大浜,北,東三国丘,0.11
400-660,長曽根竹ノ内公園,ﾅｶﾞｿﾈﾀｹﾉｳﾁｺｳｴﾝ,街区,北区長曽根町３０３１－２,大浜,北,金岡,0.14
400-661,蟻ヶ池公園,ｱﾘｶﾞｲｹｺｳｴﾝ,街区,北区長曽根町３０４３－１,大浜,北,金岡南,0.17
400-662,金岡おおいけ公園,ｶﾅｵｶｵｵｲｹｺｳｴﾝ,街区,北区金岡町３０００－３,大浜,北,金岡,0.13
400-663,鳳西町みずか公園,ｵｵﾄﾘﾆｼﾏﾁﾐｽﾞｶｺｳｴﾝ,街区,西区鳳西町２丁７３－９,大浜,西,鳳南,0.10
400-664,原山台マリーゴールド公園,ﾊﾗﾔﾏﾀﾞｲﾏﾘｰｺﾞｰﾙﾄﾞｺｳｴﾝ,幼児,南区原山台５丁４５６－２９５,泉ヶ丘,南,原山台東,0.04
400-665,和田マンドレーク公園,ﾜﾀﾞﾏﾝﾄﾞﾚｰｸｺｳｴﾝ,幼児,南区和田５４７－２,泉ヶ丘,南,宮山台,0.03
400-666,深井水池町ハナノキ公園,ﾌｶｲﾐｽﾞｲｹﾁｮｳﾊﾅﾉｷｺｳｴﾝ,幼児,中区深井水池町４５２－２,原池,中,深井,0.04
400-667,堺自然ふれあいの森,ｻｶｲｼｾﾞﾝﾌﾚｱｲﾉﾓﾘ,都市林,南区富蔵６４０,泉ヶ丘,南,上神谷,17.19
400-668,片蔵シダレザクラ公園,ｶﾀｸﾗｼﾀﾞﾚｻﾞｸﾗｺｳｴﾝ,幼児,南区片蔵１４４９－４０６,泉ヶ丘,南,上神谷,0.04
400-669,和田セキショウ公園,ﾜﾀﾞｾｷｼｮｳｺｳｴﾝ,幼児,南区和田５５０－５,泉ヶ丘,南,宮山台,0.04
400-670,引野町アサザ公園,ﾋｷﾉﾁｮｳｱｻｻﾞｺｳｴﾝ,幼児,東区引野町１丁７－８２,原池,東,八下西,0.07
400-671,長曽根新池公園,ﾅｶﾞｿﾈｼﾝｲｹｺｳｴﾝ,街区,北区長曽根町３０１１－４,大浜,北,金岡,0.12
400-672,長曽根中池公園,ﾅｶﾞｿﾈﾅｶｲｹｺｳｴﾝ,街区,北区長曽根町３０１４－１,大浜,北,金岡,0.49
400-673,長曽根森ヶ池公園,ﾅｶﾞｿﾈﾓﾘｶﾞｲｹｺｳｴﾝ,街区,北区長曽根町３０５４,大浜,北,金岡,0.14
400-674,長曽根東公園,ﾅｶﾞｿﾈﾋｶﾞｼｺｳｴﾝ,街区,北区長曽根町３０６２－６,大浜,北,金岡,0.10
400-675,北野田シロネ公園,ｷﾀﾉﾀﾞｼﾛﾈｺｳｴﾝ,幼児,東区北野田１０００－１８,原池,東,野田,0.10
400-676,鳳公園,ｵｵﾄﾘｺｳｴﾝ,近隣,西区鳳南町３丁１９９－７,大浜,西,鳳南,2.08
400-677,引野町ハンノキ公園,ﾋｷﾉﾁｮｳﾊﾝﾉｷｺｳｴﾝ,幼児,東区引野町１丁７－１７９,原池,東,八下西,0.04
400-678,鳳南町ヒラドツツジ公園,ｵｵﾄﾘﾐﾅﾐﾏﾁﾋﾗﾄﾞﾂﾂｼﾞｺｳｴﾝ,幼児,西区鳳南町５丁４８６－９１,大浜,西,鳳南,0.04
400-679,逆瀬川クスノキ公園,ｻｶｾｶﾞﾜｸｽﾉｷｺｳｴﾝ,街区,南区畑１７９９－４０,泉ヶ丘,南,上神谷,0.12
400-680,金岡町セコイア公園,ｶﾅｵｶﾁｮｳｾｺｲｱｺｳｴﾝ,街区,北区金岡町１４２３－８,大浜,北,金岡南,0.25
400-681,逆瀬川ハナミズキ公園,ｻｶｾｶﾞﾜﾊﾅﾐｽﾞｷｺｳｴﾝ,街区,南区釜室１８８－３３,泉ヶ丘,南,上神谷,0.10
400-682,逆瀬川緑地,ｻｶｾｶﾞﾜﾘｮｸﾁ,都市緑地,南区釜室１８８－３２,泉ヶ丘,南,上神谷,0.59
400-683,楢葉ユキヤナギ公園,ﾅﾗﾊﾞﾕｷﾔﾅｷﾞｺｳｴﾝ,幼児,中区楢葉１７０－５５,原池,中,久世,0.03
400-684,原池公園,ﾊﾞﾗｲｹｺｳｴﾝ,運動,中区八田寺町３２０－２０,原池,中,久世,7.41
400-685,金岡窪田池公園,ｶﾅｵｶｸﾎﾞﾀｲｹｺｳｴﾝ,街区,北区金岡町３０２８－９,大浜,北,金岡,0.71
400-686,長曽根楠塚公園,ﾅｶﾞｿﾈｸｽﾂﾞｶｺｳｴﾝ,街区,北区長曽根町３０７６－１,大浜,北,金岡,0.14
400-687,深井中町高塚公園,ﾌｶｲﾅｶﾏﾁﾀｶﾂｶｺｳｴﾝ,街区,中区深井中町３２２８,原池,中,深井,0.16
400-688,鶴田公園,ﾂﾙﾀｺｳｴﾝ,幼児,西区鶴田町３０－１１,大浜,西,津久野,0.07
400-689,北野田アイブライト駅前公園,ｷﾀﾉﾀﾞｱｲﾌﾞﾗｲトｴｷﾏｴｺｳｴﾝ,幼児,東区北野田１－５,原池,東,登美丘南,0.08
400-690,片蔵カンヒザクラ公園,ｶﾀｸﾗｶﾝﾋｻﾞｸﾗｺｳｴﾝ,幼児,南区若松台３丁３４－４,泉ヶ丘,南,上神谷,0.05
400-691,美木多上ミゾソバ公園,ﾐｷﾀｶﾐﾐｿﾞｿﾊﾞｺｳｴﾝ,幼児,南区美木多上２０２６－１,泉ヶ丘,南,美木多,0.03
400-692,平井シェル・ヴェール公園,ﾋﾗｲｼｪﾙ･ｳﾞｪｰﾙｺｳｴﾝ,幼児,中区平井８７４－９,原池,中,久世,0.07
400-693,鳳南町ビッグバード公園,ｵｵﾄﾘﾐﾅﾐﾏﾁﾋﾞｯｸﾞﾊﾞｰﾄﾞｺｳｴﾝ,街区,西区鳳南町３丁１９９－２４,大浜,西,鳳南,0.16
400-694,陶器北しょうぶ池公園,ﾄｳｷｷﾀｼｮｳﾌﾞｲｹｺｳｴﾝ,幼児,中区陶器北９２８－７６,原池,中,東陶器,0.04
400-695,陶器北しょうぶ池緑地,ﾄｳｷｷﾀｼｮｳﾌﾞｲｹﾘｮｸﾁ,都市緑地,中区陶器北９２８－７０,原池,中,東陶器,0.24
400-696,片蔵カスミザクラ公園,ｶﾀｸﾗｶｽﾐｻﾞｸﾗｺｳｴﾝ,幼児,南区片蔵４６０－６４,泉ヶ丘,南,上神谷,0.04
400-697,稲葉コガマ公園,ｲﾅﾊﾞｺｶﾞﾏｺｳｴﾝ,幼児,南区稲葉３丁３１６７－２,泉ヶ丘,南,福泉中央,0.04
400-698,北野田クローバー公園,ｷﾀﾉﾀﾞｸﾛｰﾊﾞｰｺｳｴﾝ,幼児,東区北野田９３０－６,原池,東,野田,0.04
400-699,福田ハッカ公園,ﾌｸﾀﾞﾊｯｶｺｳｴﾝ,幼児,中区福田１４７－２５,原池,中,東陶器,0.03
400-700,野遠町フトイ公園,ﾉﾄｵﾁｮｳﾌﾄｲｺｳｴﾝ,幼児,北区野遠町５１９－２０,大浜,北,北八下,0.03
400-701,福田ネコノメソウ公園,ﾌｸﾀﾞﾈｺﾉﾒｿｳｺｳｴﾝ,幼児,中区福田１２２５－１４,原池,中,福田,0.03
400-702,土塔町ルナ・サクラ公園,ﾄﾞﾄｳﾁｮｳﾙﾅ･ｻｸﾗｺｳｴﾝ,幼児,中区土塔町１０８－６,原池,中,東百舌鳥,0.06
400-703,平井ウィステリア公園,ﾋﾗｲｳｨｽﾃﾘｱｺｳｴﾝ,幼児,中区平井８６７-7,原池,中,久世,0.06
400-704,湊西ぼうさい公園,ﾐﾅﾄﾆｼﾎﾞｳｻｲｺｳｴﾝ,幼児,堺区西湊町４丁２０８－１,大浜,堺,新湊,0.10
400-705,菱木イーフィールド公園,ﾋｼｷｲｰﾌｨｰﾙﾄﾞｺｳｴﾝ,幼児,西区菱木３丁２４８３－７,大浜,西,福泉,0.03
400-706,草部どんぐりの森公園,ｸｻﾍﾞﾄﾞﾝｸﾞﾘﾉﾓﾘｺｳｴﾝ,幼児,西区草部５３９－６,大浜,西,福泉,0.04
400-707,辻之つくしすみれ公園,ﾂｼﾞﾉﾂｸｼｽﾐﾚｺｳｴﾝ,幼児,中区辻之３７９－５,原池,中,西陶器,0.03
400-708,堺浜一号公園,ｻｶｲﾊﾏｲﾁｺﾞｳｺｳｴﾝ,近隣,堺区築港八幡町１－１１１,大浜,堺,三宝,1.76
400-709,深井畑山町ミズトンボ公園,ﾌｶｲﾊﾀﾔﾏﾁｮｳﾐｽﾞﾄﾝﾎﾞｺｳｴﾝ,幼児,中区深井畑山町２５１１－９,原池,中,福田,0.03
400-710,三国ヶ丘御幸通チョウジソウ公園,ﾐｸﾆｶﾞｵｶﾐﾕｷﾄﾞｵﾘﾁｮｳｼﾞｿｳｺｳｴﾝ,幼児,堺区三国ヶ丘御幸通５７－１４,大浜,堺,三国丘,0.04
400-711,菱木ハロー広場,ﾋｼｷﾊﾛｰﾋﾛﾊﾞ,幼児,西区菱木１丁２２３３－９０,大浜,西,福泉,0.05
400-712,豊田アマナ公園,ﾄﾖﾀﾞｱﾏﾅｺｳｴﾝ,幼児,南区豊田１５－９,泉ヶ丘,南,上神谷,0.03
400-713,深井北町公園,ﾌｶｲｷﾀﾏﾁｺｳｴﾝ,近隣,中区深井北町８４３－１,原池,中,深井西,1.17
400-714,野田西除川公園,ﾉﾀﾞﾆｼﾖｹｶﾞﾜｺｳｴﾝ,幼児,東区北野田２３７－１,原池,東,野田,0.10
400-715,草部タチヤナギ公園,ｸｻﾍﾞﾀﾁﾔﾅｷﾞｺｳｴﾝ,幼児,西区草部４２３－１,大浜,西,福泉,0.03
400-716,北野田アシタバ公園,ｷﾀﾉﾀﾞｱｼﾀﾊﾞｺｳｴﾝ,幼児,東区北野田９６５－５,原池,東,野田,0.05
400-717,北野田エボシグサ公園,ｷﾀﾉﾀﾞｴﾎﾞｼｸﾞｻｺｳｴﾝ,幼児,東区北野田９７５－４,原池,東,野田,0.04
400-718,西野カヤツリグサ公園,ﾆｼﾉｶﾔﾂﾘｸﾞｻｺｳｴﾝ,幼児,東区西野３５４－４,原池,東,登美丘南,0.04
400-719,太平寺サクラツツジ公園,ﾀｲﾍｲｼﾞｻｸﾗﾂﾂｼﾞｺｳｴﾝ,幼児,西区太平寺１７７－５,大浜,西,福泉,0.05
400-720,泉田中ミソハギ公園,ｲｽﾞﾐﾀﾅｶﾐｿﾊｷﾞｺｳｴﾝ,幼児,南区泉田中２４３１－８,泉ヶ丘,南,上神谷,0.05
400-721,日置荘西町モミジバフウ公園,ﾋｷｼｮｳﾆｼﾏﾁﾓﾐｼﾞﾊﾞﾌｳｺｳｴﾝ,幼児,東区日置荘西町２丁５１－７,原池,東,日置荘,0.05
400-722,浅香山緑道,ｱｻｶﾔﾏﾘｮｸﾄﾞｳ,緑道,堺区香ヶ丘町５丁７９－１２,大浜,堺,浅香山,1.45
400-723,大美野南公園,ｵｵﾐﾉﾐﾅﾐｺｳｴﾝ,街区,東区大美野３５０－１,原池,東,登美丘西,0.18
400-724,浜寺石津町東ラグーン公園,ﾊﾏﾃﾞﾗｲｼﾂﾞﾁｮｳﾋｶﾞｼﾗｸﾞｰﾝｺｳｴﾝ,幼児,西区浜寺石津町東５丁４７１－１５７,大浜,西,浜寺東,0.05
400-725,緑ヶ丘なごみ公園,ﾐﾄﾞﾘｶﾞｵｶﾅｺﾞﾐｺｳｴﾝ,幼児,堺区緑ヶ丘南町１丁２５－１,大浜,堺,神石,0.10
400-726,美木多上ワレモコウ公園,ﾐｷﾀｶﾐﾜﾚﾓｺｳｺｳｴﾝ,幼児,南区美木多上９６７－１０,泉ヶ丘,南,美木多,0.05
400-727,美木多上ワレモコウ緑地,ﾐｷﾀｶﾐﾜﾚﾓｺｳﾘｮｸﾁ,都市緑地,南区美木多上９７６－７,泉ヶ丘,南,美木多,0.31
400-728,草部サクララン公園,ｸｻﾍﾞｻｸﾗﾗﾝｺｳｴﾝ,幼児,西区草部６９０－６,大浜,西,福泉上,0.04
400-729,大仙町グリーティング公園,ﾀﾞｲｾﾝﾁｮｳｸﾞﾘｰﾃｨﾝｸﾞｺｳｴﾝ,幼児,堺区大仙町１１１４－６１,大浜,堺,大仙,0.07
400-730,美木多上カライトソウ緑地,ﾐｷﾀｶﾐｶﾗｲﾄｿｳﾘｮｸﾁ,都市緑地,南区美木多上２７５４－７,泉ヶ丘,南,美木多,0.15
400-731,美木多上カライトソウ公園,ﾐｷﾀｶﾐｶﾗｲﾄｿｳｺｳｴﾝ,幼児,南区美木多上９５７－１,泉ヶ丘,南,美木多,0.06
400-732,草部今池公園,ｸｻﾍﾞｲﾏｲｹｺｳｴﾝ,街区,西区草部２３８－１,大浜,西,福泉,0.34
400-733,陶器北きずな公園,ﾄｳｷｷﾀｷｽﾞﾅｺｳｴﾝ,街区,中区陶器北２５００,原池,中,東陶器,0.17
400-734,上野芝町四季彩公園,ｳｴﾉｼﾊﾞﾁｮｳｼｷｻｲｺｳｴﾝ,幼児,西区上野芝町５丁４９５－６,大浜,西,上野芝,0.03
400-735,見野山公園,ﾐﾉﾔﾏｺｳｴﾝ,街区,中区見野山２９－４,原池,中,東陶器,0.36
400-736,登美丘南公園,ﾄﾐｵｶﾐﾅﾐｺｳｴﾝ,地区,東区高松365-1,原池,東,登美丘南,0.25
400-737,南島町クロガネモチ公園,ﾐﾅﾐｼﾞﾏﾁｮｳｸﾛｶﾞﾈﾓﾁｺｳｴﾝ,幼児,堺区南島町１丁109,大浜,堺,三宝,0.04
400-738,野遠町イブキ公園,ﾉﾄｵﾁｮｳｲﾌﾞｷｺｳｴﾝ,幼児,北区野遠町192-3,大浜,北,北八下,0.03
400-739,毛穴桜公園（毛穴西公園）,ｹﾅｻｸﾗｺｳｴﾝ(ｹﾅﾆｼｺｳｴﾝ),街区,中区毛穴町１１６－１,原池,中,八田荘,0.05
400-740,逆瀬川シリウス公園,ｻｶｾｶﾞﾜｼﾘｳｽｺｳｴﾝ,街区,南区逆瀬川1280-208,泉ヶ丘,南,槇塚台,0.18
400-741,逆瀬川スピカ公園,ｻｶｾｶﾞﾜｽﾋﾟｶｺｳｴﾝ,街区,南区逆瀬川1280-5,泉ヶ丘,南,槇塚台,0.09
400-742,逆瀬川ベガ公園,ｻｶｾｶﾞﾜﾍﾞｶﾞｺｳｴﾝ,街区,南区逆瀬川1280-19,泉ヶ丘,南,槇塚台,0.09
400-743,逆瀬川コスモス緑地,ｻｶｾｶﾞﾜｺｽﾓｽﾘｮｸﾁ,都市緑地,南区逆瀬川1280-12外,泉ヶ丘,南,槇塚台,0.96
400-744,さくら今池公園,ｻｸﾗｲﾏｲｹｺｳｴﾝ,街区,北区新堀町１丁８５－１,大浜,北,五箇荘,1.40
400-745,白鷺町おもいで公園,ｼﾗｻｷﾞﾁｮｳｵﾓｲﾃﾞｺｳｴﾝ,街区,東区白鷺町３丁２９９－１２,原池,東,白鷺,0.22
400-746,初芝さくら公園,ﾊﾂｼﾊﾞｻｸﾗｺｳｴﾝ,幼児,東区日置荘西町２丁２３－３,原池,東,日置荘,0.04
400-747,錦西大和川公園,ｷﾝｻｲﾔﾏﾄｶﾞﾜｺｳｴﾝ,街区,堺区七道西町１２－１３,大浜,堺,錦西,0.52
400-748,久世公園,ｸｾﾞｺｳｴﾝ,街区,中区平井３２６,原池,中,久世,0.28
400-749,鳳南町第２公園,ｵｵﾄﾘﾐﾅﾐﾏﾁﾀﾞｲ2ｺｳｴﾝ,幼児,西区鳳南町５丁５１７－８１,大浜,西,鳳南,0.04
400-750,黒土町公園,ｸﾛﾂﾁﾁｮｳｺｳｴﾝ,幼児,北区黒土町２３６２－１,大浜,北,東三国丘,0.06
400-752,常磐町ふれ愛公園,ﾄｷﾜﾁｮｳﾌﾚｱｲｺｳｴﾝ,近隣,北区常磐町３丁１０－１,大浜,北,五箇荘東,1.12
400-753,三宝さくら公園,ｻﾝﾎﾞｳｻｸﾗｺｳｴﾝ,街区,堺区南島町５丁１７４－１,大浜,堺,三宝,0.35
400-754,深井中町ほほえみ公園,ﾌｶｲﾅｶﾏﾁﾎﾎｴﾐｺｳｴﾝ,街区,中区深井中町３２７－７６,原池,中,深井,0.04
401-001,堺市第５４－０７号公共緑地,ｻｶｲｼﾀﾞｲ54-07ｺﾞｳｺｳｷｮｳﾘｮｸﾁ,公共緑地,東区日置荘西町１丁１００３－１４,原池,東,日置荘,0.01
401-002,堺市第５４－０４号公共緑地,ｻｶｲｼﾀﾞｲ54-04ｺﾞｳｺｳｷｮｳﾘｮｸﾁ,公共緑地,中区陶器北１０７１－４,原池,中,東陶器,0.01
401-003,堺市第５４－０８号公共緑地,ｻｶｲｼﾀﾞｲ54-08ｺﾞｳｺｳｷｮｳﾘｮｸﾁ,公共緑地,東区日置荘北町３丁２９４－２,原池,東,日置荘,0.01
401-004,堺市第５４－０５号公共緑地,ｻｶｲｼﾀﾞｲ54-05ｺﾞｳｺｳｷｮｳﾘｮｸﾁ,公共緑地,中区深阪２丁２２９８－１１,原池,中,深阪,0.01
401-005,堺市第５４－１２号公共緑地,ｻｶｲｼﾀﾞｲ54-12ｺﾞｳｺｳｷｮｳﾘｮｸﾁ,公共緑地,西区浜寺昭和町２丁２２０－１０,大浜,西,浜寺昭和,0.01
401-006,堺市第５４－０３号公共緑地,ｻｶｲｼﾀﾞｲ54-03ｺﾞｳｺｳｷｮｳﾘｮｸﾁ,公共緑地,中区土師町１丁２７３３－２,原池,中,土師,0.01
401-007,堺市第５４－１３号公共緑地,ｻｶｲｼﾀﾞｲ54-13ｺﾞｳｺｳｷｮｳﾘｮｸﾁ,公共緑地,中区田園３９２－４,原池,中,西陶器,0.01
401-008,堺市第５５－０２号公共緑地,ｻｶｲｼﾀﾞｲ55-02ｺﾞｳｺｳｷｮｳﾘｮｸﾁ,公共緑地,中区深井沢町２７４－１０,原池,中,東深井,0.01
401-009,堺市第５４－０９号公共緑地,ｻｶｲｼﾀﾞｲ54-09ｺﾞｳｺｳｷｮｳﾘｮｸﾁ,公共緑地,西区浜寺諏訪森町西２丁１５３－８,大浜,西,浜寺,0.01
401-010,堺市第５５－０６号公共緑地,ｻｶｲｼﾀﾞｲ55-06ｺﾞｳｺｳｷｮｳﾘｮｸﾁ,公共緑地,堺区大浜中町３丁８２－１４,大浜,堺,英彰,0.01
401-011,堺市第５５－０１号公共緑地,ｻｶｲｼﾀﾞｲ55-01ｺﾞｳｺｳｷｮｳﾘｮｸﾁ,公共緑地,中区深阪１丁２４３６－３,原池,中,深阪,0.01
401-012,堺市第５５－０５号公共緑地,ｻｶｲｼﾀﾞｲ55-05ｺﾞｳｺｳｷｮｳﾘｮｸﾁ,公共緑地,東区草尾７６１－１１,原池,東,登美丘南,0.01
401-013,堺市第５５－０７号公共緑地,ｻｶｲｼﾀﾞｲ55-07ｺﾞｳｺｳｷｮｳﾘｮｸﾁ,公共緑地,中区深井北町３２２４－３,原池,中,深井,0.01
401-014,堺市第５５－０８号公共緑地,ｻｶｲｼﾀﾞｲ55-08ｺﾞｳｺｳｷｮｳﾘｮｸﾁ,公共緑地,中区福田１０４４－２,原池,中,福田,0.01
401-015,堺市第５５－０９号公共緑地,ｻｶｲｼﾀﾞｲ55-09ｺﾞｳｺｳｷｮｳﾘｮｸﾁ,公共緑地,西区浜寺石津町東１丁６７７－６０,大浜,西,浜寺石津,0.01
401-016,堺市第５５－１２号公共緑地,ｻｶｲｼﾀﾞｲ55-12ｺﾞｳｺｳｷｮｳﾘｮｸﾁ,公共緑地,中区八田北町３８２－３,原池,中,八田荘,0.01
401-018,堺市第５５－１０号公共緑地,ｻｶｲｼﾀﾞｲ55-10ｺﾞｳｺｳｷｮｳﾘｮｸﾁ,公共緑地,中区深井沢町１６４７－２,原池,中,東深井,0.01
401-019,堺市第５５－１１号公共緑地,ｻｶｲｼﾀﾞｲ55-11ｺﾞｳｺｳｷｮｳﾘｮｸﾁ,公共緑地,北区船堂町１丁５０－５,大浜,北,五箇荘東,0.01
401-020,堺市第５５－１３号公共緑地,ｻｶｲｼﾀﾞｲ55-13ｺﾞｳｺｳｷｮｳﾘｮｸﾁ,公共緑地,堺区向陵中町４丁１７４－３,大浜,堺,榎,0.01
401-021,堺市第５５－１４号公共緑地,ｻｶｲｼﾀﾞｲ55-14ｺﾞｳｺｳｷｮｳﾘｮｸﾁ,公共緑地,中区深阪５丁１７６８－６,原池,中,深阪,0.01
401-022,堺市第５６－０２号公共緑地,ｻｶｲｼﾀﾞｲ56-02ｺﾞｳｺｳｷｮｳﾘｮｸﾁ,公共緑地,北区東浅香山町１丁３８１－３,大浜,北,東浅香山,0.01
401-023,堺市第５６－０３号公共緑地,ｻｶｲｼﾀﾞｲ56-03ｺﾞｳｺｳｷｮｳﾘｮｸﾁ,公共緑地,西区鳳北町５丁２８４－１２,大浜,西,鳳,0.01
401-024,堺市第５６－０８号公共緑地,ｻｶｲｼﾀﾞｲ56-08ｺﾞｳｺｳｷｮｳﾘｮｸﾁ,公共緑地,北区金岡町９８０－１４,大浜,北,金岡,0.00
401-025,堺市第５４－０２号公共緑地,ｻｶｲｼﾀﾞｲ54-02ｺﾞｳｺｳｷｮｳﾘｮｸﾁ,公共緑地,中区深阪５丁１７９０－２,原池,中,深阪,0.01
401-026,堺市第５６－０７号公共緑地,ｻｶｲｼﾀﾞｲ56-07ｺﾞｳｺｳｷｮｳﾘｮｸﾁ,公共緑地,堺区神石市之町１６０－３４,大浜,堺,神石,0.01
401-027,堺市第５６－１１号公共緑地,ｻｶｲｼﾀﾞｲ56-11ｺﾞｳｺｳｷｮｳﾘｮｸﾁ,公共緑地,中区深阪２丁２２７８－２,原池,中,深阪,0.01
401-028,堺市第５６－０９号公共緑地,ｻｶｲｼﾀﾞｲ56-09ｺﾞｳｺｳｷｮｳﾘｮｸﾁ,公共緑地,北区南花田町２３８－４,大浜,北,北八下,0.01
401-029,堺市第５６－０４号公共緑地,ｻｶｲｼﾀﾞｲ56-04ｺﾞｳｺｳｷｮｳﾘｮｸﾁ,公共緑地,中区八田寺町２６９－２,原池,中,八田荘,0.01
401-030,堺市第５７－０２号公共緑地,ｻｶｲｼﾀﾞｲ57-02ｺﾞｳｺｳｷｮｳﾘｮｸﾁ,公共緑地,中区堀上町２０５－３９,原池,中,八田荘,0.01
401-033,堺市第５７－０５号公共緑地,ｻｶｲｼﾀﾞｲ57-05ｺﾞｳｺｳｷｮｳﾘｮｸﾁ,公共緑地,堺区西湊町５丁３４４－９,大浜,堺,新湊,0.01
401-034,堺市第５７－０７号公共緑地,ｻｶｲｼﾀﾞｲ57-07ｺﾞｳｺｳｷｮｳﾘｮｸﾁ,公共緑地,堺区柏木町３丁４１－２,大浜,堺,新湊,0.01
401-035,堺市第５７－０４号公共緑地,ｻｶｲｼﾀﾞｲ57-04ｺﾞｳｺｳｷｮｳﾘｮｸﾁ,公共緑地,中区堀上町２１５－６,原池,中,八田荘,0.01
401-036,堺市第５７－０８号公共緑地,ｻｶｲｼﾀﾞｲ57-08ｺﾞｳｺｳｷｮｳﾘｮｸﾁ,公共緑地,東区日置荘北町２丁２６１－４,原池,東,日置荘,0.01
401-038,堺市第５７－１０号公共緑地,ｻｶｲｼﾀﾞｲ57-10ｺﾞｳｺｳｷｮｳﾘｮｸﾁ,公共緑地,中区土師町２丁９５６－４,原池,中,土師,0.01
401-039,堺市第５７－１４号公共緑地,ｻｶｲｼﾀﾞｲ57-14ｺﾞｳｺｳｷｮｳﾘｮｸﾁ,公共緑地,西区鳳中町６丁２０３－１８,大浜,西,鳳,0.01
401-040,堺市第５７－２２号公共緑地,ｻｶｲｼﾀﾞｲ57-22ｺﾞｳｺｳｷｮｳﾘｮｸﾁ,公共緑地,堺区楠町２丁４６－５,大浜,堺,新湊,0.01
401-041,堺市第５７－１６号公共緑地,ｻｶｲｼﾀﾞｲ57-16ｺﾞｳｺｳｷｮｳﾘｮｸﾁ,公共緑地,中区深井中町９５７－３,原池,中,深井西,0.01
401-042,堺市第５７－１７号公共緑地,ｻｶｲｼﾀﾞｲ57-17ｺﾞｳｺｳｷｮｳﾘｮｸﾁ,公共緑地,西区下田町２１－１５,大浜,西,津久野,0.01
401-044,堺市第５７－１２号公共緑地,ｻｶｲｼﾀﾞｲ57-12ｺﾞｳｺｳｷｮｳﾘｮｸﾁ,公共緑地,西区上野芝向ヶ丘町２丁９１１－４５,大浜,西,向丘,0.01
401-045,堺市第５７－１１号公共緑地,ｻｶｲｼﾀﾞｲ57-11ｺﾞｳｺｳｷｮｳﾘｮｸﾁ,公共緑地,西区浜寺元町１丁７１－１０,大浜,西,浜寺昭和,0.01
401-046,堺市第５７－１３号公共緑地,ｻｶｲｼﾀﾞｲ57-13ｺﾞｳｺｳｷｮｳﾘｮｸﾁ,公共緑地,北区北花田町２丁２３３－５,大浜,北,五箇荘東,0.01
401-047,堺市第５８－０１号公共緑地,ｻｶｲｼﾀﾞｲ58-01ｺﾞｳｺｳｷｮｳﾘｮｸﾁ,公共緑地,東区引野町２丁１３２－７,原池,東,八下西,0.01
401-048,堺市第５８－０６号公共緑地,ｻｶｲｼﾀﾞｲ58-06ｺﾞｳｺｳｷｮｳﾘｮｸﾁ,公共緑地,中区深阪６丁１７４４－２,原池,中,深阪,0.01
401-049,堺市第５７－２０号公共緑地,ｻｶｲｼﾀﾞｲ57-20ｺﾞｳｺｳｷｮｳﾘｮｸﾁ,公共緑地,中区深阪２丁２３７３－５,原池,中,深阪,0.01
401-050,堺市第５８－０５号公共緑地,ｻｶｲｼﾀﾞｲ58-05ｺﾞｳｺｳｷｮｳﾘｮｸﾁ,公共緑地,中区深井東町３０１－２,原池,中,東深井,0.01
401-051,堺市第５８－０７号公共緑地,ｻｶｲｼﾀﾞｲ58-07ｺﾞｳｺｳｷｮｳﾘｮｸﾁ,公共緑地,東区日置荘西町６丁５６３－９,原池,東,日置荘西,0.01
401-052,堺市第５８－０８号公共緑地,ｻｶｲｼﾀﾞｲ58-08ｺﾞｳｺｳｷｮｳﾘｮｸﾁ,公共緑地,西区草部３２－１４,大浜,西,福泉,0.01
401-053,堺市第５７－１５号公共緑地,ｻｶｲｼﾀﾞｲ57-15ｺﾞｳｺｳｷｮｳﾘｮｸﾁ,公共緑地,北区東浅香山町１丁１３２－４,大浜,北,東浅香山,0.01
401-054,堺市第５８－０９号公共緑地,ｻｶｲｼﾀﾞｲ58-09ｺﾞｳｺｳｷｮｳﾘｮｸﾁ,公共緑地,東区北野田３９３－２,原池,東,野田,0.01
401-055,堺市第５８－１０号公共緑地,ｻｶｲｼﾀﾞｲ58-10ｺﾞｳｺｳｷｮｳﾘｮｸﾁ,公共緑地,北区北花田町２丁２２７－４,大浜,北,五箇荘東,0.01
401-056,堺市第５８－１２号公共緑地,ｻｶｲｼﾀﾞｲ58-12ｺﾞｳｺｳｷｮｳﾘｮｸﾁ,公共緑地,堺区北田出井町１丁１－３,大浜,堺,三国丘,0.01
401-057,堺市第５８－１１号公共緑地,ｻｶｲｼﾀﾞｲ58-11ｺﾞｳｺｳｷｮｳﾘｮｸﾁ,公共緑地,堺区神石市之町２４３－１９,大浜,堺,神石,0.01
401-058,堺市第５８－１４号公共緑地,ｻｶｲｼﾀﾞｲ58-14ｺﾞｳｺｳｷｮｳﾘｮｸﾁ,公共緑地,北区北花田町２丁２３２－５,大浜,北,五箇荘東,0.01
401-059,堺市第５８－１５号公共緑地,ｻｶｲｼﾀﾞｲ58-15ｺﾞｳｺｳｷｮｳﾘｮｸﾁ,公共緑地,西区草部４４５－２,大浜,西,福泉,0.01
401-060,堺市第５９－０５号公共緑地,ｻｶｲｼﾀﾞｲ59-05ｺﾞｳｺｳｷｮｳﾘｮｸﾁ,公共緑地,堺区出島海岸通３丁２１７－１５,大浜,堺,英彰,0.01
401-061,堺市第５９－０１号公共緑地,ｻｶｲｼﾀﾞｲ59-01ｺﾞｳｺｳｷｮｳﾘｮｸﾁ,公共緑地,東区日置荘原寺町５６－１３,原池,東,日置荘,0.01
401-062,堺市第５９－０４号公共緑地,ｻｶｲｼﾀﾞｲ59-04ｺﾞｳｺｳｷｮｳﾘｮｸﾁ,公共緑地,中区深井中町１２０７－６,原池,中,深井西,0.01
401-063,堺市第５８－１３号公共緑地,ｻｶｲｼﾀﾞｲ58-13ｺﾞｳｺｳｷｮｳﾘｮｸﾁ,公共緑地,中区東八田１０７－３,原池,中,久世,0.01
401-064,堺市第５９－０６号公共緑地,ｻｶｲｼﾀﾞｲ59-06ｺﾞｳｺｳｷｮｳﾘｮｸﾁ,公共緑地,北区東上野芝町２丁３５７－５,大浜,北,西百舌鳥,0.01
401-065,堺市第５４－０１号公共緑地,ｻｶｲｼﾀﾞｲ54-01ｺﾞｳｺｳｷｮｳﾘｮｸﾁ,公共緑地,中区深阪１丁２５２２－１０,原池,中,深阪,0.01
403-001,高松いちりんそう広場,ﾀｶﾏﾂｲﾁﾘﾝｿｳﾋﾛﾊﾞ,広場,東区高松２１－４,原池,東,登美丘東,0.02
403-002,草尾ひるがお広場,ｸｻｵﾋﾙｶﾞｵﾋﾛﾊﾞ,広場,東区中茶屋８３－３,原池,東,登美丘西,0.01
403-003,日置荘北町さぎそう広場,ﾋｷｼｮｳｷﾀﾏﾁｻｷﾞｿｳﾋﾛﾊﾞ,広場,東区日置荘北町２丁２５７－１３,原池,東,日置荘,0.01
403-004,石津町こまくさ広場,ｲｼﾂﾞﾁｮｳｺﾏｸｻﾋﾛﾊﾞ,広場,堺区石津町２丁６０９－２３,大浜,堺,神石,0.01
403-005,深井沢町ははこぐさ広場,ﾌｶｲｻﾜﾏﾁﾊﾊｺｸﾞｻﾋﾛﾊﾞ,広場,中区深井沢町２４９２－１１,原池,中,東深井,0.01
403-006,東八田ささゆり広場,ﾋｶﾞｼﾊﾝﾀﾞｻｻﾕﾘﾋﾛﾊﾞ,広場,中区東八田１７０－３,原池,中,久世,0.01
403-007,東山こけもも広場,ﾋｶﾞｼﾔﾏｺｹﾓﾓﾋﾛﾊﾞ,広場,中区東山９４１－５,原池,中,西陶器,0.01
403-008,平井いたどり広場,ﾋﾗｲｲﾀﾄﾞﾘﾋﾛﾊﾞ,広場,中区平井５４０－２,原池,中,久世,0.01
403-009,鳳南町かたくり広場,ｵｵﾄﾘﾐﾅﾐﾏﾁｶﾀｸﾘﾋﾛﾊﾞ,広場,西区鳳南町５丁６５２－８,大浜,西,鳳南,0.02
403-010,日置荘西町すすき広場,ﾋｷｼｮｳﾆｼﾏﾁｽｽｷﾋﾛﾊﾞ,広場,東区日置荘西町６丁５４３－４,原池,東,日置荘西,0.01
403-011,菩提町ふくじゅそう広場,ﾎﾞﾀﾞｲﾁｮｳﾌｸｼﾞｭｿｳﾋﾛﾊﾞ,広場,東区菩提町４丁１７４－５,原池,東,南八下,0.01
403-012,浜寺諏訪森町中あかね広場,ﾊﾏﾃﾞﾗｽﾜﾉﾓﾘﾁｮｳﾅｶｱｶﾈﾋﾛﾊﾞ,広場,西区浜寺諏訪森町中２丁２２８－２,大浜,西,浜寺,0.01
403-013,東山いかりそう広場,ﾋｶﾞｼﾔﾏｲｶﾘｿｳﾋﾛﾊﾞ,広場,中区東山２４７－９,原池,中,久世,0.01
403-015,上野芝町かのこゆり広場,ｳｴﾉｼﾊﾞﾁｮｳｶﾉｺﾕﾘﾋﾛﾊﾞ,広場,西区上野芝町４丁４１４－８,大浜,西,上野芝,0.02
403-016,柏木町つゆくさ広場,ｶｼﾜｷﾞﾁｮｳﾂﾕｸｻﾋﾛﾊﾞ,広場,堺区柏木町２丁３３－３,大浜,堺,新湊,0.03
403-017,鳳北町るりそう広場,ｵｵﾄﾘｷﾀﾏﾁﾙﾘｿｳﾋﾛﾊﾞ,広場,西区鳳北町８丁４５６－３,大浜,西,鳳,0.02
403-018,土塔町ときそう広場,ﾄﾞﾄｳﾁｮｳﾄｷｿｳﾋﾛﾊﾞ,広場,中区土塔町２８－１４,原池,中,東百舌鳥,0.01
403-019,日置荘西町のげし広場,ﾋｷｼｮｳﾆｼﾏﾁﾉｹﾞｼﾋﾛﾊﾞ,広場,東区日置荘西町７丁６７６－３,原池,東,日置荘西,0.01
403-020,金岡町のぎく広場,ｶﾅｵｶﾁｮｳﾉｷﾞｸﾋﾛﾊﾞ,広場,北区金岡町２８６０－６,大浜,北,金岡,0.01
403-021,金岡町あけぼのそう広場,ｶﾅｵｶﾁｮｳｱｹﾎﾞﾉｿｳﾋﾛﾊﾞ,広場,北区金岡町１９３８－８,大浜,北,金岡南,0.01
403-022,北野田おどりこそう広場,ｷﾀﾉﾀﾞｵﾄﾞﾘｺｿｳﾋﾛﾊﾞ,広場,東区北野田２７４－２,原池,東,野田,0.01
403-023,百舌鳥赤畑町かたばみ広場,ﾓｽﾞｱｶﾊﾀﾁｮｳｶﾀﾊﾞﾐﾋﾛﾊﾞ,広場,北区百舌鳥赤畑町２丁４８－４,大浜,北,百舌鳥,0.01
403-024,浜寺諏訪森町西はまなす広場,ﾊﾏﾃﾞﾗｽﾜﾉﾓﾘﾁｮｳﾆｼﾊﾏﾅｽﾋﾛﾊﾞ,広場,西区浜寺諏訪森町西３丁２８１－２,大浜,西,浜寺,0.02
403-025,深井沢町ゆうすげ広場,ﾌｶｲｻﾜﾏﾁﾕｳｽｹﾞﾋﾛﾊﾞ,広場,中区深井沢町３３９０－１,原池,中,東深井,0.01
403-026,深井東町ひつじぐさ広場,ﾌｶｲﾋｶﾞｼﾏﾁﾋﾂｼﾞｸﾞｻﾋﾛﾊﾞ,広場,中区深井東町３１６２－２,原池,中,東深井,0.02
403-027,高松うらしまそう広場,ﾀｶﾏﾂｳﾗｼﾏｿｳﾋﾛﾊﾞ,広場,東区高松２１１－２,原池,東,登美丘東,0.02
403-028,和田くろゆり広場,ﾜﾀﾞｸﾛﾕﾘﾋﾛﾊﾞ,広場,南区和田東９７６－２,泉ヶ丘,南,宮山台,0.02
403-029,東雲西町たんぽぽ広場,ｼﾉﾉﾒﾆｼﾏﾁﾀﾝﾎﾟﾎﾟﾋﾛﾊﾞ,広場,堺区東雲西町３丁２８－３,大浜,堺,浅香山,0.02
403-030,菱木おとぎりそう広場,ﾋｼｷｵﾄｷﾞﾘｿｳﾋﾛﾊﾞ,広場,西区山田２丁１２７－７,大浜,西,福泉,0.02
403-031,宮山台ゆきのした広場,ﾐﾔﾔﾏﾀﾞｲﾕｷﾉｼﾀﾋﾛﾊﾞ,広場,南区宮山台３丁１１－３２,泉ヶ丘,南,宮山台,0.02
403-032,桃山台すみれ広場,ﾓﾓﾔﾏﾀﾞｲｽﾐﾚﾋﾛﾊﾞ,広場,南区桃山台１丁２１－１６,泉ヶ丘,南,桃山台,0.03
403-033,新檜尾台くさふじ広場,ｼﾝﾋﾉｵﾀﾞｲｸｻﾌｼﾞﾋﾛﾊﾞ,広場,南区新檜尾台１丁９－１０,泉ヶ丘,南,新檜尾台,0.01
403-034,浜寺諏訪森町東ほおずき広場,ﾊﾏﾃﾞﾗｽﾜﾉﾓﾘﾁｮｳﾋｶﾞｼﾎｵｽﾞｷﾋﾛﾊﾞ,広場,西区浜寺諏訪森町東３丁３６２－４,大浜,西,浜寺,0.01
403-035,深井清水町つわぶき広場,ﾌｶｲｼﾐｽﾞﾁｮｳﾂﾜﾌﾞｷﾋﾛﾊﾞ,広場,中区深井清水町３５６３－２,原池,中,深井,0.01
403-036,下田町ちごゆり広場,ｼﾓﾀﾞﾁｮｳﾁｺﾞﾕﾘﾋﾛﾊﾞ,広場,西区下田町２３３－２２,大浜,西,津久野,0.02
403-037,鳳西町さくらすみれ広場,ｵｵﾄﾘﾆｼﾏﾁｻｸﾗｽﾐﾚﾋﾛﾊﾞ,広場,西区鳳西町３丁７４３－８,大浜,西,鳳南,0.01
403-038,浜寺石津町東はまぎく広場,ﾊﾏﾃﾞﾗｲｼﾂﾞﾁｮｳﾋｶﾞｼﾊﾏｷﾞｸﾋﾛﾊﾞ,広場,西区浜寺石津町東３丁７１６－３,大浜,西,浜寺石津,0.02
403-039,南清水町からすうり広場,ﾐﾅﾐｼﾐｽﾞﾁｮｳｶﾗｽｳﾘﾋﾛﾊﾞ,広場,堺区南清水町３丁１３４－６,大浜,堺,錦綾,0.01
403-040,深阪たつなみそう広場,ﾌｶｻｶﾀﾂﾅﾐｿｳﾋﾛﾊﾞ,広場,中区深阪５丁１２２８－５,原池,中,深阪,0.01
403-041,浜寺船尾町西まつよいぐさ広場,ﾊﾏﾃﾞﾗﾌﾅｵﾁｮｳﾆｼﾏﾂﾖｲｸﾞｻﾋﾛﾊﾞ,広場,西区浜寺船尾町西４丁４７８－１１,大浜,西,浜寺東,0.01
403-042,原山台ほととぎす広場,ﾊﾗﾔﾏﾀﾞｲﾎﾄﾄｷﾞｽﾋﾛﾊﾞ,広場,南区原山台５丁４５６－１４６,泉ヶ丘,南,原山台東,0.03
403-043,中百舌鳥町さわぎく広場,ﾅｶﾓｽﾞﾁｮｳｻﾜｷﾞｸﾋﾛﾊﾞ,広場,北区中百舌鳥町４丁５３３－５,大浜,北,中百舌鳥,0.01
403-044,金岡町ふじばかま広場,ｶﾅｵｶﾁｮｳﾌｼﾞﾊﾞｶﾏﾋﾛﾊﾞ,広場,北区金岡町２０００－４,大浜,北,金岡南,0.01
403-045,鳳南町まつかぜそう広場,ｵｵﾄﾘﾐﾅﾐﾏﾁﾏﾂｶｾﾞｿｳﾋﾛﾊﾞ,広場,西区鳳南町５丁５２５－１６,大浜,西,鳳南,0.02
403-046,深井中町うすゆきそう広場,ﾌｶｲﾅｶﾏﾁｳｽﾕｷｿｳﾋﾛﾊﾞ,広場,中区深井中町１１９０－２２,原池,中,深井西,0.01
403-047,浜寺諏訪森町西はまえんどう広場,ﾊﾏﾃﾞﾗｽﾜﾉﾓﾘﾁｮｳﾆｼﾊﾏｴﾝﾄﾞｳﾋﾛﾊﾞ,広場,西区浜寺諏訪森町西３丁２８７－６,大浜,西,浜寺,0.01
403-048,浜寺石津町西かせんそう広場,ﾊﾏﾃﾞﾗｲｼﾂﾞﾁｮｳﾆｼｶｾﾝｿｳﾋﾛﾊﾞ,広場,西区浜寺石津町西１丁３３２－５,大浜,西,浜寺石津,0.02
403-049,福田やまぜり広場,ﾌｸﾀﾞﾔﾏｾﾞﾘﾋﾛﾊﾞ,広場,中区福田５８４－８,原池,中,東陶器,0.01
403-050,福田たまりゅう広場,ﾌｸﾀﾞﾀﾏﾘｭｳﾋﾛﾊﾞ,広場,中区福田４０８－３２,原池,中,東陶器,0.02
403-051,深井中町きづた広場,ﾌｶｲﾅｶﾏﾁｷﾂﾞﾀﾋﾛﾊﾞ,広場,中区深井中町１８９１－３,原池,中,深井,0.02
403-052,深井中町えごのき広場,ﾌｶｲﾅｶﾏﾁｴｺﾞﾉｷﾋﾛﾊﾞ,広場,中区深井中町６８０－４,原池,中,深井,0.02
403-053,鳳西町ひめはぎ広場,ｵｵﾄﾘﾆｼﾏﾁﾋﾒﾊｷﾞﾋﾛﾊﾞ,広場,西区鳳西町１丁５４－１００,大浜,西,鳳南,0.03
403-054,上野芝向ヶ丘町さふらん広場,ｳｴﾉｼﾊﾞﾑｺｳｶﾞｵｶﾁｮｳｻﾌﾗﾝﾋﾛﾊﾞ,広場,西区上野芝向ヶ丘町１丁６６０－４,大浜,西,向丘,0.02
403-055,東山にちにちそう広場,ﾋｶﾞｼﾔﾏﾆﾁﾆﾁｿｳﾋﾛﾊﾞ,広場,中区東山８３１－２３,原池,中,久世,0.02
403-056,上野芝向ヶ丘町ひなざくら広場,ｳｴﾉｼﾊﾞﾑｺｳｶﾞｵｶﾁｮｳﾋﾅｻﾞｸﾗﾋﾛﾊﾞ,広場,西区上野芝向ヶ丘町６丁１３０－１１,大浜,西,向丘,0.01
403-057,北野田のじぎく広場,ｷﾀﾉﾀﾞﾉｼﾞｷﾞｸﾋﾛﾊﾞ,広場,東区北野田３８９－８,原池,東,野田,0.01
403-058,浜寺石津町中ふうらん広場,ﾊﾏﾃﾞﾗｲｼﾂﾞﾁｮｳﾅｶﾌｳﾗﾝﾋﾛﾊﾞ,広場,西区浜寺石津町中１丁５１３－５,大浜,西,浜寺石津,0.03
403-059,鳳中町ほたるぶくろ広場,ｵｵﾄﾘﾅｶﾏﾁﾎﾀﾙﾌﾞｸﾛﾋﾛﾊﾞ,広場,西区鳳中町８丁２８０－７,大浜,西,鳳,0.01
403-060,浜寺石津町東えのころぐさ広場,ﾊﾏﾃﾞﾗｲｼﾂﾞﾁｮｳﾋｶﾞｼｴﾉｺﾛｸﾞｻﾋﾛﾊﾞ,広場,西区浜寺石津町東３丁７４６－６,大浜,西,浜寺石津,0.02
403-061,鳳中町きちじょうそう広場,ｵｵﾄﾘﾅｶﾏﾁｷﾁｼﾞｮｳｿｳﾋﾛﾊﾞ,広場,西区鳳中町１０丁１２－９,大浜,西,鳳,0.01
403-062,日置荘北町ぎぼうし広場,ﾋｷｼｮｳｷﾀﾏﾁｷﾞﾎﾞｳｼﾋﾛﾊﾞ,広場,東区日置荘北町２丁２６１－１０,原池,東,日置荘,0.01
403-063,深井中町からまつそう広場,ﾌｶｲﾅｶﾏﾁｶﾗﾏﾂｿｳﾋﾛﾊﾞ,広場,中区深井中町９１７－３６,原池,中,深井西,0.02
403-064,上たかねすみれ広場,ｶﾐﾀｶﾈｽﾐﾚﾋﾛﾊﾞ,広場,西区上５２０－４,大浜,西,福泉上,0.01
403-065,常磐町まつばぎく広場,ﾄｷﾜﾁｮｳﾏﾂﾊﾞｷﾞｸﾋﾛﾊﾞ,広場,北区常磐町３丁１１－１３,大浜,北,五箇荘東,0.01
403-066,福田みすみそう広場,ﾌｸﾀﾞﾐｽﾐｿｳﾋﾛﾊﾞ,広場,中区福田６４４－５,原池,中,福田,0.02
403-067,浜寺石津町東せり広場,ﾊﾏﾃﾞﾗｲｼﾂﾞﾁｮｳﾋｶﾞｼｾﾘﾋﾛﾊﾞ,広場,西区浜寺石津町東５丁４６６－１５,大浜,西,浜寺東,0.01
403-068,日置荘原寺町しらん広場,ﾋｷｼｮｳﾊﾗﾃﾞﾗﾏﾁｼﾗﾝﾋﾛﾊﾞ,広場,東区日置荘原寺町２２６－１２,原池,東,日置荘,0.01
403-069,中長尾町ひめれんげ広場,ﾅｶﾅｶﾞｵﾁｮｳﾋﾒﾚﾝｹﾞﾋﾛﾊﾞ,広場,北区中長尾町３丁１０６－２,大浜,北,東三国丘,0.02
403-070,草部やくしそう広場,ｸｻﾍﾞﾔｸｼｿｳﾋﾛﾊﾞ,広場,西区草部１５５３－４,大浜,西,福泉上,0.01
403-071,鳳東町とんぼそう広場,ｵｵﾄﾘﾋｶﾞｼﾏﾁﾄﾝﾎﾞｿｳﾋﾛﾊﾞ,広場,西区鳳東町６丁６２３－３,大浜,西,鳳,0.03
403-072,小阪くさあじさい広場,ｺｻｶｸｻｱｼﾞｻｲﾋﾛﾊﾞ,広場,中区小阪１６９－２,原池,中,久世,0.02
403-073,福田しゅうめいぎく広場,ﾌｸﾀﾞｼｭｳﾒｲｷﾞｸﾋﾛﾊﾞ,広場,中区福田７６８－７,原池,中,福田,0.02
403-074,南野田いしもちそう広場,ﾐﾅﾐﾉﾀﾞｲｼﾓﾁｿｳﾋﾛﾊﾞ,広場,東区南野田１４１－１５,原池,東,野田,0.02
403-075,草部はるりんどう広場,ｸｻﾍﾞﾊﾙﾘﾝﾄﾞｳﾋﾛﾊﾞ,広場,西区草部１９４－２,大浜,西,福泉,0.01
403-076,西野かわみどり広場,ﾆｼﾉｶﾜﾐﾄﾞﾘﾋﾛﾊﾞ,広場,東区西野２９２－３,原池,東,登美丘南,0.01
403-077,上野芝町つがざくら広場,ｳｴﾉｼﾊﾞﾁｮｳﾂｶﾞｻﾞｸﾗﾋﾛﾊﾞ,広場,西区上野芝町８丁２８２－９,大浜,西,上野芝,0.03
403-078,野尻町なるこゆり広場,ﾉｼﾞﾘﾁｮｳﾅﾙｺﾕﾘﾋﾛﾊﾞ,広場,東区野尻町４０１－９,原池,東,白鷺,0.02
403-079,深井東町みやまむらさき広場,ﾌｶｲﾋｶﾞｼﾏﾁﾐﾔﾏﾑﾗｻｷﾋﾛﾊﾞ,広場,中区深井東町３１２９－２,原池,中,東深井,0.01
403-080,中百舌鳥町あずまぎく広場,ﾅｶﾓｽﾞﾁｮｳｱｽﾞﾏｷﾞｸﾋﾛﾊﾞ,広場,北区中百舌鳥町６丁１０１２－２４,大浜,北,中百舌鳥,0.01
403-081,上野芝町かわらなでしこ広場,ｳｴﾉｼﾊﾞﾁｮｳｶﾜﾗﾅﾃﾞｼｺﾋﾛﾊﾞ,広場,西区上野芝町６丁４０９－８,大浜,西,上野芝,0.01
403-082,福田あずまいちげ広場,ﾌｸﾀﾞｱｽﾞﾏｲﾁｹﾞﾋﾛﾊﾞ,広場,中区福田１２２６－６,原池,中,福田,0.03
403-083,浜寺公園町きすみれ広場,ﾊﾏﾃﾞﾗｺｳｴﾝﾁｮｳｷｽﾐﾚﾋﾛﾊﾞ,広場,西区浜寺公園町２丁１８８－６,大浜,西,浜寺昭和,0.02
403-084,大美野きんらん広場,ｵｵﾐﾉｷﾝﾗﾝﾋﾛﾊﾞ,広場,東区大美野１５８－６５,原池,東,登美丘西,0.01
403-085,深井沢町みやこわすれ広場,ﾌｶｲｻﾜﾏﾁﾐﾔｺﾜｽﾚﾋﾛﾊﾞ,広場,中区深井沢町３０４－３,原池,中,東深井,0.03
403-086,北田出井町もりあざみ広場,ｷﾀﾀﾃﾞｲﾁｮｳﾓﾘｱｻﾞﾐﾋﾛﾊﾞ,広場,堺区北田出井町２丁３１－１９,大浜,堺,三国丘,0.01
403-087,大野芝町はなしのぶ広場,ｵｵﾉｼﾊﾞﾁｮｳﾊﾅｼﾉﾌﾞﾋﾛﾊﾞ,広場,中区大野芝町１８３－１１,原池,中,東百舌鳥,0.02
403-088,土塔町あけぼのすみれ広場,ﾄﾞﾄｳﾁｮｳｱｹﾎﾞﾉｽﾐﾚﾋﾛﾊﾞ,広場,中区土塔町２１５１－２,原池,中,東百舌鳥,0.01
403-089,菱木つるりんどう広場,ﾋｼｷﾂﾙﾘﾝﾄﾞｳﾋﾛﾊﾞ,広場,南区高尾１丁３５５－１９,泉ヶ丘,南,福泉中央,0.01
403-090,浜寺石津町西のぶき広場,ﾊﾏﾃﾞﾗｲｼﾂﾞﾁｮｳﾆｼﾉﾌﾞｷﾋﾛﾊﾞ,広場,西区浜寺石津町西４丁１４２－３,大浜,西,浜寺石津,0.02
403-091,上野芝町しろすみれ広場,ｳｴﾉｼﾊﾞﾁｮｳｼﾛｽﾐﾚﾋﾛﾊﾞ,広場,西区上野芝町７丁４９１－１２,大浜,西,上野芝,0.03
403-092,鳳南町いぬごま広場,ｵｵﾄﾘﾐﾅﾐﾏﾁｲﾇｺﾞﾏﾋﾛﾊﾞ,広場,西区鳳南町５丁４９０－６,大浜,西,鳳南,0.03
403-093,大野芝町なんぶあざみ広場,ｵｵﾉｼﾊﾞﾁｮｳﾅﾝﾌﾞｱｻﾞﾐﾋﾛﾊﾞ,広場,中区大野芝町７６－１８,原池,中,東百舌鳥,0.03
403-094,福田かんあおい広場,ﾌｸﾀﾞｶﾝｱｵｲﾋﾛﾊﾞ,広場,中区福田９００－１５,原池,中,福田,0.01
403-095,鳳東町はるののげし広場,ｵｵﾄﾘﾋｶﾞｼﾏﾁﾊﾙﾉﾉｹﾞｼﾋﾛﾊﾞ,広場,西区鳳東町７丁７６５－８,大浜,西,鳳南,0.02
403-096,新堀町まねきぐさ広場,ｼﾝﾎﾞﾘﾁｮｳﾏﾈｷｸﾞｻﾋﾛﾊﾞ,広場,北区新堀町２丁１０７－３,大浜,北,五箇荘,0.03
403-097,福田あいばそう広場,ﾌｸﾀﾞｱｲﾊﾞｿｳﾋﾛﾊﾞ,広場,中区福田２８９－３,原池,中,東陶器,0.02
403-098,上野芝向ヶ丘町うばゆり広場,ｳｴﾉｼﾊﾞﾑｺｳｶﾞｵｶﾁｮｳｳﾊﾞﾕﾘﾋﾛﾊﾞ,広場,西区上野芝向ヶ丘町６丁９４－１８,大浜,西,向丘,0.03
403-099,毛穴町いちご広場,ｹﾅﾁｮｳｲﾁｺﾞﾋﾛﾊﾞ,広場,中区毛穴町２１３－１,原池,中,八田荘,0.02
403-100,蔵前町ピーチ広場,ｸﾗﾏｴﾁｮｳﾋﾟｰﾁﾋﾛﾊﾞ,広場,北区蔵前町２丁１４２３－９,大浜,北,五箇荘,0.01
403-101,深井北町すいか広場,ﾌｶｲｷﾀﾏﾁｽｲｶﾋﾛﾊﾞ,広場,中区深井北町８５８－４,原池,中,深井西,0.02
403-102,城山台あおさぎ広場,ｼﾛﾔﾏﾀﾞｲｱｵｻｷﾞﾋﾛﾊﾞ,広場,南区城山台１丁３２－１,泉ヶ丘,南,城山台,0.02
403-103,城山台くろつぐみ広場,ｼﾛﾔﾏﾀﾞｲｸﾛﾂｸﾞﾐﾋﾛﾊﾞ,広場,南区城山台１丁３３－６,泉ヶ丘,南,城山台,0.02
403-104,蔵前町ビワ広場,ｸﾗﾏｴﾁｮｳﾋﾞﾜﾋﾛﾊﾞ,広場,北区蔵前町２丁１４１４－２,大浜,北,五箇荘,0.02
403-105,大美野アロエ広場,ｵｵﾐﾉｱﾛｴﾋﾛﾊﾞ,広場,東区大美野４０－２２,原池,東,登美丘西,0.02
403-106,高倉台みかん広場,ﾀｶｸﾗﾀﾞｲﾐｶﾝﾋﾛﾊﾞ,広場,南区高倉台１丁１３８０－２６,泉ヶ丘,南,高倉台西,0.02
403-107,草部あんず広場,ｸｻﾍﾞｱﾝｽﾞﾋﾛﾊﾞ,広場,西区草部８９２－４,大浜,西,福泉,0.02
403-108,毛穴町チェリー広場,ｹﾅﾁｮｳﾁｪﾘｰﾋﾛﾊﾞ,広場,中区毛穴町３８８－７,原池,中,八田荘,0.02
403-109,高倉台マロン広場,ﾀｶｸﾗﾀﾞｲﾏﾛﾝﾋﾛﾊﾞ,広場,南区高倉台２丁７１１－６,泉ヶ丘,南,高倉台西,0.02
403-110,浜寺船尾町東さくらんぼ広場,ﾊﾏﾃﾞﾗﾌﾅｵﾁｮｳﾋｶﾞｼｻｸﾗﾝﾎﾞﾋﾛﾊﾞ,広場,西区浜寺船尾町東１丁１－２９,大浜,西,浜寺東,0.02
403-111,草部ナッツ広場,ｸｻﾍﾞﾅｯﾂﾋﾛﾊﾞ,広場,西区草部１３１１－４,大浜,西,福泉,0.02
403-112,松屋町ぐみ広場,ﾏﾂﾔﾁｮｳｸﾞﾐﾋﾛﾊﾞ,広場,堺区松屋町２丁４５－８,大浜,堺,三宝,0.02
403-113,菱木なつめ広場,ﾋｼｷﾅﾂﾒﾋﾛﾊﾞ,広場,西区菱木２丁２１８４－２３,大浜,西,福泉,0.01
403-114,堀上町ライチ広場,ﾎﾘｱｹﾞﾁｮｳﾗｲﾁﾋﾛﾊﾞ,広場,中区堀上町２８２－１１,原池,中,八田荘,0.01
403-115,鴨谷台ネーブル広場,ｶﾓﾀﾆﾀﾞｲﾈｰﾌﾞﾙﾋﾛﾊﾞ,広場,南区鴨谷台１丁４６－１０,泉ヶ丘,南,美木多,0.01
403-116,鳳中町クランベリー広場,ｵｵﾄﾘﾅｶﾏﾁｸﾗﾝﾍﾞﾘｰﾋﾛﾊﾞ,広場,西区鳳中町８丁２５６－４,大浜,西,鳳,0.02
403-117,深井東町ジューンベリー広場,ﾌｶｲﾋｶﾞｼﾏﾁｼﾞｭｰﾝﾍﾞﾘｰﾋﾛﾊﾞ,広場,中区深井東町３４３－３７,原池,中,東深井,0.02
403-118,見野山ザクロ広場,ﾐﾉﾔﾏｻﾞｸﾛﾋﾛﾊﾞ,広場,中区見野山４２－３２,原池,中,東陶器,0.03
403-119,土塔町さんさん広場,ﾄﾞﾄｳﾁｮｳｻﾝｻﾝﾋﾛﾊﾞ,広場,中区土塔町２０４４－１４５,原池,中,東百舌鳥,0.02
403-120,伏尾レモングラス広場,ﾌｾｵﾚﾓﾝｸﾞﾗｽﾋﾛﾊﾞ,広場,中区伏尾２７－３７,原池,中,久世,0.02
403-121,上野芝町ジャスミン広場,ｳｴﾉｼﾊﾞﾁｮｳｼﾞｬｽﾐﾝﾋﾛﾊﾞ,広場,西区上野芝町３丁６４７－１２,大浜,西,上野芝,0.02
403-122,菱木ホップ広場,ﾋｼｷﾎｯﾌﾟﾋﾛﾊﾞ,広場,西区菱木２丁２１１７－３４,大浜,西,福泉,0.02
403-123,八田北町きぬがさそう広場,ﾊﾝﾀﾞｷﾀﾁｮｳｷﾇｶﾞｻｿｳﾋﾛﾊﾞ,広場,中区八田北町６０７－４,原池,中,八田荘,0.02
403-124,北条町ステビア広場,ﾎｳｼﾞｮｳﾁｮｳｽﾃﾋﾞｱﾋﾛﾊﾞ,広場,西区北条町２丁４８３－６,大浜,西,向丘,0.02
403-125,赤坂台ミツバ広場,ｱｶｻｶﾀﾞｲﾐﾂﾊﾞﾋﾛﾊﾞ,広場,南区赤坂台６丁１６－４９,泉ヶ丘,南,赤坂台,0.01
403-126,浜寺南町ふきのとう広場,ﾊﾏﾃﾞﾗﾐﾅﾐﾏﾁﾌｷﾉﾄｳﾋﾛﾊﾞ,広場,西区浜寺南町１丁２１－８,大浜,西,浜寺昭和,0.02
403-127,太平寺パパイヤ広場,ﾀｲﾍｲｼﾞﾊﾟﾊﾟｲﾔﾋﾛﾊﾞ,広場,西区太平寺１２２－２７,大浜,西,福泉,0.02
403-128,高松チコリ広場,ﾀｶﾏﾂﾁｺﾘﾋﾛﾊﾞ,広場,東区高松３６３－３７,原池,東,登美丘南,0.03
403-129,稲葉キャラウェイ広場,ｲﾅﾊﾞｷｬﾗｳｪｲﾋﾛﾊﾞ,広場,南区稲葉３丁３２５－２５,泉ヶ丘,南,福泉中央,0.02
403-130,深井中町コモンタイム広場,ﾌｶｲﾅｶﾏﾁｺﾓﾝﾀｲﾑﾋﾛﾊﾞ,広場,中区深井中町１２１１－５２,原池,中,深井,0.01
403-131,学園町サンマリノ広場,ｶﾞｸｴﾝﾁｮｳｻﾝﾏﾘﾉﾋﾛﾊﾞ,広場,中区学園町２１７－６２,原池,中,東百舌鳥,0.02
403-132,草部バジル広場,ｸｻﾍﾞﾊﾞｼﾞﾙﾋﾛﾊﾞ,広場,西区草部１２４２－１,大浜,西,福泉,0.03
403-133,浜寺南町クリスマスローズ広場,ﾊﾏﾃﾞﾗﾐﾅﾐﾏﾁｸﾘｽﾏｽﾛｰｽﾞﾋﾛﾊﾞ,広場,西区浜寺南町１丁１５－３,大浜,西,浜寺昭和,0.02
403-134,学園町ヒソップ広場,ｶﾞｸｴﾝﾁｮｳﾋｿｯﾌﾟﾋﾛﾊﾞ,広場,中区学園町２１７－８４,原池,中,東百舌鳥,0.02
403-135,土塔町フェンネル公園,ﾄﾞﾄｳﾁｮｳﾌｪﾝﾈﾙｺｳｴﾝ,広場,中区福田１３５０－８,原池,中,福田,0.02
403-136,金岡町ラベンダー広場,ｶﾅｵｶﾁｮｳﾗﾍﾞﾝﾀﾞｰﾋﾛﾊﾞ,広場,北区金岡町１９４３－１３,大浜,北,金岡南,0.02
403-137,土塔町アンジェリカ広場,ﾄﾞﾄｳﾁｮｳｱﾝｼﾞｪﾘｶﾋﾛﾊﾞ,広場,中区土塔町１５９－５,原池,中,東百舌鳥,0.03
403-138,百舌鳥本町チャービル広場,ﾓｽﾞﾎﾝﾏﾁﾁｬｰﾋﾞﾙﾋﾛﾊﾞ,広場,北区百舌鳥本町１丁１０５－７,大浜,北,西百舌鳥,0.02
403-139,草部サンタイム広場,ｸｻﾍﾞｻﾝﾀｲﾑﾋﾛﾊﾞ,広場,西区草部３１１－４１,大浜,西,福泉,0.03
403-140,東山エルダー広場,ﾋｶﾞｼﾔﾏｴﾙﾀﾞｰﾋﾛﾊﾞ,広場,中区東山６９９－７,原池,中,久世,0.03
403-141,下田町リーフ広場,ｼﾓﾀﾞﾁｮｳﾘｰﾌﾋﾛﾊﾞ,広場,西区下田町１４５－３,大浜,西,津久野,0.03
403-142,山本町オリーブ広場,ﾔﾏﾓﾄﾁｮｳｵﾘｰﾌﾞﾋﾛﾊﾞ,広場,堺区山本町５丁１１７－３,大浜,堺,三宝,0.02
403-143,日置荘原寺町タンデライオン広場,ﾋｷｼｮｳﾊﾗﾃﾞﾗﾏﾁﾀﾝﾃﾞﾗｲｵﾝﾋﾛﾊﾞ,広場,東区日置荘原寺町４３７－５,原池,東,日置荘,0.02
403-144,深井沢町みやこわすれ西広場,ﾌｶｲｻﾜﾏﾁﾐﾔｺﾜｽﾚﾆｼﾋﾛﾊﾞ,広場,中区深井沢町３４０２－２,原池,中,東深井,0.01
403-145,原山台ラヴィッジ広場,ﾊﾗﾔﾏﾀﾞｲﾗｳﾞｨｯｼﾞﾋﾛﾊﾞ,広場,南区原山台５丁４５６－２２２,泉ヶ丘,南,原山台東,0.02
403-146,赤坂台マートル広場,ｱｶｻｶﾀﾞｲﾏｰﾄﾙﾋﾛﾊﾞ,広場,南区赤坂台４丁２０－１１,泉ヶ丘,南,赤坂台,0.02
403-147,金岡町サフラワー広場,ｶﾅｵｶﾁｮｳｻﾌﾗﾜｰﾋﾛﾊﾞ,広場,北区金岡町１６１０－１４,大浜,北,金岡南,0.01
403-148,和田ムーレイン広場,ﾜﾀﾞﾑｰﾚｲﾝﾋﾛﾊﾞ,広場,南区小代７３１－２３,泉ヶ丘,南,宮山台,0.02
403-149,金岡町スイートバイオレット広場,ｶﾅｵｶﾁｮｳｽｲｰﾄﾊﾞｲｵﾚｯﾄﾋﾛﾊﾞ,広場,北区金岡町１２０７－５５,大浜,北,金岡南,0.02
403-150,東三国ヶ丘町ベトニー広場,ﾋｶﾞｼﾐｸﾆｶﾞｵｶﾁｮｳﾍﾞﾄﾆｰﾋﾛﾊﾞ,広場,北区東三国ヶ丘町３丁２１８１－９,大浜,北,東三国丘,0.03
403-151,深井中町カモミール広場,ﾌｶｲﾅｶﾏﾁｶﾓﾐｰﾙﾋﾛﾊﾞ,広場,中区深井中町３０７６－３,原池,中,深井西,0.01
403-152,岩室ロケットサラダ広場,ｲﾜﾑﾛﾛｹｯﾄｻﾗﾀﾞﾋﾛﾊﾞ,広場,南区岩室２０３－４,泉ヶ丘,南,晴美台,0.02
403-153,鳳南町アカバナ広場,ｵｵﾄﾘﾐﾅﾐﾏﾁｱｶﾊﾞﾅﾋﾛﾊﾞ,広場,西区鳳南町５丁６７０－６,大浜,西,鳳南,0.01
403-154,丈六ミクリ広場,ｼﾞｮｳﾛｸﾐｸﾘﾋﾛﾊﾞ,広場,東区丈六９７－３,原池,東,登美丘東,0.02
403-155,鳳北町キクモ広場,ｵｵﾄﾘｷﾀﾏﾁｷｸﾓﾋﾛﾊﾞ,広場,西区鳳北町２丁８０－２３,大浜,西,鳳,0.01
403-156,片蔵ヤマザクラ広場,ｶﾀｸﾗﾔﾏｻﾞｸﾗﾋﾛﾊﾞ,広場,南区片蔵１４４９－３８０,泉ヶ丘,南,上神谷,0.01
403-157,福田ミズニラ広場,ﾌｸﾀﾞﾐｽﾞﾆﾗﾋﾛﾊﾞ,広場,中区福田７０４－１９,原池,中,福田,0.03
403-158,陶器北ミズワラビ広場,ﾄｳｷｷﾀﾐｽﾞﾜﾗﾋﾞﾋﾛﾊﾞ,幼児,中区陶器北５－４,原池,中,福田,0.05
403-159,陶器北ミズドクサ広場,ﾄｳｷｷﾀﾐｽﾞﾄﾞｸｻﾋﾛﾊﾞ,広場,中区深井畑山町４３４－４,原池,中,福田,0.01
403-160,伏尾シロヤナギ広場,ﾌｾｵｼﾛﾔﾅｷﾞﾋﾛﾊﾞ,広場,中区伏尾７６０－１２,原池,中,久世,0.01
403-161,上ひよこ広場,ｶﾐﾋﾖｺﾋﾛﾊﾞ,広場,西区上４１－３８,大浜,西,福泉上,0.02
403-162,深井中町ヒメガマ広場,ﾌｶｲﾅｶﾏﾁﾋﾒｶﾞﾏﾋﾛﾊﾞ,広場,中区深井中町４８８－１７,原池,中,深井,0.01
403-163,菱木ヒメビシ広場,ﾋｼｷﾋﾒﾋﾞｼﾋﾛﾊﾞ,広場,西区菱木２丁２１２７－２０,大浜,西,福泉,0.02
403-164,平井バード広場,ﾋﾗｲﾊﾞｰﾄﾞﾋﾛﾊﾞ,広場,中区平井５６３－９,原池,中,久世,0.02
403-165,檜尾ヒメシロネ広場,ﾋﾉｵﾋﾒｼﾛﾈﾋﾛﾊﾞ,広場,南区檜尾１４２８－２１,泉ヶ丘,南,美木多,0.03
403-166,八田北町ハンゲショウ広場,ﾊﾝﾀﾞｷﾀﾁｮｳﾊﾝｹﾞｼｮｳﾋﾛﾊﾞ,広場,中区八田北町５－２８,原池,中,八田荘,0.01
403-167,草部スギナモ広場,ｸｻﾍﾞｽｷﾞﾅﾓﾋﾛﾊﾞ,広場,西区草部４５１－８,大浜,西,福泉,0.02
403-168,福田オニバス広場,ﾌｸﾀﾞｵﾆﾊﾞｽﾋﾛﾊﾞ,広場,中区福田１１３５－１９,原池,中,福田,0.01
403-169,大野芝町ヤマボウシ広場,ｵｵﾉｼﾊﾞﾁｮｳﾔﾏﾎﾞｳｼﾋﾛﾊﾞ,広場,中区大野芝町３５－２９,原池,中,東百舌鳥,0.01
403-170,原田エメラルド広場,ﾊﾗﾀﾞｴﾒﾗﾙﾄﾞﾋﾛﾊﾞ,広場,西区原田２９６－２,大浜,西,福泉,0.02
403-171,平井ライラック広場,ﾋﾗｲﾗｲﾗｯｸﾋﾛﾊﾞ,広場,中区平井２８－１９,原池,中,久世,0.03
403-172,福田ミズオトギリ広場,ﾌｸﾀﾞﾐｽﾞｵﾄｷﾞﾘﾋﾛﾊﾞ,広場,中区福田７４５-６,原池,中,福田,0.02
403-173,新家町シマトネリコ広場,ｼﾝｹﾁｮｳｼﾏﾄﾈﾘｺﾋﾛﾊﾞ,広場,中区新家町５００－４,原池,中,東百舌鳥,0.01
403-174,上野芝町マツモ広場,ｳｴﾉｼﾊﾞﾁｮｳﾏﾂﾓﾋﾛﾊﾞ,広場,西区上野芝町４丁５８７－２３,大仙,西,上野芝,0.01
403-175,逆瀬川シラカシ広場,ｻｶｾｶﾞﾜｼﾗｶｼﾋﾛﾊﾞ,広場,南区逆瀬川９３７－７,泉ヶ丘,南,上神谷,0.02
403-176,平井ありんこ広場,ﾋﾗｲｱﾘﾝｺﾋﾛﾊﾞ,広場,中区平井５２４－１２,原池,中,久世,0.02
403-177,浜寺南町ビーバー広場,ﾊﾏﾃﾞﾗﾐﾅﾐﾏﾁﾋﾞｰﾊﾞｰﾋﾛﾊﾞ,広場,西区浜寺南町２丁１１８－２７,大浜,西,浜寺昭和,0.01
403-178,原田ブルーヘブン広場,ﾊﾗﾀﾞﾌﾞﾙｰﾍﾌﾞﾝﾋﾛﾊﾞ,広場,西区原田５６－２１,大浜,西,福泉,0.01
403-179,湊駅前公園,ﾐﾅﾄｴｷﾏｴｺｳｴﾝ,広場,堺区出島町２丁１４３－２,大浜,堺,新湊,0.02
403-180,三木閉タヌキラン広場,ﾐｷﾄｼﾞﾀﾇｷﾗﾝﾋﾛﾊﾞ,広場,南区三木閉１５１－３,泉ヶ丘,南,福泉中央,0.02
403-181,辻之キショウブ広場,ﾂｼﾞﾉｷｼｮｳﾌﾞﾋﾛﾊﾞ,広場,中区辻之１３３－３,原池,中,西陶器,0.03
403-182,野々井アカメヤナギ広場,ﾉﾉｲｱｶﾒﾔﾅｷﾞﾋﾛﾊﾞ,広場,南区野々井１２８－２１,泉ヶ丘,南,福泉中央,0.03
403-183,草部リーフゲート広場,ｸｻﾍﾞﾘｰﾌｹﾞｰﾄﾋﾛﾊﾞ,広場,西区草部１５６４－７,大浜,西,福泉,0.02
403-184,草部ホウキギク広場,ｸｻﾍﾞﾎｳｷｷﾞｸﾋﾛﾊﾞ,広場,西区草部６８５－６,大浜,西,福泉上,0.01
403-185,深井沢町オトメソウ広場,ﾌｶｲｻﾜﾏﾁｵﾄﾒｿｳﾋﾛﾊﾞ,広場,中区深井沢町２７８－９,原池,中,東深井,0.01
403-186,深井畑山町ミズナ広場,ﾌｶｲﾊﾀﾔﾏﾁｮｳﾐｽﾞﾅﾋﾛﾊﾞ,広場,中区深井畑山町２５０７－７０,原池,中,東深井,0.03
403-187,浜寺石津町西コムギ広場,ﾊﾏﾃﾞﾗｲｼﾂﾞﾁｮｳﾆｼｺﾑｷﾞﾋﾛﾊﾞ,広場,西区浜寺石津町西４丁２０４－２１６,大浜,西,浜寺石津,0.03
403-188,石津町モクレン広場,ｲｼﾂﾞﾁｮｳﾓｸﾚﾝﾋﾛﾊﾞ,広場,堺区石津町１丁１－３４,大浜,堺,神石,0.01
403-189,百舌鳥梅北町フォーシーズン広場,ﾓｽﾞｳﾒｷﾀﾁｮｳﾌｫｰｼｰｽﾞﾝﾋﾛﾊﾞ,広場,北区百舌鳥梅北町４丁２２２－３１,大浜,北,百舌鳥,0.01
403-190,田園フッキソウ広場,ﾀｿﾞﾉﾌｯｷｿｳﾋﾛﾊﾞ,広場,中区田園９８２－４,原池,中,西陶器,0.03
403-191,東山アオイ広場,ﾋｶﾞｼﾔﾏｱｵｲﾋﾛﾊﾞ,広場,中区東山５９５－５,原池,中,久世,0.03
403-192,草部エリカ広場,ｸｻﾍﾞｴﾘｶﾋﾛﾊﾞ,広場,西区草部１５７９－２,大浜,西,福泉,0.01
403-193,神野町カムカム広場,ｺｳﾉﾁｮｳｶﾑｶﾑﾋﾛﾊﾞ,広場,西区神野町１丁９１５－３,大浜,西,上野芝,0.01
403-194,日置荘西町グリーングラス広場,ﾋｷｼｮｳﾆｼﾏﾁｸﾞﾘｰﾝｸﾞﾗｽﾋﾛﾊﾞ,広場,東区日置荘西町２丁１４９－３,原池,東,日置荘,0.01
403-195,日置荘西町グリーンコリドー広場,ﾋｷｼｮｳﾆｼﾏﾁｸﾞﾘｰﾝｺﾘﾄﾞｰﾋﾛﾊﾞ,広場,東区日置荘西町２丁５１－６,原池,東,日置荘,0.01
403-196,菱木ナノハナ広場,ﾋｼｷﾅﾉﾊﾅﾋﾛﾊﾞ,広場,西区菱木２丁２１７２－２４,大浜,西,福泉,0.02
403-197,白鷺町キンモクセイ広場,ｼﾗｻｷﾞﾁｮｳｷﾝﾓｸｾｲﾋﾛﾊﾞ,広場,東区白鷺町１丁１０７４－１３,原池,東,白鷺,0.03
403-198,南野田ビオラ広場,ﾐﾅﾐﾉﾀﾞﾋﾞｵﾗﾋﾛﾊﾞ,広場,東区南野田６２－４,原池,東,野田,0.03
403-199,上野芝町ミズキ広場,ｳｴﾉｼﾊﾞﾁｮｳﾐｽﾞｷﾋﾛﾊﾞ,広場,西区上野芝町７丁４９１－４５,大浜,西,上野芝,0.02
403-200,東上野芝町パンジー広場,ﾋｶﾞｼｳｴﾉｼﾊﾞﾁｮｳﾊﾟﾝｼﾞｰﾋﾛﾊﾞ,広場,北区東上野芝町２丁４１４－１８,大浜,北,西百舌鳥,0.01
403-201,野遠町アイビー広場,ﾉﾄｵﾁｮｳｱｲﾋﾞｰﾋﾛﾊﾞ,広場,北区野遠町５０３－９,大浜,北,北八下,0.03
403-202,野遠町ルピナス広場,ﾉﾄｵﾁｮｳﾙﾋﾟﾅｽﾋﾛﾊﾞ,広場,北区野遠町６７－４,大浜,北,北八下,0.02
403-203,菱木ハイビスカス広場,ﾋｼｷﾊｲﾋﾞｽｶｽﾋﾛﾊﾞ,広場,西区菱木３丁２５３２－７,大浜,西,福泉,0.02
403-204,檜尾コスモス広場,ﾋﾉｵｺｽﾓｽﾋﾛﾊﾞ,広場,南区檜尾５７５－８,泉ヶ丘,南,美木多,0.03
403-205,南野田ハッピー広場,ﾐﾅﾐﾉﾀﾞﾊｯﾋﾟｰﾋﾛﾊﾞ,広場,東区南野田５０－３,原池,東,野田,0.01
403-206,南野田ハニー広場,ﾐﾅﾐﾉﾀﾞﾊﾆｰﾋﾛﾊﾞ,広場,東区南野田８３－５,原池,東,野田,0.02
403-207,菩提ルミナント広場,ﾎﾞﾀﾞｲﾙﾐﾅﾝﾄﾋﾛﾊﾞ,広場,東区菩提町２丁４９－３２,原池,東,南八下,0.03
403-208,土師町アイ広場,ﾊｾﾞﾁｮｳｱｲﾋﾛﾊﾞ,広場,中区土師町２丁３６１－１２,原池,中,土師,0.01
403-209,美木多上モモ広場,ﾐｷﾀｶﾐﾓﾓﾋﾛﾊﾞ,広場,南区美木多上１７３－１６,泉ヶ丘,南,美木多,0.02
403-210,北花田口町ヒメユズリハ広場,ｷﾀﾊﾅﾀﾞｸﾞﾁﾁｮｳﾋﾒﾕｽﾞﾘﾊﾋﾛﾊﾞ,広場,堺区北花田口町１丁４４－８,大浜,堺,熊野,0.01
403-211,戎島町ヤマモモ広場,ｴﾋﾞｽｼﾞﾏﾁｮｳﾔﾏﾓﾓﾋﾛﾊﾞ,広場,堺区戎島町２丁６２－１０,大浜,堺,市,0.02
403-212,南島町リキュウバイ広場,ﾐﾅﾐｼﾞﾏﾁｮｳﾘｷｭｳﾊﾞｲﾋﾛﾊﾞ,広場,堺区南島町１丁３６－１４,大浜,堺,三宝,0.03
403-213,田出井町ソヨゴ広場,ﾀﾃﾞｲﾁｮｳｿﾖｺﾞﾋﾛﾊﾞ,広場,堺区田出井町６９８番１７４,大浜,堺,三国丘,0.03
403-216,稲葉レモンバーム広場,ｲﾅﾊﾞﾚﾓﾝﾊﾞｰﾑﾋﾛﾊﾞ,広場,南区稲葉３丁３１５－２７,泉ヶ丘,南,福泉中央,0.02
403-217,田出井町スクエア広場,ﾀﾃﾞｲﾁｮｳｽｸｴｱﾋﾛﾊﾞ,広場,堺区田出井町698番194,大浜,堺,三国丘,0.01
403-218,浜寺船尾町西やすらぎ広場,ﾊﾏﾃﾞﾗﾌﾅｵﾁｮｳﾆｼﾔｽﾗｷﾞﾋﾛﾊﾞ,広場,西区浜寺船尾町西３丁３５６－４７,大浜,西,浜寺東,0.02
403-219,浜寺船尾町西すこやか広場,ﾊﾏﾃﾞﾗﾌﾅｵﾁｮｳﾆｼｽｺﾔｶﾞﾋﾛﾊﾞ,広場,西区浜寺船尾町西２丁７９－４４,大浜,西,浜寺東,0.02
404-001,大浜中町まつむしそう公園,ｵｵﾊﾏﾅｶﾏﾁﾏﾂﾑｼｿｳｺｳｴﾝ,街区,堺区大浜中町１丁１５－３,大浜,堺,英彰,0.11
404-002,北庄町わすれなぐさ公園,ｷﾀｼｮｳﾁｮｳﾜｽﾚﾅｸﾞｻｺｳｴﾝ,街区,堺区北庄町１丁２９－３,大浜,堺,錦綾,0.16
404-003,柏木町おじぎそう公園,ｶｼﾜｷﾞﾁｮｳｵｼﾞｷﾞｿｳｺｳｴﾝ,街区,堺区柏木町２丁１２－３,大浜,堺,新湊,0.14
404-004,大仙中町ともえそう公園,ﾀﾞｲｾﾝﾅｶﾏﾁﾄﾓｴｿｳｺｳｴﾝ,幼児,堺区大仙中町７６－２,大浜,堺,大仙,0.06
404-005,浜寺石津町東やまるりそう公園,ﾊﾏﾃﾞﾗｲｼﾂﾞﾁｮｳﾋｶﾞｼﾔﾏﾙﾘｿｳｺｳｴﾝ,幼児,西区浜寺石津町東４丁３３６－７,大浜,西,浜寺石津,0.07
404-006,柏木町いちやくそう公園,ｶｼﾜｷﾞﾁｮｳｲﾁﾔｸｿｳｺｳｴﾝ,街区,堺区柏木町２丁１２－７,大浜,堺,新湊,0.17
404-007,日置荘西町いそぎく公園,ﾋｷｼｮｳﾆｼﾏﾁｲｿｷﾞｸｺｳｴﾝ,幼児,東区日置荘西町３丁２０７－５,原池,東,日置荘,0.09
404-008,錦綾町とうだいぐさ公園,ｷﾝﾘｮｳﾁｮｳﾄｳﾀﾞｲｸﾞｻｺｳｴﾝ,幼児,堺区錦綾町１丁１４－４,大浜,堺,錦綾,0.06
404-009,西野ななみのき公園,ﾆｼﾉﾅﾅﾐﾉｷｺｳｴﾝ,幼児,東区西野３２０－３８,原池,東,登美丘南,0.06
404-010,中茶屋おしろいばな公園,ﾅｶﾁｬﾔｵｼﾛｲﾊﾞﾅｺｴﾝ,幼児,東区中茶屋７７－１４,原池,東,登美丘西,0.06
404-011,下田町たかさごそう公園,ｼﾓﾀﾞﾁｮｳﾀｶｻｺﾞｿｳｺｳｴﾝ,幼児,西区下田町１０３６－４,大浜,西,津久野,0.08
404-012,東上野芝町いわつめくさ公園,ﾋｶﾞｼｳｴﾉｼﾊﾞﾁｮｳｲﾜﾂﾒｸｻｺｳｴﾝ,幼児,北区東上野芝町２丁４６８－５,大浜,北,西百舌鳥,0.09
404-013,深井清水町ひめしゃが公園,ﾌｶｲｼﾐｽﾞﾁｮｳﾋﾒｼｬｶﾞｺｳｴﾝ,幼児,中区深井清水町１４２１－８,原池,中,深井,0.06
404-014,楢葉しらいとそう公園,ﾅﾗﾊﾞｼﾗｲﾄｿｳｺｳｴﾝ,街区,中区楢葉１７０－６,原池,中,久世,0.24
404-016,深井北町いわうめ公園,ﾌｶｲｷﾀﾏﾁｲﾜｳﾒｺｳｴﾝ,街区,中区深井北町１５４４－１４,原池,中,深井,0.15
404-017,八田北町なみきそう公園,ﾊﾝﾀﾞｷﾀﾁｮｳﾅﾐｷｿｳｺｳｴﾝ,街区,中区八田北町６１４－４,原池,中,八田荘,0.11
404-018,日置荘西町きぶねぎく公園,ﾋｷｼｮｳﾆｼﾏﾁｷﾌﾞﾈｷﾞｸｺｳｴﾝ,街区,東区日置荘西町３丁２１４－６,原池,東,日置荘,0.11
404-019,福田みずあおい公園,ﾌｸﾀﾞﾐｽﾞｱｵｲｺｳｴﾝ,広場,中区福田５７１－４,原池,中,福田,0.02
404-020,福田いわざくら公園,ﾌｸﾀﾞｲﾜｻﾞｸﾗｺｳｴﾝ,幼児,中区福田１０４０－７,原池,中,福田,0.04
404-021,新金岡町おだまき公園,ｼﾝｶﾅｵｶﾁｮｳｵﾀﾞﾏｷｺｳｴﾝ,幼児,北区新金岡町２丁５－４８,大浜,北,新金岡,0.07
404-023,堀上町さわぎきょう公園,ﾎﾘｱｹﾞﾁｮｳｻﾜｷﾞｷｮｳｺｳｴﾝ,街区,中区堀上町１４７－６,原池,中,八田荘,0.11
404-024,常磐町いわぎく公園,ﾄｷﾜﾁｮｳｲﾜｷﾞｸｺｳｴﾝ,街区,北区常磐町１丁１－６,大浜,北,東浅香山,0.22
404-025,海山町みやこあざみ公園,ｶｲｻﾝﾁｮｳﾐﾔｺｱｻﾞﾐｺｳｴﾝ,街区,堺区海山町２丁１１６－２,大浜,堺,三宝,0.23
404-026,浜寺南町しこくすみれ広場,ﾊﾏﾃﾞﾗﾐﾅﾐﾏﾁｼｺｸｽﾐﾚﾋﾛﾊﾞ,広場,西区浜寺南町２丁１３８－４,大浜,西,浜寺昭和,0.03
404-027,百舌鳥梅町しゅんらん公園,ﾓｽﾞｳﾒﾏﾁｼｭﾝﾗﾝｺｳｴﾝ,幼児,北区百舌鳥梅町３丁１３－２６,大浜,北,中百舌鳥,0.08
404-028,関茶屋ひめゆり公園,ｾｷﾁｬﾔﾋﾒﾕﾘｺｳｴﾝ,幼児,東区関茶屋６８－６,原池,東,登美丘西,0.03
405-001,蔵前町らんたな公園,ｸﾗﾏｴﾁｮｳﾗﾝﾀﾅｺｳｴﾝ,広場,北区蔵前町３丁１２１９－２,大浜,北,五箇荘東,0.03
405-002,北花田町いわなし公園,ｷﾀﾊﾅﾀﾞﾁｮｳｲﾜﾅｼｺｳｴﾝ,幼児,北区北花田町２丁１８８－１１,大浜,北,五箇荘東,0.04
405-004,大野芝町いわちどり公園,ｵｵﾉｼﾊﾞﾁｮｳｲﾜﾁﾄﾞﾘｺｳｴﾝ,幼児,中区大野芝町１８６－５,原池,中,東百舌鳥,0.06
405-005,高松れいじんそう公園,ﾀｶﾏﾂﾚｲｼﾞﾝｿｳｺｳｴﾝ,幼児,東区高松２３６－３,原池,東,登美丘東,0.03
405-006,向陵西町みこしぎく公園,ｺｳﾘｮｳﾆｼﾏﾁﾐｺｼｷﾞｸｺｳｴﾝ,幼児,堺区向陵西町１丁１４－４,大浜,堺,榎,0.06
405-007,三宝町むさしあぶみ公園,ｻﾝﾎﾞｳﾁｮｳﾑｻｼｱﾌﾞﾐｺｳｴﾝ,幼児,堺区三宝町６丁３１２－５,大浜,堺,三宝,0.06
406-001,百舌鳥陵南町わたすげ広場,ﾓｽﾞﾘｮｳﾅﾝﾁｮｳﾜﾀｽｹﾞﾋﾛﾊﾞ,広場,北区百舌鳥陵南町３丁３７７－６,大浜,北,百舌鳥,0.01
406-002,小阪ひめすみれ広場,ｺｻｶﾋﾒｽﾐﾚﾋﾛﾊﾞ,広場,中区小阪１８０－６,原池,中,久世,0.01
406-003,鳳東町こがねぎく広場,ｵｵﾄﾘﾋｶﾞｼﾏﾁｺｶﾞﾈｷﾞｸﾋﾛﾊﾞ,広場,西区鳳東町６丁６７６－３,大浜,西,鳳,0.01
406-004,東山にっこうきすげ広場,ﾋｶﾞｼﾔﾏﾆｯｺｳｷｽｹﾞﾋﾛﾊﾞ,広場,中区東山９５－３,原池,中,久世,0.01
406-005,向陵中町いわべんけい広場,ｺｳﾘｮｳﾅｶﾏﾁｲﾜﾍﾞﾝｹｲﾋﾛﾊﾞ,広場,堺区向陵中町１丁４５－２,大浜,堺,榎,0.01
406-006,浜寺石津町西はまぜり広場,ﾊﾏﾃﾞﾗｲｼﾂﾞﾁｮｳﾆｼﾊﾏｾﾞﾘﾋﾛﾊﾞ,広場,西区浜寺石津町西２丁３７３－５,大浜,西,浜寺石津,0.02
406-007,堀上町みやまりんどう広場,ﾎﾘｱｹﾞﾁｮｳﾐﾔﾏﾘﾝﾄﾞｳﾋﾛﾊﾞ,広場,中区堀上町２１７－１１,原池,中,八田荘,0.02
406-008,金岡町いわいちょう広場,ｶﾅｵｶﾁｮｳｲﾜｲﾁｮｳﾋﾛﾊﾞ,広場,北区金岡町２０３７－３,大浜,北,金岡南,0.02
406-009,堀上町いちょうらん広場,ﾎﾘｱｹﾞﾁｮｳｲﾁｮｳﾗﾝﾋﾛﾊﾞ,広場,中区堀上町２２９－３,原池,中,八田荘,0.01
406-010,鳳東町くがいそう広場,ｵｵﾄﾘﾋｶﾞｼﾏﾁｸｶﾞｲｿｳﾋﾛﾊﾞ,広場,西区鳳東町７丁７８９－１１,大浜,西,鳳南,0.03
406-011,上かんさいたんぽぽ広場,ｶﾐｶﾝｻｲﾀﾝﾎﾟﾎﾟﾋﾛﾊﾞ,広場,西区上４８０－４,大浜,西,福泉上,0.01
406-012,福田しまかんぎく広場,ﾌｸﾀﾞｼﾏｶﾝｷﾞｸﾋﾛﾊﾞ,広場,中区福田１０９７－１１,原池,中,福田,0.01
406-013,土師町ほていらん広場,ﾊｾﾞﾁｮｳﾎﾃｲﾗﾝﾋﾛﾊﾞ,広場,中区土師町２丁１－３,原池,中,土師,0.01
406-014,浜寺石津町中はまだいこん広場,ﾊﾏﾃﾞﾗｲｼﾂﾞﾁｮｳﾅｶﾊﾏﾀﾞｲｺﾝﾋﾛﾊﾞ,広場,西区浜寺石津町中１丁３４７－５,大浜,西,浜寺石津,0.03
406-015,深井清水町やまひよどり広場,ﾌｶｲｼﾐｽﾞﾁｮｳﾔﾏﾋﾖﾄﾞﾘﾋﾛﾊﾞ,広場,中区深井清水町２０７３－３,原池,中,深井,0.01
406-016,陶器北のこぎりそう広場,ﾄｳｷｷﾀﾉｺｷﾞﾘｿｳﾋﾛﾊﾞ,広場,中区陶器北１８８２－２,原池,中,東陶器,0.01
406-017,浜寺石津町中ふたばらん広場,ﾊﾏﾃﾞﾗｲｼﾂﾞﾁｮｳﾅｶﾌﾀﾊﾞﾗﾝﾋﾛﾊﾞ,広場,西区浜寺石津町中３丁２２０－１２,大浜,西,浜寺石津,0.03
406-018,深阪南みぞほおずき広場,ﾌｶｻｶﾐﾅﾐﾐｿﾞﾎｵｽﾞｷﾋﾛﾊﾞ,広場,南区深阪南１７１－２,泉ヶ丘,南,竹城台東,0.02
406-019,百舌鳥赤畑町ちがや広場,ﾓｽﾞｱｶﾊﾀﾁｮｳﾁｶﾞﾔﾋﾛﾊﾞ,広場,北区百舌鳥赤畑町３丁２００－５,大浜,北,百舌鳥,0.02
406-020,深井清水町ゆきわりこざくら広場,ﾌｶｲｼﾐｽﾞﾁｮｳﾕｷﾜﾘｺｻﾞｸﾗﾋﾛﾊﾞ,広場,中区深井清水町１３４７－８,原池,中,東深井,0.01
406-021,北花田町しらやまぎく広場,ｷﾀﾊﾅﾀﾞﾁｮｳｼﾗﾔﾏｷﾞｸﾋﾛﾊﾞ,広場,北区北花田町４丁１０７－１７,大浜,北,五箇荘東,0.01
406-022,鳳東町すいらん広場,ｵｵﾄﾘﾋｶﾞｼﾏﾁｽｲﾗﾝﾋﾛﾊﾞ,広場,西区鳳東町７丁７９７－９,大浜,西,鳳南,0.02
407-001,南野田ひめやぶらん公園,ﾐﾅﾐﾉﾀﾞﾋﾒﾔﾌﾞﾗﾝｺｳｴﾝ,幼児,東区南野田２２－４,原池,東,野田,0.02
407-002,大野芝町くまつづら公園,ｵｵﾉｼﾊﾞﾁｮｳｸﾏﾂﾂﾞﾗｺｳｴﾝ,幼児,中区大野芝町９６－１２,原池,中,東百舌鳥,0.01
407-003,日置荘西町オレンジ公園,ﾋｷｼｮｳﾆｼﾏﾁｵﾚﾝｼﾞｺｳｴﾝ,幼児,東区日置荘西町７丁８５７－３,原池,東,日置荘西,0.02
407-004,上野芝町トマト公園,ｳｴﾉｼﾊﾞﾁｮｳﾄﾏﾄｺｳｴﾝ,幼児,西区上野芝町５丁５１６－１１,大浜,西,上野芝,0.01
407-005,日置荘西町メロン公園,ﾋｷｼｮｳﾆｼﾏﾁﾒﾛﾝｺｳｴﾝ,幼児,東区日置荘西町７丁８２８－１０,原池,東,日置荘西,0.02
407-006,東上野芝町マスカット公園,ﾋｶﾞｼｳｴﾉｼﾊﾞﾁｮｳﾏｽｶｯﾄｺｳｴﾝ,街区,北区東上野芝町２丁５００－９,大浜,北,西百舌鳥,0.07
407-007,福田たちあおい公園,ﾌｸﾀﾞﾀﾁｱｵｲｺｳｴﾝ,街区,中区福田１０７１－４,原池,中,東陶器,0.03
407-008,原山台ペア公園,ﾊﾗﾔﾏﾀﾞｲﾍﾟｱｺｳｴﾝ,幼児,南区原山台５丁４５６－１８２,泉ヶ丘,南,原山台東,0.01
407-009,上野芝町バナナ公園,ｳｴﾉｼﾊﾞﾁｮｳﾊﾞﾅﾅｺｳｴﾝ,幼児,西区上野芝町３丁６９５－４,大浜,西,上野芝,0.02
407-010,上キャロット公園,ｶﾐｷｬﾛｯﾄｺｳｴﾝ,街区,西区上６７０－１５,大浜,西,福泉上,0.03
407-011,深井畑山町パイン公園,ﾌｶｲﾊﾀﾔﾏﾁｮｳﾊﾟｲﾝｺｳｴﾝ,幼児,中区深井畑山町２５００－３,原池,中,東深井,0.03
407-012,新堀町パンプキン公園,ｼﾝﾎﾞﾘﾁｮｳﾊﾟﾝﾌﾟｷﾝｺｳｴﾝ,街区,北区新堀町１丁３９－１０,大浜,北,五箇荘,0.04
407-013,鳳東町レタス公園,ｵｵﾄﾘﾋｶﾞｼﾏﾁﾚﾀｽｺｳｴﾝ,幼児,西区鳳東町６丁６５６－４,大浜,西,鳳,0.02
407-014,鳳北町ライム公園,ｵｵﾄﾘｷﾀﾏﾁﾗｲﾑｺｳｴﾝ,幼児,西区鳳北町９丁５２０－２,大浜,西,浜寺東,0.02
407-015,三宝町かりん公園,ｻﾝﾎﾞｳﾁｮｳｶﾘﾝｺｳｴﾝ,幼児,堺区三宝町２丁１０５－８,大浜,堺,三宝,0.01
407-016,鳳南町ブルーベリー公園,ｵｵﾄﾘﾐﾅﾐﾏﾁﾌﾞﾙｰﾍﾞﾘｰｺｳｴﾝ,幼児,西区鳳南町３丁３０１－１２,大浜,西,鳳南,0.02
407-017,鳳東町パセリ公園,ｵｵﾄﾘﾋｶﾞｼﾏﾁﾊﾟｾﾘｺｳｴﾝ,幼児,西区鳳東町６丁６３５－２,大浜,西,鳳,0.01
407-018,長曽根町ラズベリー公園,ﾅｶﾞｿﾈﾁｮｳﾗｽﾞﾍﾞﾘｰｺｳｴﾝ,幼児,北区長曽根町１９３６－２,大浜,北,東三国丘,0.03
407-019,百舌鳥本町すだち公園,ﾓｽﾞﾎﾝﾏﾁｽﾀﾞﾁｺｳｴﾝ,街区,北区百舌鳥本町３丁５３８－７４,大浜,北,西百舌鳥,0.03
407-020,上野芝町フルーツ公園,ｳｴﾉｼﾊﾞﾁｮｳﾌﾙｰﾂｺｳｴﾝ,幼児,西区上野芝町２丁８８８－３８,大浜,西,上野芝,0.02
407-021,大浜北町ベイ公園,ｵｵﾊﾏｷﾀﾏﾁﾍﾞｲｺｳｴﾝ,幼児,堺区大浜北町２丁８３－３,大浜,堺,英彰,0.01
407-022,常磐町ベルガモット公園,ﾄｷﾜﾁｮｳﾍﾞﾙｶﾞﾓｯﾄｺｳｴﾝ,街区,北区常磐町１丁１７－８５,大浜,北,東浅香山,0.03
407-023,中百舌鳥町オレガノ公園,ﾅｶﾓｽﾞﾁｮｳｵﾚｶﾞﾉｺｳｴﾝ,幼児,北区中百舌鳥町３丁３３０－２,大浜,北,中百舌鳥,0.02
407-024,中百舌鳥町マジョラム公園,ﾅｶﾓｽﾞﾁｮｳﾏｼﾞｮﾗﾑｺｳｴﾝ,幼児,北区中百舌鳥町３丁３４５－４,大浜,北,中百舌鳥,0.01
407-025,鳳北町ジュンサイ公園,ｵｵﾄﾘｷﾀﾏﾁｼﾞｭﾝｻｲｺｳｴﾝ,幼児,西区鳳北町２丁８０－４６,大浜,西,鳳,0.02
407-026,鳳南町ツボスミレ公園,ｵｵﾄﾘﾐﾅﾐﾏﾁﾂﾎﾞｽﾐﾚｺｳｴﾝ,幼児,西区鳳南町５丁４８６－１,大浜,西,鳳南,0.03
407-027,新堀町ゆりのき公園,ｼﾝﾎﾞﾘﾁｮｳﾕﾘﾉｷｺｳｴﾝ,幼児,北区新堀町１丁３２－４,大浜,北,五箇荘,0.03
407-031,浜寺ロドレイア公園,ﾊﾏﾃﾞﾗﾛﾄﾞﾚｲｱｺｳｴﾝ,幼児,西区浜寺諏訪森町西３丁222番26,大浜,西,浜寺,0.01
408-001,舟渡池公園,ﾌﾅﾄｲｹｺｳｴﾝ,総合,美原区阿弥１３１－１,原池,美原,黒山,1.97
408-002,大池公園,ｵｵｲｹｺｳｴﾝ,近隣,美原区小寺１２－１,原池,美原,八上,2.25
408-003,さつき野公園,ｻﾂｷﾉｺｳｴﾝ,近隣,美原区さつき野西２丁目３－１,原池,美原,さつき野,1.90
408-004,東多治井公園,ﾋｶﾞｼﾀｼﾞｲｺｳｴﾝ,街区,美原区小平尾８３５－１０,原池,美原,平尾,0.86
408-005,美原ふる里公園,ﾐﾊﾗﾌﾙｻﾄｺｳｴﾝ,歴史,美原区大保２７,原池,美原,美原北,0.91
408-006,さつき野緑地,ｻﾂｷﾉﾘｮｸﾁ,都市緑地,美原区さつき野西３丁目２１,原池,美原,さつき野,6.21
408-007,平尾緑地,ﾋﾗｵﾘｮｸﾁ,都市緑地,美原区平尾２３５３－５,原池,美原,平尾,0.03
408-008,大保緑地,ﾀﾞｲﾎﾘｮｸﾁ,都市緑地,美原区真福寺１４３－７,原池,美原,美原北,0.01
408-009,花余部の道,ﾊﾅｱﾏﾍﾞﾉﾐﾁ,緑道,美原区南余部９－６,原池,美原,美原西,0.47
408-010,丹上１号緑道,ﾀﾝｼﾞｮｳｲﾁｺﾞｳﾘｮｸﾄﾞｳ,緑道,美原区丹上５９７,原池,美原,美原北,0.01
408-011,東除川緑道,ﾋｶﾞｼﾖｹｶﾞﾜﾘｮｸﾄﾞｳ,緑道,美原区小平尾７５５－４,原池,美原,平尾,0.32
408-012,西除川緑道,ﾆｼﾖｹｶﾞﾜﾘｮｸﾄﾞｳ,緑道,美原区南余部１１－２,原池,美原,黒山,0.20
408-013,かいづか公園,ｶｲﾂﾞｶｺｳｴﾝ,街区,美原区さつき野西１丁目１１－１０,原池,美原,さつき野,0.11
408-014,さざんか公園,ｻｻﾞﾝｶｺｳｴﾝ,街区,美原区さつき野西１丁目１４－７,原池,美原,さつき野,0.12
408-015,太井１号公園,ﾀｲ1ｺﾞｳｺｳｴﾝ,広場,美原区太井５４９－２,原池,美原,美原西,0.03
408-016,北余部１号公園,ｷﾀｱﾏﾍﾞ1ｺﾞｳｺｳｴﾝ,広場,美原区北余部西３丁目１６３－１０,原池,美原,美原西,0.02
408-017,北余部２号公園,ｷﾀｱﾏﾍﾞ2ｺﾞｳｺｳｴﾝ,広場,美原区北余部８－９,原池,美原,美原西,0.01
408-018,平尾１号公園,ﾋﾗｵ1ｺﾞｳｺｳｴﾝ,広場,美原区平尾２６４８－５３,原池,美原,平尾,0.02
408-019,菅生１号公園,ｽｺﾞｳ1ｺﾞｳｺｳｴﾝ,広場,美原区青南台１丁目１１９７－６０２,原池,美原,平尾,0.03
408-020,阿弥１号公園,ｱﾐ1ｺﾞｳｺｳｴﾝ,広場,美原区阿弥４９５－４,原池,美原,黒山,0.00
408-021,城岸寺公園,ｼﾞｮｳｶﾞﾝｼﾞｺｳｴﾝ,街区,美原区大饗１５９－３,原池,美原,八上,0.19
408-022,駕籠池公園,ｶｺﾞｲｹｺｳｴﾝ,街区,美原区菅生１００８－１,原池,美原,平尾,0.10
408-023,つばき公園,ﾂﾊﾞｷｺｳｴﾝ,街区,美原区さつき野東２丁目１１－１９,原池,美原,さつき野,0.23
408-024,上池公園,ｼﾞｮｳｲｹｺｳｴﾝ,街区,美原区平尾２４７０－１,原池,美原,平尾,0.18
408-025,南余部公園,ﾐﾅﾐｱﾏﾍﾞｺｳｴﾝ,幼児,美原区南余部１５８－３,原池,美原,黒山,0.07
408-026,菅生２号公園,ｽｺﾞｳ2ｺﾞｳｺｳｴﾝ,広場,美原区青南台１丁目１１９７－５０２,原池,美原,平尾,0.02
408-027,菅生３号公園,ｽｺﾞｳ3ｺﾞｳｺｳｴﾝ,広場,美原区青南台１丁目１１９７－６８０,原池,美原,平尾,0.03
408-028,菅生４号公園,ｽｺﾞｳ4ｺﾞｳｺｳｴﾝ,広場,美原区青南台１丁目１１９７－６５８,原池,美原,平尾,0.00
408-029,大保１号公園,ﾀﾞｲﾎｲﾁｺﾞｳｺｳｴﾝ,広場,美原区大保５１－２６,原池,美原,美原北,0.01
408-030,平尾２号公園,ﾋﾗｵ2ｺﾞｳｺｳｴﾝ,広場,美原区平尾２０９８－１２,原池,美原,平尾,0.01
408-031,さくら公園,ｻｸﾗｺｳｴﾝ,街区,美原区さつき野西３丁目１０－１,原池,美原,さつき野,0.16
408-032,ばら公園,ﾊﾞﾗｺｳｴﾝ,街区,美原区さつき野東３丁目１２－２０,原池,美原,さつき野,0.29
408-033,菅生公園,ｽｺﾞｳｺｳｴﾝ,街区,美原区菅生３７４,原池,美原,平尾,0.40
408-034,木材通１号公園,ﾓｸｻﾞｲﾄﾞｵﾘｲﾁｺﾞｳｺｳｴﾝ,幼児,美原区木材通１丁目６８８－１７２,原池,美原,平尾,0.05
408-035,阿弥公園,ｱﾐｺｳｴﾝ,幼児,美原区阿弥５５－２,原池,美原,黒山,0.07
408-036,丹上１号公園,ﾀﾝｼﾞｮｳｲﾁｺﾞｳｺｳｴﾝ,幼児,美原区丹上５９５,原池,美原,美原北,0.06
408-037,多治井１号公園,ﾀｼﾞｲ1ｺﾞｳｺｳｴﾝ,広場,美原区多治井６７３－１７,原池,美原,美原北,0.01
408-038,丹上公園,ﾀﾝｼﾞｮｳｺｳｴﾝ,幼児,美原区丹上３７９－１３,原池,美原,美原北,0.10
408-039,八上公園,ﾔｶﾞﾐｺｳｴﾝ,街区,美原区北余部２２９,原池,美原,美原西,0.21
408-040,北余部公園,ｷﾀｱﾏﾍﾞｺｳｴﾝ,街区,美原区北余部６６１,原池,美原,美原西,0.26
408-041,大保２号公園,ﾀﾞｲﾎﾆｺﾞｳｺｳｴﾝ,広場,美原区大保５２－６,原池,美原,美原北,0.01
408-042,北余部３号公園,ｷﾀｱﾏﾍﾞ3ｺﾞｳｺｳｴﾝ,広場,美原区北余部５１６－５,原池,美原,美原西,0.01
408-043,今井１号公園,ｲﾏｲｲﾁｺﾞｳｺｳｴﾝ,広場,美原区今井４１５－５１,原池,美原,美原北,0.03
408-044,ひめばち公園,ﾋﾒﾊﾞﾁｺｳｴﾝ,広場,美原区大饗３７３－２８,原池,美原,八上,0.01
408-045,太井２号公園,ﾀｲ2ｺﾞｳｺｳｴﾝ,広場,美原区太井６８４－２３,原池,美原,美原西,0.01
408-046,北余部４号公園,ｷﾀｱﾏﾍﾞ4ｺﾞｳｺｳｴﾝ,広場,美原区北余部２２４－１０,原池,美原,美原西,0.01
408-047,さつき野北公園,ｻﾂｷﾉｷﾀｺｳｴﾝ,街区,美原区小平尾１０５９－２０,原池,美原,さつき野,0.19
408-048,北余部５号公園,ｷﾀｱﾏﾍﾞ5ｺﾞｳｺｳｴﾝ,広場,美原区北余部５３８－７,原池,美原,美原西,0.01
408-049,阿弥２号公園,ｱﾐ2ｺﾞｳｺｳｴﾝ,広場,美原区阿弥２１２－４６,原池,美原,黒山,0.02
408-050,青南台公園,ｾｲﾅﾝﾀﾞｲｺｳｴﾝ,街区,美原区青南台１丁目１１８８－３,原池,美原,平尾,0.15
408-051,丹上東公園,ﾀﾝｼﾞｮｳﾋｶﾞｼｺｳｴﾝ,街区,美原区丹上３１３－２,原池,美原,美原北,0.11
408-052,南余部東公園,ﾐﾅﾐｱﾏﾍﾞﾋｶﾞｼｺｳｴﾝ,広場,美原区南余部７６－２,原池,美原,黒山,0.02
408-053,小寺つつじ公園,ｺﾃﾞﾗﾂﾂｼﾞｺｳｴﾝ,広場,美原区小寺４２９－４,原池,美原,八上,0.02
408-054,多治井２号公園,ﾀｼﾞｲ2ｺﾞｳｺｳｴﾝ,広場,美原区多治井１０７－９,原池,美原,美原北,0.02
408-055,太井３号公園,ﾀｲ3ｺﾞｳｺｳｴﾝ,広場,美原区太井６３０－７,原池,美原,美原西,0.02
408-056,大饗１号公園,ｵﾜｲｲﾁｺﾞｳｺｳｴﾝ,広場,美原区大饗１７,原池,美原,八上,0.01
408-057,平尾西公園,ﾋﾗｵﾆｼｺｳｴﾝ,街区,美原区平尾３１３－１,原池,美原,黒山,0.10
408-058,多治井３号公園,ﾀｼﾞｲ3ｺﾞｳｺｳｴﾝ,街区,美原区多治井２３２－１０,原池,美原,美原北,0.19
408-059,北余部６号公園,ｷﾀｱﾏﾍﾞ6ｺﾞｳｺｳｴﾝ,広場,美原区北余部２６７－１２,原池,美原,美原西,0.03
408-060,太井４号公園,ﾀｲ4ｺﾞｳｺｳｴﾝ,広場,美原区太井６２７－２,原池,美原,美原西,0.02
408-061,真福寺緑地,ｼﾝﾌﾟｸｼﾞﾘｮｸﾁ,都市緑地,美原区真福寺９８－１の一部,原池,美原,美原北,0.01
408-064,菩提ちびっこ公園,ﾎﾞﾀﾞｲﾁﾋﾞｯｺｺｳｴﾝ,幼児,美原区菩提７９８－１,原池,美原,八上,0.06
408-065,真福寺ちびっこ公園,ｼﾝﾌﾟｸｼﾞﾁﾋﾞｯｺｺｳｴﾝ,幼児,美原区真福寺３３２－１,原池,美原,美原北,0.05
408-066,多治井南ちびっこ公園,ﾀｼﾞｲﾐﾅﾐﾁﾋﾞｯｺｺｳｴﾝ,幼児,美原区多治井８７８－５,原池,美原,美原北,0.05
408-067,太井ちびっこ公園,ﾀｲﾁﾋﾞｯｺｺｳｴﾝ,幼児,美原区太井１５１－１,原池,美原,美原西,0.09
408-068,下黒山ちびっこ公園,ｼﾓｸﾛﾔﾏﾁﾋﾞｯｺｺｳｴﾝ,幼児,美原区黒山２０４－２,原池,美原,黒山,0.04
408-069,上黒山ちびっこ公園,ｶﾐｸﾛﾔﾏﾁﾋﾞｯｺｺｳｴﾝ,幼児,美原区黒山４３７－４,原池,美原,黒山,0.06
408-070,北余部ちびっこ公園,ｷﾀｱﾏﾍﾞﾁﾋﾞｯｺｺｳｴﾝ,広場,美原区北余部６９－３,原池,美原,美原西,0.01
408-072,平尾北ちびっこ公園,ﾋﾗｵｷﾀﾁﾋﾞｯｺｺｳｴﾝ,幼児,美原区平尾２７８０,原池,美原,平尾,0.07
408-073,平尾中ちびっこ公園,ﾋﾗｵﾅｶﾁﾋﾞｯｺｺｳｴﾝ,広場,美原区平尾２６２６－１,原池,美原,平尾,0.03
408-074,平尾南ちびっこ公園,ﾋﾗｵﾐﾅﾐﾁﾋﾞｯｺｺｳｴﾝ,幼児,美原区平尾２５３５－１,原池,美原,平尾,0.03
408-075,菅生新田ちびっこ公園,ｽｺﾞｳｼﾝﾃﾞﾝﾁﾋﾞｯｺｺｳｴﾝ,広場,美原区菅生１０７９－１,原池,美原,平尾,0.02
408-076,木材団地ちびっこ公園,ﾓｸｻﾞｲﾀﾞﾝﾁﾁﾋﾞｯｺｺｳｴﾝ,幼児,美原区青南台２丁目１１９７－１１２,原池,美原,平尾,0.08
408-077,美原西ふれあい公園,ﾐﾊﾗﾆｼﾌﾚｱｲｺｳｴﾝ,街区,美原区北余部２９－１,原池,美原,八上,0.48
408-078,南余部マンドレーク広場,ﾐﾅﾐｱﾏﾍﾞﾏﾝﾄﾞﾚｰｸﾋﾛﾊﾞ,広場,美原区南余部３０７－１０,原池,美原,八上,0.02
408-079,阿弥ノハナショウブ広場,ｱﾐﾉﾊﾅｼｮｳﾌﾞﾋﾛﾊﾞ,広場,美原区阿弥２５５－６,原池,美原,黒山,0.01
408-080,小平尾公園,ｺﾋﾞﾗｵｺｳｴﾝ,幼児,美原区小平尾２３３－４,原池,美原,平尾,0.07
408-081,多治井４号公園,ﾀｼﾞｲ4ｺﾞｳｺｳｴﾝ,幼児,美原区多治井２３２－１１５,原池,美原,美原北,0.07
408-082,小寺公園,ｺﾃﾞﾗｺｳｴﾝ,街区,美原区小寺３８６－１,原池,美原,八上,0.14
408-083,阿弥ヨシ広場,ｱﾐﾖｼﾋﾛﾊﾞ,広場,美原区阿弥２８２－８,原池,美原,黒山,0.02
408-084,南余部西公園,ﾐﾅﾐｱﾏﾍﾞﾆｼｺｳｴﾝ,街区,美原区南余部２９７－７,原池,美原,黒山,0.31
408-085,今井西除川緑道,ｲﾏｲﾆｼﾖｹｶﾞﾜﾘｮｸﾄﾞｳ,緑道,美原区今井１８９－２,原池,美原,美原北,0.46
408-086,南余部クレソン広場,ﾐﾅﾐｱﾏﾍﾞｸﾚｿﾝﾋﾛﾊﾞ,広場,美原区南余部２８１－５,原池,美原,黒山,0.01
408-087,南余部アイアシ広場,ﾐﾅﾐｱﾏﾍﾞｱｲｱｼﾋﾛﾊﾞ,広場,美原区南余部２５９－２２,原池,美原,黒山,0.01
408-088,小平尾カモノハシ公園,ｺﾋﾞﾗｵｶﾓﾉﾊｼｺｳｴﾝ,幼児,美原区小平尾５８４－４,原池,美原,平尾,0.05
408-089,今井ソレイユ広場,ｲﾏｲｿﾚｲﾕﾋﾛﾊﾞ,広場,美原区今井２７１－４,原池,美原,美原北,0.02
408-090,小平尾ウメ広場,ｺﾋﾞﾗｵｳﾒﾋﾛﾊﾞ,広場,美原区小平尾１０５１－２６,原池,美原,平尾,0.01
408-091,小平尾ヒラド広場,ｺﾋﾞﾗｵﾋﾗﾄﾞﾋﾛﾊﾞ,広場,美原区小平尾１０７０－８,原池,美原,平尾,0.01
408-092,西除川公園,ﾆｼﾖｹｶﾞﾜｺｳｴﾝ,街区,美原区今井495,原池,美原,美原北,0.24
408-093,平尾南公園,ﾋﾗｵﾐﾅﾐｺｳｴﾝ,街区,美原区平尾２０３３番の１,原池,美原,平尾,0.37
408-094,大保モチノキ広場,ﾀﾞｲﾎﾓﾁﾉｷﾋﾛﾊﾞ,広場,美原区大保６８－３,原池,美原,美原北,0.02
408-095,黒山令和公園,ｸﾛﾔﾏﾚｲﾜｺｳｴﾝ,街区,美原区黒山742-1のうち　外,原池,美原,黒山,0.46
408-096,黒山蓮池公園,ｸﾛﾔﾏﾊｽｲｹｺｳｴﾝ,街区,美原区黒山４６０　外,原池,美原,黒山,0.28
408-097,阿弥なかよし広場,ｱﾐﾅｶﾖｼﾋﾛﾊﾞ,広場,美原区阿弥４０８－５,原池,美原,黒山,0.01
408-098,菩提公園,ﾎﾞﾀﾞｲｺｳｴﾝ,幼児,美原区大饗２５６番１,原池,美原,八上,0.06
